anio,reg,satisfaccion,anomalia
2019,Teruel,,0
2021,Las Palmas,1.0,0
2020,Badajoz,6.0,0
2019,Lleida,1.0,0
2022,Sevilla,5.0,0
2026,Lugo,6.0,0
2019,Ciudad Real,8.0,0
2020,La Rioja,2.0,0
2020,La Coruña,9.0,0
2019,Guadalajara,,0
2021,Murcia,9.0,0
2024,Lleida,10.0,0
2019,Burgos,10.0,0
2021,Lleida,6.0,0
2025,Almería,2.0,0
2022,Pontevedra,4.0,0
2026,Teruel,2.0,0
2021,Cuenca,,0
2025,Las Palmas,1.0,0
2019,León,1.0,0
2025,Murcia,,0
2025,Salamanca,10.0,0
2022,Girona,2.0,0
2025,Burgos,3.0,0
2025,Tarragona,,0
2025,Ciudad Real,1.0,0
2023,Sevilla,7.0,0
2020,Salamanca,,0
2019,Islas Baleares,4.0,0
2020,Melilla,2.0,0
2019,Guipúzcoa,7.0,0
2019,Huesca,,0
2021,León,,0
2023,Huesca,7.0,0
2022,Segovia,5.0,0
2023,Murcia,10.0,0
2021,Cuenca,10.0,0
2023,Zamora,,0
2024,Lugo,10.0,0
2023,Girona,4.0,0
2019,Ávila,3.0,0
2019,Almería,10.0,0
2019,Girona,4.0,0
2022,Teruel,10.0,0
2023,Cantabria,8.0,0
2023,Albacete,1.0,0
2021,Madrid,5.0,0
2020,Guipúzcoa,,0
2026,Melilla,7.0,0
2019,León,5.0,1
2025,Granada,8.0,0
2024,Cantabria,6.0,0
2025,Valladolid,8.0,0
2024,Toledo,9.0,0
2023,Girona,9.0,0
2021,Zamora,6.0,0
2019,Toledo,10.0,0
2024,Barcelona,,0
2019,Barcelona,4.0,0
2023,Pontevedra,4.0,0
2021,Cádiz,8.0,0
2021,Girona,3.0,0
2020,Vizcaya,5.0,0
2022,Vizcaya,,0
2025,Madrid,7.0,0
2024,Tarragona,8.0,0
2023,Barcelona,9.0,0
2019,Lleida,5.0,0
2024,Valencia,,0
2021,Málaga,8.0,0
2021,Vizcaya,7.0,0
2024,Salamanca,6.0,0
2025,Pontevedra,,0
2023,Salamanca,,0
2019,Ceuta,2.0,0
2024,Orense,5.0,0
2020,Lleida,,0
2022,Las Palmas,,0
2025,Sevilla,8.0,0
2025,Sevilla,4.0,0
2024,Guadalajara,10.0,0
2019,Melilla,3.0,0
2026,Jaén,7.0,0
2020,Melilla,2.0,0
2021,Girona,5.0,0
2026,Segovia,8.0,0
2022,Málaga,3.0,0
2023,Segovia,4.0,0
2021,Islas Baleares,,0
2024,Almería,4.0,0
2025,Ceuta,9.0,0
2020,Salamanca,3.0,0
2024,Murcia,10.0,0
2026,Girona,8.0,0
2019,Sevilla,8.0,0
2023,Valladolid,7.0,0
2024,Huelva,8.0,0
2019,Melilla,9.0,0
2020,Guadalajara,4.0,0
2024,Barcelona,10.0,1
2026,Huesca,10.0,0
2019,La Coruña,,0
2022,Almería,8.0,0
2023,León,5.0,0
2023,Zamora,,0
2023,Murcia,1.0,0
2024,Valencia,6.0,0
2025,Cuenca,7.0,0
2022,Sevilla,,0
2022,Cantabria,8.0,0
2025,Asturias,10.0,0
2024,Jaén,9.0,0
2025,Huelva,8.0,0
2022,Lleida,7.0,0
2022,Teruel,10.0,0
2022,La Rioja,7.0,0
2022,Jaén,,0
2024,Girona,9.0,0
2022,Melilla,4.0,0
2025,Melilla,10.0,0
2024,Santa Cruz de Tenerife,1.0,0
2023,Granada,2.0,0
2021,Murcia,6.0,0
2022,Guadalajara,1.0,0
2019,Navarra,2.0,0
2023,Orense,3.0,0
2019,Tarragona,,0
2024,Jaén,6.0,0
2026,Huesca,3.0,0
2024,Alicante,9.0,0
2019,Huesca,7.0,0
2023,Melilla,,0
2021,Guadalajara,3.0,0
2022,Granada,3.0,0
2020,Jaén,,0
2024,Burgos,4.0,0
2019,Girona,5.0,0
2024,Cantabria,2.0,0
2022,Cantabria,,0
2020,Jaén,2.0,0
2023,Asturias,9.0,0
2025,Navarra,,0
2021,Sevilla,2.0,0
2020,Huesca,,0
2025,Sevilla,5.0,0
2023,Lleida,10.0,0
2022,Palencia,5.0,0
2020,Cuenca,4.0,0
2024,La Rioja,1.0,0
2024,León,,1
2025,Murcia,10.0,0
2020,Palencia,7.0,0
2019,Navarra,3.0,0
2025,Salamanca,10.0,0
2019,Guipúzcoa,10.0,0
2019,Zaragoza,,0
2020,Las Palmas,8.0,0
2019,Navarra,9.0,0
2022,Guipúzcoa,8.0,0
2022,La Coruña,5.0,0
2019,Ciudad Real,5.0,0
2025,Sevilla,8.0,0
2020,Soria,1.0,0
2020,Alicante,5.0,0
2019,Orense,4.0,0
2022,Álava,4.0,0
2026,Tarragona,4.0,0
2023,Salamanca,1.0,0
2024,Toledo,4.0,0
2024,Toledo,10.0,0
2019,Lleida,,0
2024,Málaga,8.0,0
2023,Valladolid,4.0,0
2019,Asturias,3.0,0
2026,Ávila,,0
2024,Lugo,4.0,0
2020,Melilla,2.0,0
2019,Lleida,1.0,0
2022,Cuenca,5.0,0
2025,Soria,7.0,0
2023,Girona,7.0,0
2020,Ávila,4.0,0
2023,Valladolid,6.0,0
2019,Cuenca,5.0,0
2024,Lugo,6.0,0
2019,Salamanca,,0
2025,Girona,,0
2020,Navarra,7.0,0
2026,Murcia,10.0,0
2026,Álava,5.0,0
2023,Castellón,2.0,0
2023,Soria,9.0,0
2026,Soria,1.0,0
2025,Orense,,0
2020,Pontevedra,3.0,0
2019,Huesca,8.0,0
2022,La Coruña,2.0,0
2020,Badajoz,5.0,0
2019,Las Palmas,2.0,0
2022,Valladolid,3.0,1
2022,Las Palmas,4.0,0
2024,La Rioja,6.0,0
2023,Madrid,5.0,0
2026,Jaén,9.0,0
2025,Lleida,,0
2021,Santa Cruz de Tenerife,7.0,0
2023,Islas Baleares,7.0,0
2022,Murcia,10.0,0
2020,Ávila,8.0,0
2024,Huelva,2.0,0
2022,Palencia,8.0,0
2023,Albacete,1.0,0
2021,Cantabria,5.0,0
2024,Islas Baleares,,0
2022,Barcelona,7.0,0
2025,Toledo,3.0,0
2024,Santa Cruz de Tenerife,7.0,0
2023,Ceuta,9.0,0
2024,Santa Cruz de Tenerife,8.0,0
2023,Islas Baleares,4.0,0
2025,Santa Cruz de Tenerife,5.0,0
2020,Teruel,5.0,0
2020,Zamora,5.0,0
2023,La Rioja,6.0,0
2020,La Rioja,6.0,0
2022,Alicante,,0
2023,Soria,,0
2019,Valladolid,1.0,0
2019,Álava,8.0,0
2023,Burgos,,0
2025,Vizcaya,4.0,0
2020,León,2.0,0
2025,Santa Cruz de Tenerife,4.0,0
2020,Álava,10.0,0
2025,Asturias,,0
2023,Sevilla,9.0,0
2020,Teruel,4.0,0
2019,Guipúzcoa,1.0,0
2022,Valladolid,5.0,0
2021,Málaga,2.0,0
2020,Alicante,3.0,0
2019,Granada,,0
2019,Lugo,,0
2023,Cuenca,4.0,0
2025,Orense,,0
2022,Almería,,0
2024,Badajoz,1.0,0
2020,Toledo,2.0,0
2020,Huelva,4.0,0
2024,Santa Cruz de Tenerife,6.0,1
2019,Girona,8.0,0
2020,Burgos,2.0,0
2021,Melilla,,0
2019,Albacete,3.0,0
2024,Soria,8.0,0
2022,Cuenca,8.0,0
2025,Santa Cruz de Tenerife,,0
2024,Cuenca,4.0,0
2023,Melilla,6.0,0
2025,Málaga,4.0,0
2024,Huesca,,0
2020,La Rioja,3.0,0
2023,Ceuta,7.0,0
2022,La Rioja,10.0,0
2025,Cuenca,2.0,0
2026,Toledo,1.0,0
2023,Orense,10.0,0
2021,Guadalajara,2.0,0
2023,Segovia,3.0,0
2023,Las Palmas,1.0,0
2025,Ávila,,0
2020,Ceuta,5.0,0
2025,Lleida,4.0,0
2025,Ávila,10.0,0
2019,Cuenca,1.0,0
2024,Ciudad Real,7.0,0
2026,Ávila,5.0,0
2019,Salamanca,5.0,0
2022,Santa Cruz de Tenerife,3.0,0
2023,Vizcaya,,0
2022,Córdoba,6.0,0
2023,Vizcaya,9.0,0
2019,Pontevedra,4.0,0
2021,Granada,2.0,0
2021,Salamanca,5.0,0
2020,Zaragoza,5.0,0
2024,Santa Cruz de Tenerife,5.0,0
2026,Girona,10.0,0
2020,Guadalajara,,0
2026,Guipúzcoa,1.0,0
2025,Soria,7.0,0
2019,Sevilla,3.0,0
2025,Valladolid,4.0,0
2022,Lugo,10.0,0
2025,Navarra,3.0,0
2021,Valencia,3.0,0
2019,Pontevedra,,0
2023,Orense,9.0,0
2019,Badajoz,2.0,0
2022,Huesca,3.0,1
2023,Valladolid,,0
2026,Segovia,1.0,0
2020,Madrid,2.0,0
2022,Barcelona,10.0,0
2021,Alicante,1.0,0
2019,Asturias,5.0,0
2019,Melilla,,0
2019,Islas Baleares,2.0,0
2022,Lleida,3.0,0
2019,Teruel,6.0,0
2020,Asturias,9.0,0
2025,Badajoz,7.0,0
2025,Girona,6.0,0
2022,Santa Cruz de Tenerife,10.0,0
2024,Albacete,,0
2020,Jaén,10.0,0
2026,Córdoba,5.0,0
2023,Badajoz,,0
2023,Badajoz,,0
2024,Palencia,3.0,0
2020,Huelva,4.0,0
2022,Santa Cruz de Tenerife,9.0,0
2021,Valencia,6.0,0
2022,Guadalajara,,0
2019,Guadalajara,5.0,0
2025,Teruel,5.0,0
2019,Palencia,8.0,0
2026,Lleida,9.0,0
2019,Salamanca,3.0,0
2022,Islas Baleares,3.0,0
2024,Islas Baleares,5.0,0
2025,Cuenca,2.0,0
2025,Murcia,4.0,0
2019,Sevilla,7.0,0
2021,Lugo,,0
2021,Sevilla,,0
2024,Toledo,,0
2022,Santa Cruz de Tenerife,3.0,0
2025,Jaén,,0
2025,Ciudad Real,,0
2021,Girona,2.0,0
2019,Huesca,,0
2021,Guipúzcoa,6.0,0
2020,León,6.0,0
2024,Badajoz,3.0,0
2021,Sevilla,10.0,0
2019,La Rioja,,0
2020,Girona,3.0,0
2025,Córdoba,4.0,0
2023,Huelva,3.0,1
2023,Navarra,8.0,0
2019,Soria,,0
2020,Madrid,7.0,0
2019,Pontevedra,3.0,0
2023,Madrid,10.0,0
2025,Lugo,2.0,0
2024,Segovia,2.0,0
2020,Toledo,7.0,0
2025,Girona,7.0,0
2019,Ciudad Real,,0
2025,Jaén,9.0,0
2023,Vizcaya,3.0,0
2024,Cádiz,8.0,0
2023,Santa Cruz de Tenerife,9.0,0
2025,Castellón,9.0,0
2021,Cádiz,7.0,0
2021,Salamanca,4.0,0
2023,Palencia,2.0,0
2021,Zamora,1.0,0
2021,Melilla,1.0,0
2021,Asturias,10.0,0
2021,Ciudad Real,6.0,0
2020,Álava,8.0,0
2025,La Rioja,,0
2024,Lugo,1.0,0
2021,Cantabria,10.0,0
2021,Jaén,,0
2025,Palencia,,0
2020,Girona,10.0,0
2020,Lleida,6.0,0
2021,Castellón,9.0,0
2024,Cáceres,10.0,0
2019,Soria,5.0,0
2023,Burgos,7.0,0
2019,Zamora,2.0,0
2023,Sevilla,1.0,0
2023,Lleida,8.0,0
2026,Melilla,5.0,0
2019,Álava,,0
2022,Palencia,,0
2023,Cuenca,7.0,0
2019,Segovia,6.0,0
2019,Valencia,,0
2021,Jaén,,0
2020,Madrid,1.0,0
2021,Lugo,5.0,0
2020,Castellón,4.0,0
2022,Ceuta,8.0,0
2020,Teruel,3.0,0
2020,Zamora,3.0,1
2019,Castellón,8.0,0
2025,Santa Cruz de Tenerife,9.0,0
2021,Valladolid,,0
2025,Barcelona,,0
2021,Alicante,10.0,0
2023,Lleida,7.0,0
2019,Asturias,,0
2023,Sevilla,2.0,0
2025,Cádiz,3.0,0
2025,Las Palmas,9.0,0
2025,Valladolid,,0
2022,Albacete,10.0,0
2019,Salamanca,2.0,0
2025,Cantabria,5.0,0
2025,Islas Baleares,4.0,0
2025,Huelva,3.0,0
2023,Cáceres,1.0,0
2021,Zamora,,0
2025,Huelva,6.0,0
2022,Segovia,4.0,0
2023,Segovia,2.0,0
2024,Ciudad Real,3.0,0
2019,Castellón,1.0,0
2022,Córdoba,8.0,0
2024,Valencia,5.0,0
2023,Sevilla,1.0,0
2023,Tarragona,10.0,0
2021,Santa Cruz de Tenerife,,0
2025,Burgos,6.0,0
2024,Zamora,5.0,0
2021,Segovia,10.0,0
2019,Murcia,8.0,0
2020,Granada,2.0,0
2023,Zaragoza,7.0,0
2025,Cuenca,1.0,0
2023,Cádiz,9.0,0
2024,Zaragoza,1.0,0
2025,Valencia,,0
2023,Cádiz,,0
2022,Las Palmas,3.0,0
2020,Lugo,10.0,0
2021,Santa Cruz de Tenerife,9.0,0
2021,Alicante,5.0,0
2019,Segovia,1.0,0
2022,Lleida,,0
2022,Segovia,9.0,0
2024,Navarra,9.0,0
2024,Castellón,2.0,0
2021,Melilla,5.0,0
2022,Huesca,,1
2024,Sevilla,7.0,0
2019,Pontevedra,5.0,0
2022,Santa Cruz de Tenerife,5.0,0
2024,Navarra,1.0,0
2020,Huesca,3.0,0
2020,Valencia,10.0,0
2022,Vizcaya,4.0,0
2021,Tarragona,,0
2025,Granada,2.0,0
2022,Badajoz,3.0,0
2025,Valencia,,0
2024,Madrid,10.0,0
2023,Lugo,6.0,0
2020,Badajoz,2.0,0
2024,Cuenca,,0
2025,Toledo,10.0,0
2020,Cantabria,10.0,0
2023,Ciudad Real,3.0,0
2022,Guipúzcoa,10.0,0
2024,Almería,,0
2019,Huelva,4.0,0
2024,Lleida,3.0,0
2019,Burgos,10.0,0
2025,La Coruña,1.0,0
2021,Alicante,2.0,0
2024,Ávila,9.0,0
2022,Lugo,5.0,0
2019,Cádiz,,0
2020,Granada,10.0,0
2026,Málaga,2.0,0
2025,Cuenca,6.0,0
2021,Guipúzcoa,7.0,0
2020,Teruel,,0
2022,Girona,10.0,0
2024,Lleida,,0
2024,Alicante,,0
2021,La Coruña,8.0,0
2019,Zaragoza,5.0,0
2023,Cantabria,4.0,0
2020,Ciudad Real,,0
2025,Sevilla,6.0,0
2025,Orense,8.0,0
2025,Sevilla,6.0,0
2024,Tarragona,6.0,0
2026,Valladolid,,0
2022,Huesca,9.0,0
2025,Málaga,,0
2020,Lugo,2.0,0
2025,Huelva,,0
2021,Cáceres,10.0,1
2020,Álava,7.0,0
2024,Lleida,1.0,0
2024,Cuenca,10.0,0
2025,Granada,8.0,0
2020,León,8.0,0
2019,Asturias,7.0,0
2022,Vizcaya,2.0,0
2024,Cantabria,4.0,0
2022,Almería,8.0,0
2022,Segovia,2.0,0
2024,Granada,7.0,0
2025,Valladolid,2.0,0
2021,Burgos,2.0,0
2022,Albacete,7.0,0
2023,Navarra,10.0,0
2021,Almería,1.0,0
2020,Barcelona,4.0,0
2021,Lleida,8.0,0
2024,Castellón,3.0,0
2019,Málaga,1.0,0
2025,Albacete,,0
2024,Ceuta,9.0,0
2023,Cádiz,5.0,0
2019,Cádiz,3.0,0
2020,Jaén,6.0,0
2020,Barcelona,8.0,0
2020,Guadalajara,2.0,0
2019,Lleida,,0
2026,Ávila,8.0,0
2025,Jaén,6.0,0
2023,Melilla,7.0,0
2023,Navarra,2.0,0
2026,Zamora,5.0,0
2019,Córdoba,8.0,0
2022,Albacete,2.0,0
2023,Toledo,1.0,0
2020,Islas Baleares,6.0,0
2022,Santa Cruz de Tenerife,5.0,0
2023,Navarra,3.0,0
2020,Girona,2.0,0
2019,Santa Cruz de Tenerife,6.0,0
2022,Toledo,2.0,0
2020,Alicante,9.0,0
2024,Álava,4.0,0
2022,Salamanca,10.0,0
2025,Ciudad Real,9.0,0
2020,Lleida,7.0,0
2021,Barcelona,9.0,0
2019,Santa Cruz de Tenerife,5.0,0
2023,Álava,2.0,0
2023,Castellón,7.0,0
2023,Salamanca,10.0,0
2024,Girona,3.0,0
2019,Santa Cruz de Tenerife,2.0,0
2024,Málaga,9.0,0
2019,Lleida,,0
2022,Málaga,9.0,0
2024,La Coruña,,0
2020,Zamora,6.0,0
2019,Ávila,1.0,0
2019,Albacete,7.0,0
2022,Huesca,,0
2023,Lleida,,0
2023,Salamanca,9.0,0
2021,Melilla,7.0,0
2026,Cantabria,9.0,0
2023,Cáceres,2.0,0
2023,Cuenca,,0
2022,Alicante,,0
2022,Almería,2.0,0
2023,Cuenca,9.0,0
2025,Zaragoza,4.0,0
2021,Las Palmas,6.0,0
2020,Ceuta,5.0,0
2025,Girona,2.0,0
2021,Ávila,3.0,0
2026,Santa Cruz de Tenerife,6.0,0
2020,Santa Cruz de Tenerife,3.0,0
2026,Huelva,3.0,0
2023,Cantabria,,0
2023,Segovia,,0
2020,Cáceres,2.0,0
2024,Córdoba,8.0,0
2023,Las Palmas,,0
2021,Lugo,,0
2023,Girona,,0
2021,Valencia,7.0,0
2023,Girona,8.0,0
2022,Burgos,5.0,0
2021,Zamora,,0
2021,León,9.0,0
2024,Guadalajara,10.0,0
2025,Las Palmas,6.0,0
2020,Cáceres,8.0,0
2022,Huelva,5.0,0
2019,Cuenca,3.0,0
2023,Vizcaya,2.0,0
2024,Pontevedra,10.0,0
2026,Teruel,9.0,0
2024,Teruel,10.0,0
2019,Lugo,9.0,0
2024,Valencia,8.0,0
2021,Girona,,0
2019,Vizcaya,10.0,0
2023,Barcelona,3.0,0
2023,Madrid,,0
2023,Castellón,,0
2026,Santa Cruz de Tenerife,9.0,0
2025,León,7.0,0
2020,Cádiz,4.0,0
2025,Las Palmas,5.0,0
2019,Málaga,4.0,0
2019,Santa Cruz de Tenerife,10.0,0
2025,Zaragoza,9.0,0
2020,Badajoz,3.0,0
2021,Zamora,6.0,0
2020,Cuenca,2.0,0
2023,Las Palmas,7.0,0
2024,Valencia,3.0,0
2023,Navarra,9.0,0
2022,Toledo,10.0,0
2026,Zaragoza,,0
2020,Navarra,,0
2025,Murcia,9.0,0
2019,Lugo,9.0,0
2021,Teruel,2.0,0
2025,Lleida,,0
2024,La Rioja,7.0,0
2024,Valencia,2.0,0
2024,Barcelona,5.0,0
2020,Málaga,7.0,0
2022,Álava,,0
2024,Lleida,8.0,0
2020,La Coruña,8.0,0
2026,Ceuta,2.0,0
2025,Barcelona,4.0,0
2025,Salamanca,3.0,0
2024,Orense,,0
2020,Huelva,2.0,0
2023,Castellón,9.0,0
2023,Las Palmas,4.0,0
2019,Ceuta,2.0,0
2024,Orense,,0
2025,Santa Cruz de Tenerife,4.0,0
2024,Asturias,3.0,0
2022,Teruel,6.0,0
2024,Santa Cruz de Tenerife,7.0,0
2024,Albacete,7.0,0
2023,Barcelona,4.0,0
2022,Guipúzcoa,1.0,0
2025,Barcelona,9.0,0
2025,Burgos,5.0,0
2019,Almería,9.0,0
2023,Lleida,,0
2025,Castellón,,0
2019,Huesca,6.0,0
2022,Zamora,,0
2019,Almería,7.0,0
2019,Segovia,10.0,0
2023,Soria,4.0,0
2019,Girona,8.0,0
2020,Murcia,3.0,0
2022,Tarragona,9.0,0
2023,Huesca,6.0,0
2025,Lugo,4.0,0
2024,Melilla,,0
2023,Cáceres,6.0,0
2019,Valladolid,4.0,0
2021,Ceuta,4.0,0
2023,Burgos,6.0,0
2023,Girona,5.0,0
2024,Ceuta,9.0,0
2024,Toledo,7.0,0
2025,La Rioja,10.0,0
2023,Lleida,,0
2022,Melilla,3.0,0
2021,Murcia,,0
2019,Guipúzcoa,9.0,0
2019,La Rioja,3.0,0
2021,Ceuta,6.0,0
2023,Albacete,5.0,0
2019,Teruel,1.0,0
2019,Santa Cruz de Tenerife,2.0,0
2021,Guipúzcoa,3.0,0
2025,Guadalajara,2.0,0
2023,Barcelona,2.0,0
2021,Madrid,10.0,0
2024,Santa Cruz de Tenerife,10.0,0
2024,Lugo,3.0,0
2021,Badajoz,3.0,0
2026,Málaga,2.0,0
2024,Murcia,,0
2024,La Rioja,,0
2022,Tarragona,5.0,0
2020,Vizcaya,1.0,0
2020,Teruel,9.0,0
2020,Almería,4.0,0
2019,Teruel,3.0,0
2019,Castellón,2.0,0
2020,Huelva,2.0,0
2022,Zaragoza,10.0,0
2020,Huesca,,0
2025,Murcia,2.0,0
2023,Guadalajara,1.0,0
2025,Ceuta,5.0,0
2021,Tarragona,9.0,0
2023,Sevilla,,0
2021,Cádiz,,0
2022,Jaén,7.0,0
2023,Girona,9.0,0
2021,Palencia,,0
2020,Málaga,6.0,0
2022,Cádiz,6.0,0
2024,Cuenca,1.0,0
2026,Girona,3.0,0
2020,Castellón,5.0,0
2024,Badajoz,7.0,0
2019,Navarra,,0
2020,Pontevedra,,0
2021,Sevilla,,0
2019,Teruel,1.0,0
2019,Santa Cruz de Tenerife,10.0,0
2023,La Rioja,6.0,0
2019,Santa Cruz de Tenerife,4.0,0
2025,Santa Cruz de Tenerife,6.0,0
2021,Islas Baleares,5.0,0
2020,Lleida,8.0,0
2021,Badajoz,6.0,0
2022,Tarragona,,0
2021,Soria,5.0,0
2020,Burgos,5.0,0
2025,Melilla,2.0,0
2025,Málaga,1.0,0
2022,Sevilla,7.0,0
2022,Zaragoza,3.0,0
2025,Zamora,5.0,0
2021,Melilla,10.0,0
2024,Vizcaya,,0
2020,Badajoz,2.0,0
2026,Cuenca,5.0,0
2020,La Coruña,,0
2020,Madrid,,0
2026,Asturias,9.0,0
2024,Valencia,,0
2021,Burgos,1.0,0
2020,Álava,9.0,0
2022,Navarra,2.0,0
2019,Burgos,10.0,0
2025,Lugo,3.0,0
2019,Soria,7.0,0
2025,Teruel,6.0,0
2022,Córdoba,,0
2022,Guadalajara,3.0,0
2023,Palencia,,0
2024,Almería,8.0,0
2022,Guipúzcoa,2.0,0
2019,Vizcaya,1.0,0
2023,Toledo,1.0,0
2024,Teruel,9.0,0
2020,Almería,,0
2022,Girona,5.0,0
2026,Islas Baleares,6.0,0
2022,Málaga,3.0,0
2024,Madrid,3.0,0
2022,Burgos,4.0,0
2022,Alicante,5.0,0
2024,Murcia,1.0,0
2022,León,8.0,0
2023,Granada,7.0,0
2020,Córdoba,,0
2020,La Coruña,4.0,0
2023,Guipúzcoa,6.0,0
2021,Tarragona,10.0,0
2021,Badajoz,6.0,0
2025,La Coruña,10.0,0
2025,Orense,4.0,0
2020,Zamora,2.0,0
2019,Cádiz,,0
2021,Cádiz,7.0,0
2022,Salamanca,9.0,0
2021,Alicante,5.0,0
2022,Soria,9.0,0
2020,Santa Cruz de Tenerife,,0
2025,Santa Cruz de Tenerife,4.0,0
2023,Jaén,8.0,0
2020,Albacete,10.0,0
2020,Badajoz,,0
2020,Granada,1.0,0
2020,Lleida,4.0,0
2021,Badajoz,1.0,0
2023,Teruel,4.0,0
2022,Ávila,,0
2025,Segovia,8.0,0
2021,Huelva,8.0,0
2020,Cantabria,8.0,0
2023,Palencia,9.0,0
2023,Toledo,,0
2019,Jaén,,0
2023,Barcelona,7.0,0
2020,Cáceres,1.0,0
2023,Toledo,8.0,0
2019,Santa Cruz de Tenerife,,0
2024,Granada,3.0,0
2023,Santa Cruz de Tenerife,7.0,0
2020,Badajoz,6.0,0
2022,Zamora,1.0,0
2019,Guipúzcoa,9.0,0
2023,Las Palmas,,0
2024,Ávila,3.0,0
2020,Jaén,10.0,0
2020,Palencia,3.0,0
2020,Asturias,5.0,0
2023,Girona,3.0,0
2024,Lleida,1.0,0
2021,Pontevedra,8.0,0
2022,Badajoz,7.0,0
2021,Málaga,1.0,0
2024,Zaragoza,8.0,0
2021,Ávila,5.0,0
2024,Ávila,,0
2023,Toledo,1.0,0
2025,Cáceres,,0
2020,Girona,10.0,0
2021,Santa Cruz de Tenerife,4.0,0
2025,Guipúzcoa,6.0,0
2025,Jaén,,0
2022,Ávila,7.0,0
2025,Tarragona,8.0,0
2020,Las Palmas,9.0,0
2026,Álava,,0
2024,Palencia,1.0,0
2025,La Rioja,2.0,0
2020,Lleida,,0
2019,Pontevedra,6.0,0
2026,Valladolid,3.0,0
2026,Cáceres,,0
2023,Las Palmas,7.0,0
2022,Tarragona,8.0,0
2025,Castellón,3.0,0
2023,Ávila,2.0,0
2025,Murcia,,0
2022,Guipúzcoa,8.0,0
2022,Pontevedra,1.0,0
2021,Islas Baleares,,0
2021,Jaén,,0
2022,Palencia,9.0,0
2025,Huelva,,0
2019,Santa Cruz de Tenerife,1.0,0
2026,Alicante,,0
2023,Ávila,,0
2024,Córdoba,,0
2023,Santa Cruz de Tenerife,1.0,0
2022,Granada,3.0,0
2020,Cuenca,8.0,0
2021,Tarragona,1.0,0
2021,Ciudad Real,9.0,0
2020,Castellón,3.0,0
2025,Cuenca,8.0,0
2024,León,9.0,0
2023,Valladolid,,0
2022,Cuenca,,0
2021,Segovia,,0
2022,Sevilla,2.0,0
2025,Huelva,8.0,0
2019,Asturias,8.0,0
2024,Pontevedra,3.0,0
2020,Orense,1.0,0
2022,Valladolid,3.0,0
2019,Castellón,9.0,0
2024,Salamanca,,0
2022,Guadalajara,3.0,0
2020,Melilla,,0
2025,Islas Baleares,,0
2024,León,,0
2021,Santa Cruz de Tenerife,6.0,0
2020,Guipúzcoa,8.0,0
2023,Murcia,7.0,0
2024,Segovia,3.0,0
2025,La Rioja,1.0,0
2022,Pontevedra,,0
2024,Burgos,1.0,0
2025,Barcelona,,0
2024,Madrid,10.0,0
2026,Cáceres,9.0,0
2024,Jaén,2.0,0
2023,La Coruña,,0
2026,Granada,9.0,0
2024,Soria,5.0,0
2019,Pontevedra,10.0,0
2025,Córdoba,8.0,0
2021,Asturias,,0
2019,Cantabria,10.0,0
2021,Castellón,4.0,0
2019,Jaén,6.0,0
2026,Murcia,3.0,0
2023,Ceuta,1.0,0
2022,Valencia,2.0,0
2021,Salamanca,,0
2021,Zamora,,0
2025,Ávila,2.0,0
2024,Albacete,7.0,0
2019,León,,0
2025,Cuenca,,0
2025,Asturias,,0
2022,Tarragona,9.0,0
2023,Guadalajara,9.0,0
2019,Ávila,9.0,0
2023,Zamora,1.0,0
2025,Girona,7.0,0
2021,Almería,1.0,0
2022,León,5.0,0
2024,Girona,4.0,0
2019,Guadalajara,,0
2022,Huelva,8.0,0
2019,Las Palmas,10.0,0
2019,Girona,3.0,0
2026,Teruel,,0
2019,Orense,2.0,0
2020,Lleida,3.0,0
2025,Guadalajara,,0
2025,Murcia,1.0,0
2020,Pontevedra,9.0,0
2025,Guadalajara,6.0,0
2022,Ávila,,0
2024,Santa Cruz de Tenerife,7.0,0
2020,Las Palmas,4.0,0
2024,Valencia,7.0,0
2020,Islas Baleares,5.0,0
2022,Las Palmas,3.0,0
2025,Teruel,9.0,0
2022,Pontevedra,3.0,0
2019,Huelva,,0
2024,Zamora,,0
2024,Melilla,1.0,0
2022,Guadalajara,8.0,0
2020,Valladolid,5.0,0
2024,Huelva,1.0,0
2025,Cáceres,4.0,0
2019,Segovia,5.0,0
2026,Guipúzcoa,7.0,0
2025,Las Palmas,2.0,0
2022,Zaragoza,4.0,0
2022,Girona,7.0,0
2019,Santa Cruz de Tenerife,10.0,0
2025,Santa Cruz de Tenerife,,0
2022,Castellón,4.0,0
2020,Álava,,0
2024,Sevilla,7.0,0
2020,Albacete,2.0,0
2023,Vizcaya,2.0,0
2026,Las Palmas,9.0,0
2023,Valencia,1.0,0
2021,Guipúzcoa,,0
2024,Navarra,5.0,0
2020,Álava,9.0,0
2026,Palencia,7.0,0
2019,Alicante,9.0,0
2025,Guadalajara,6.0,0
2020,Valencia,8.0,0
2022,Álava,,0
2019,Lugo,10.0,0
2022,Guadalajara,7.0,0
2025,Granada,,0
2025,Santa Cruz de Tenerife,1.0,0
2021,Huelva,8.0,0
2024,Palencia,6.0,0
2024,Sevilla,8.0,0
2021,Jaén,9.0,0
2021,Lleida,,0
2020,Alicante,,0
2021,Santa Cruz de Tenerife,9.0,0
2019,Girona,2.0,0
2026,Girona,6.0,0
2020,Tarragona,9.0,0
2021,Castellón,9.0,0
2022,Ávila,1.0,0
2019,Guipúzcoa,,0
2020,Lleida,,0
2023,Islas Baleares,10.0,0
2025,Ciudad Real,5.0,0
2021,Navarra,6.0,0
2023,Álava,2.0,0
2023,Lleida,7.0,0
2021,Guipúzcoa,,0
2022,Santa Cruz de Tenerife,,0
2019,Lugo,,0
2020,León,6.0,0
2020,Toledo,4.0,0
2020,Zaragoza,9.0,0
2024,Jaén,10.0,0
2023,Ciudad Real,3.0,0
2022,Girona,9.0,0
2024,La Rioja,,0
2024,Zaragoza,2.0,0
2024,Jaén,7.0,0
2019,Castellón,1.0,0
2024,Girona,1.0,0
2021,Guipúzcoa,1.0,0
2023,Valladolid,6.0,0
2025,Alicante,2.0,1
2026,Valladolid,10.0,0
2022,Zamora,1.0,0
2021,Ceuta,10.0,0
2026,Córdoba,10.0,0
2025,Álava,8.0,0
2024,Alicante,2.0,0
2024,Teruel,3.0,0
2025,Palencia,3.0,0
2020,Guadalajara,6.0,0
2023,Tarragona,4.0,0
2024,La Rioja,8.0,0
2020,Albacete,2.0,0
2023,Sevilla,,0
2026,Cantabria,,0
2019,Lleida,2.0,0
2022,Vizcaya,7.0,0
2023,Orense,1.0,0
2023,Soria,,0
2025,Cáceres,6.0,0
2019,Huesca,5.0,0
2025,Córdoba,5.0,0
2020,Cáceres,7.0,0
2021,Álava,9.0,0
2025,Huelva,9.0,0
2024,Guipúzcoa,2.0,0
2022,Córdoba,2.0,0
2024,Ávila,4.0,0
2021,Alicante,,0
2019,Salamanca,1.0,0
2026,Madrid,10.0,0
2025,Castellón,10.0,0
2026,Soria,5.0,0
2024,Álava,3.0,0
2023,Santa Cruz de Tenerife,4.0,0
2022,Ciudad Real,,0
2020,Santa Cruz de Tenerife,8.0,0
2022,Lleida,7.0,0
2019,Lugo,5.0,0
2023,Palencia,5.0,0
2021,Madrid,10.0,0
2019,Jaén,2.0,0
2023,Palencia,9.0,0
2021,Ceuta,4.0,0
2024,Girona,7.0,0
2024,León,8.0,0
2022,Orense,8.0,0
2021,Vizcaya,,0
2024,Segovia,7.0,0
2021,Islas Baleares,3.0,0
2024,Huelva,7.0,0
2021,Lleida,4.0,0
2024,Salamanca,10.0,0
2020,Islas Baleares,2.0,0
2023,Álava,2.0,0
2022,Toledo,,0
2026,Pontevedra,,0
2019,Segovia,,0
2020,Málaga,5.0,0
2019,Las Palmas,9.0,0
2020,Barcelona,9.0,0
2025,Huelva,10.0,0
2021,Valencia,,0
2021,Navarra,3.0,0
2019,Sevilla,1.0,0
2024,Lleida,8.0,0
2022,Zaragoza,5.0,0
2023,Lugo,3.0,0
2022,La Rioja,4.0,0
2022,Toledo,,0
2026,Granada,9.0,0
2024,Asturias,10.0,0
2019,Zamora,7.0,0
2021,Barcelona,,0
2022,Zaragoza,2.0,0
2025,Granada,,0
2025,Badajoz,4.0,0
2024,Lleida,5.0,0
2019,Salamanca,5.0,0
2024,Lleida,,0
2023,Soria,1.0,0
2026,Sevilla,1.0,0
2021,Ceuta,5.0,0
2020,Zaragoza,10.0,0
2021,La Rioja,7.0,0
2024,Cádiz,,0
2024,Castellón,7.0,0
2020,Girona,6.0,0
2023,Albacete,4.0,0
2021,Madrid,10.0,0
2021,Melilla,4.0,0
2023,Ceuta,9.0,0
2025,Santa Cruz de Tenerife,1.0,0
2023,Lleida,3.0,0
2022,Valencia,4.0,0
2022,Las Palmas,1.0,0
2019,Navarra,10.0,0
2021,Huesca,7.0,0
2023,Islas Baleares,3.0,0
2021,Lleida,,0
2025,Álava,10.0,0
2019,Orense,3.0,0
2025,Murcia,9.0,0
2020,Salamanca,,0
2025,Ceuta,,0
2020,Islas Baleares,,0
2026,Guadalajara,5.0,0
2023,Málaga,7.0,0
2022,Vizcaya,1.0,0
2023,Vizcaya,1.0,0
2020,Valencia,10.0,0
2023,Santa Cruz de Tenerife,6.0,0
2023,Tarragona,5.0,0
2026,La Coruña,1.0,0
2023,Asturias,8.0,0
2025,Guadalajara,2.0,0
2021,Madrid,7.0,0
2019,Lleida,6.0,0
2019,Castellón,,0
2019,Valladolid,,0
2024,Barcelona,10.0,0
2022,Álava,,0
2025,Orense,7.0,0
2025,Segovia,3.0,0
2023,La Coruña,7.0,0
2020,La Rioja,7.0,0
2024,Huelva,4.0,0
2025,Jaén,,0
2026,Almería,3.0,0
2024,La Coruña,7.0,0
2021,Zamora,10.0,0
2026,Almería,6.0,0
2020,Huelva,5.0,0
2025,Segovia,8.0,0
2022,Zamora,8.0,0
2019,Albacete,2.0,0
2019,Cáceres,2.0,0
2024,Castellón,3.0,0
2021,Granada,3.0,0
2025,La Coruña,6.0,0
2024,Valladolid,5.0,0
2024,Melilla,,0
2025,Vizcaya,,0
2024,Castellón,2.0,0
2021,Sevilla,8.0,0
2021,Lleida,,0
2021,Castellón,,0
2025,León,5.0,0
2020,Segovia,,0
2019,Pontevedra,8.0,0
2022,Salamanca,8.0,0
2023,Las Palmas,3.0,0
2019,Badajoz,,0
2019,Granada,8.0,0
2020,Valencia,,0
2024,Cádiz,2.0,0
2024,Jaén,7.0,0
2022,Palencia,3.0,0
2026,Albacete,3.0,0
2019,Lleida,6.0,0
2019,Islas Baleares,6.0,0
2022,Valladolid,5.0,0
2023,Guadalajara,,0
2020,Zamora,4.0,0
2024,Barcelona,3.0,0
2023,Huelva,10.0,0
2024,Cáceres,4.0,0
2023,Málaga,7.0,0
2025,Córdoba,,0
2021,Cáceres,7.0,0
2022,Palencia,4.0,0
2024,Murcia,,0
2026,Cádiz,6.0,0
2023,Soria,,0
2020,Lleida,1.0,0
2021,Ciudad Real,7.0,0
2024,Guadalajara,,0
2019,La Coruña,4.0,0
2023,Zaragoza,,0
2021,Ávila,5.0,0
2025,Asturias,,0
2024,Asturias,5.0,0
2022,Soria,8.0,0
2019,Santa Cruz de Tenerife,6.0,0
2025,Cantabria,5.0,0
2024,Burgos,9.0,0
2020,Huesca,4.0,0
2023,Navarra,9.0,0
2020,Palencia,6.0,0
2020,Valencia,2.0,0
2022,Sevilla,,0
2021,León,5.0,0
2023,Sevilla,6.0,0
2024,Islas Baleares,,0
2019,Valladolid,4.0,0
2024,Ciudad Real,10.0,0
2019,Toledo,2.0,0
2024,Guadalajara,2.0,0
2024,Cantabria,,0
2025,Badajoz,10.0,0
2023,Valencia,1.0,0
2025,Islas Baleares,3.0,0
2020,Orense,3.0,0
2020,Vizcaya,,0
2020,Cuenca,8.0,0
2020,Girona,3.0,0
2019,Zamora,7.0,0
2023,Tarragona,4.0,0
2020,Cuenca,1.0,0
2025,Granada,6.0,0
2025,La Coruña,,0
2022,Santa Cruz de Tenerife,10.0,0
2022,Girona,3.0,0
2022,Ciudad Real,,0
2022,Cantabria,5.0,0
2024,Barcelona,,0
2021,Murcia,,0
2024,Burgos,1.0,0
2019,Ceuta,,0
2019,Guadalajara,10.0,0
2021,Huelva,10.0,0
2020,Cuenca,3.0,0
2021,León,2.0,0
2023,Zamora,4.0,0
2024,Segovia,3.0,0
2025,Islas Baleares,4.0,0
2024,Valencia,7.0,0
2023,Córdoba,3.0,0
2025,Ávila,1.0,0
2024,Granada,9.0,0
2020,Cádiz,2.0,0
2020,Palencia,3.0,0
2019,Murcia,,0
2020,Cuenca,3.0,0
2019,Navarra,7.0,0
2024,Cádiz,10.0,0
2022,Albacete,4.0,0
2026,Soria,,0
2023,Jaén,1.0,0
2020,La Coruña,9.0,0
2019,Murcia,,0
2022,Jaén,10.0,0
2025,Salamanca,9.0,0
2025,Valladolid,4.0,0
2023,Álava,7.0,0
2020,Girona,4.0,0
2020,Segovia,9.0,0
2022,Navarra,1.0,0
2022,Salamanca,9.0,0
2021,Murcia,6.0,0
2021,Almería,,0
2019,Málaga,4.0,0
2025,La Coruña,,0
2020,Cáceres,,0
2023,Badajoz,10.0,0
2021,Salamanca,,0
2020,Soria,5.0,0
2022,Guipúzcoa,4.0,0
2022,Alicante,3.0,0
2024,Toledo,7.0,0
2026,Cádiz,,0
2021,Ceuta,7.0,0
2025,Málaga,4.0,0
2024,Zaragoza,6.0,0
2020,Girona,10.0,0
2025,Lugo,,0
2023,Pontevedra,5.0,0
2026,Girona,,0
2024,Melilla,1.0,0
2026,Tarragona,7.0,0
2022,Huesca,,0
2021,León,,0
2022,Cuenca,,0
2020,Ceuta,7.0,0
2025,Asturias,,0
2024,Huesca,7.0,0
2021,Zaragoza,6.0,0
2019,Albacete,1.0,0
2024,Zaragoza,9.0,0
2022,Orense,1.0,0
2020,Asturias,5.0,0
2019,Navarra,,0
2022,Melilla,9.0,0
2019,Guipúzcoa,1.0,0
2020,La Rioja,9.0,0
2021,Toledo,3.0,0
2024,Pontevedra,7.0,0
2023,Las Palmas,2.0,0
2021,Vizcaya,,0
2020,Vizcaya,,0
2020,Las Palmas,3.0,0
2020,Teruel,3.0,0
2022,Almería,1.0,0
2019,Cáceres,1.0,0
2024,Lleida,5.0,0
2021,Málaga,3.0,0
2023,Vizcaya,2.0,0
2022,Pontevedra,,0
2022,Badajoz,5.0,0
2026,Castellón,6.0,0
2021,Toledo,4.0,0
2019,Badajoz,4.0,0
2019,Soria,4.0,0
2020,Orense,4.0,0
2022,Granada,8.0,0
2020,Granada,1.0,0
2021,Tarragona,,0
2021,Toledo,3.0,0
2024,Ciudad Real,,0
2020,Orense,,0
2023,Castellón,8.0,0
2025,Girona,10.0,0
2020,Cuenca,2.0,0
2025,Girona,1.0,0
2021,Cáceres,9.0,0
2022,Albacete,1.0,0
2019,Salamanca,2.0,0
2025,Valladolid,2.0,0
2024,Santa Cruz de Tenerife,5.0,0
2019,Ceuta,9.0,0
2019,La Coruña,9.0,0
2020,Cáceres,6.0,0
2023,Palencia,4.0,0
2025,Zaragoza,,0
2020,Navarra,3.0,0
2024,Navarra,2.0,0
2023,Tarragona,,0
2023,León,5.0,0
2019,Zamora,,0
2023,Tarragona,5.0,0
2024,Palencia,3.0,0
2019,Girona,4.0,0
2022,La Rioja,,0
2024,Cuenca,7.0,0
2021,Ávila,,0
2023,Melilla,7.0,0
2020,Sevilla,10.0,0
2023,Burgos,2.0,0
2026,La Rioja,7.0,0
2020,Huesca,,0
2022,Sevilla,7.0,0
2019,Alicante,6.0,0
2025,Asturias,4.0,0
2022,León,9.0,0
2020,Cuenca,8.0,0
2022,Burgos,6.0,0
2020,Santa Cruz de Tenerife,10.0,0
2022,Salamanca,10.0,0
2023,Zamora,9.0,0
2025,Guadalajara,4.0,0
2021,Guadalajara,1.0,0
2019,Zamora,,0
2025,Jaén,9.0,0
2022,Toledo,3.0,0
2023,La Coruña,4.0,0
2024,Zaragoza,2.0,0
2021,Ceuta,1.0,0
2020,León,2.0,0
2023,Huesca,1.0,0
2022,Almería,9.0,0
2025,Córdoba,8.0,0
2022,Valladolid,6.0,0
2020,Toledo,9.0,0
2021,Ávila,3.0,0
2023,Ciudad Real,1.0,0
2021,Lugo,7.0,0
2021,Girona,3.0,0
2022,Cuenca,7.0,0
2020,Murcia,,0
2020,Navarra,8.0,0
2025,Santa Cruz de Tenerife,,0
2022,Vizcaya,7.0,0
2020,Cuenca,1.0,0
2019,Cantabria,2.0,0
2023,La Rioja,3.0,0
2025,Alicante,9.0,0
2025,Melilla,9.0,0
2025,Huesca,9.0,0
2019,La Rioja,,0
2026,Zaragoza,8.0,0
2024,Pontevedra,3.0,0
2020,Orense,3.0,0
2021,Jaén,8.0,0
2019,Girona,,0
2024,Guadalajara,10.0,0
2023,La Rioja,6.0,0
2022,Cádiz,4.0,0
2025,Valencia,,0
2024,Segovia,4.0,0
2022,Cádiz,6.0,0
2022,Ávila,,0
2021,Ciudad Real,,0
2024,Toledo,,0
2024,Palencia,1.0,0
2020,Palencia,10.0,0
2024,Valencia,5.0,0
2022,Guadalajara,10.0,0
2019,Alicante,4.0,0
2021,Melilla,6.0,0
2019,Guadalajara,7.0,0
2025,León,3.0,0
2020,Navarra,2.0,0
2021,Álava,,0
2020,Valencia,8.0,0
2019,Huelva,8.0,0
2020,Santa Cruz de Tenerife,2.0,0
2025,Asturias,4.0,0
2026,Pontevedra,7.0,0
2026,Cuenca,4.0,0
2025,Barcelona,7.0,0
2019,Segovia,10.0,0
2021,Cuenca,4.0,0
2022,Burgos,3.0,0
2019,Navarra,6.0,0
2023,Melilla,5.0,0
2023,Lleida,2.0,0
2020,Castellón,,0
2021,Málaga,,0
2020,Las Palmas,,0
2020,Cantabria,8.0,0
2022,Alicante,6.0,0
2019,Zaragoza,,0
2019,Huelva,3.0,0
2025,Melilla,3.0,0
2025,Barcelona,6.0,0
2025,Girona,3.0,0
2024,Madrid,3.0,0
2019,Las Palmas,9.0,0
2020,Soria,,0
2019,Lleida,6.0,0
2022,Girona,5.0,0
2019,Melilla,,0
2023,Málaga,,0
2020,Valladolid,4.0,0
2023,Huesca,9.0,0
2024,Albacete,,0
2024,Girona,,0
2021,Girona,2.0,0
2019,Alicante,2.0,0
2022,Málaga,,0
2021,Toledo,2.0,0
2020,Melilla,7.0,0
2024,Salamanca,9.0,0
2020,Guadalajara,4.0,0
2020,Tarragona,10.0,0
2019,Burgos,,0
2025,Tarragona,9.0,0
2019,Pontevedra,,0
2019,Guipúzcoa,6.0,0
2021,Almería,,0
2024,Guipúzcoa,9.0,0
2025,Murcia,8.0,0
2019,Girona,,0
2024,Palencia,8.0,0
2026,Las Palmas,4.0,0
2025,Cáceres,,0
2023,Santa Cruz de Tenerife,1.0,0
2025,Córdoba,7.0,0
2024,Ávila,2.0,0
2021,Córdoba,6.0,0
2021,La Rioja,5.0,0
2024,Huelva,10.0,0
2019,Burgos,9.0,0
2025,Badajoz,9.0,0
2020,La Coruña,9.0,0
2021,Guipúzcoa,6.0,0
2019,Teruel,4.0,0
2023,León,9.0,0
2021,Burgos,6.0,0
2023,Soria,10.0,0
2019,Segovia,6.0,0
2021,Málaga,10.0,0
2022,Albacete,6.0,0
2023,Huesca,6.0,0
2022,Cádiz,,0
2024,La Rioja,,0
2019,Girona,1.0,0
2025,Madrid,,0
2025,Lleida,7.0,0
2020,Vizcaya,10.0,0
2024,Cádiz,,0
2025,Almería,6.0,0
2024,Burgos,9.0,0
2024,Cuenca,,0
2025,Soria,4.0,0
2021,Huelva,6.0,0
2022,Murcia,5.0,0
2019,Tarragona,9.0,0
2024,Lleida,10.0,0
2025,Pontevedra,3.0,0
2025,Lleida,3.0,0
2021,Valencia,,0
2025,Pontevedra,9.0,0
2023,Valencia,,0
2019,Toledo,1.0,0
2024,Santa Cruz de Tenerife,2.0,0
2021,Salamanca,9.0,0
2021,Alicante,7.0,0
2019,Lleida,1.0,0
2023,La Rioja,4.0,0
2019,Granada,6.0,0
2021,Cáceres,7.0,0
2025,Palencia,8.0,0
2019,Cantabria,7.0,0
2025,Toledo,3.0,0
2022,Asturias,2.0,0
2024,Guadalajara,2.0,0
2026,La Rioja,,0
2024,Valladolid,,0
2022,León,,0
2023,Asturias,1.0,0
2021,Cádiz,,0
2026,Cuenca,,0
2025,Palencia,1.0,0
2024,Vizcaya,8.0,0
2025,Melilla,1.0,0
2021,Córdoba,10.0,0
2021,Madrid,9.0,0
2024,Zaragoza,3.0,0
2025,Guadalajara,4.0,0
2020,Alicante,4.0,0
2021,Melilla,3.0,0
2022,Valencia,6.0,0
2023,Santa Cruz de Tenerife,6.0,0
2024,Badajoz,7.0,0
2019,Teruel,,0
2025,Teruel,3.0,0
2022,Ávila,3.0,0
2022,Lleida,,0
2021,Valencia,2.0,0
2023,Ciudad Real,1.0,0
2023,Sevilla,10.0,0
2025,Teruel,2.0,0
2023,León,8.0,0
2019,Valencia,5.0,0
2023,La Coruña,,0
2022,Girona,8.0,0
2021,Córdoba,2.0,0
2019,Cuenca,9.0,0
2019,Córdoba,6.0,0
2024,Ávila,5.0,0
2019,Melilla,9.0,0
2021,Álava,3.0,0
2025,Badajoz,9.0,0
2024,León,9.0,0
2025,Cádiz,1.0,0
2022,Girona,10.0,0
2024,Almería,,0
2020,Guadalajara,3.0,0
2019,Valladolid,,0
2023,Vizcaya,1.0,0
2020,Islas Baleares,4.0,0
2020,La Rioja,10.0,0
2023,Segovia,3.0,0
2020,Alicante,1.0,0
2025,Cáceres,1.0,0
2023,Lugo,3.0,0
2024,Guadalajara,7.0,0
2021,Islas Baleares,8.0,0
2020,Guadalajara,3.0,0
2022,Girona,10.0,0
2025,Santa Cruz de Tenerife,5.0,0
2025,Cantabria,4.0,0
2021,Girona,5.0,0
2024,La Rioja,4.0,0
2025,Zaragoza,5.0,0
2020,Pontevedra,6.0,0
2023,La Rioja,,0
2019,Barcelona,,0
2019,Santa Cruz de Tenerife,4.0,0
2019,Córdoba,2.0,0
2024,Valladolid,3.0,0
2026,Girona,,0
2020,Córdoba,,0
2022,Granada,8.0,0
2019,Alicante,3.0,0
2019,Barcelona,10.0,0
2020,Málaga,,0
2022,Valladolid,8.0,0
2022,Teruel,,0
2023,Álava,4.0,0
2021,Islas Baleares,,0
2024,Zamora,,0
2020,Córdoba,7.0,0
2021,Zamora,4.0,0
2020,Badajoz,10.0,0
2026,La Coruña,1.0,0
2021,Orense,8.0,0
2021,Guipúzcoa,,0
2019,Murcia,8.0,0
2023,Alicante,3.0,0
2019,Asturias,10.0,0
2020,Málaga,1.0,0
2019,Asturias,2.0,0
2019,La Rioja,7.0,0
2024,Madrid,3.0,0
2026,Navarra,4.0,0
2025,Zaragoza,,0
2025,Cádiz,1.0,0
2024,Melilla,1.0,0
2025,Zamora,8.0,0
2022,León,,0
2022,Vizcaya,3.0,0
2023,Burgos,6.0,0
2019,Cádiz,4.0,0
2022,Las Palmas,5.0,0
2022,Ceuta,10.0,0
2025,Córdoba,,0
2026,Murcia,4.0,0
2024,Zamora,2.0,0
2019,Castellón,10.0,0
2020,Pontevedra,3.0,0
2021,Burgos,7.0,0
2024,Teruel,2.0,0
2025,Guipúzcoa,4.0,0
2021,Lleida,,0
2022,Soria,8.0,0
2023,Huelva,10.0,0
2020,Girona,6.0,0
2021,Segovia,8.0,0
2020,Ceuta,,0
2025,Córdoba,2.0,0
2020,Girona,6.0,0
2022,Ciudad Real,10.0,0
2021,Valencia,8.0,0
2025,Tarragona,1.0,0
2023,Soria,10.0,0
2025,Orense,,0
2026,Huelva,9.0,0
2021,Lleida,,0
2019,Toledo,2.0,0
2019,Córdoba,10.0,0
2022,Badajoz,7.0,0
2021,Girona,,0
2022,Toledo,8.0,0
2019,Álava,1.0,0
2025,Castellón,3.0,0
2026,Córdoba,8.0,0
2020,Ávila,,0
2020,Salamanca,7.0,0
2020,La Rioja,3.0,0
2020,Huesca,,0
2022,Soria,4.0,0
2020,Lleida,9.0,0
2020,Málaga,,0
2024,Guipúzcoa,,0
2025,Lleida,7.0,0
2022,León,2.0,0
2023,Guipúzcoa,,0
2021,Zaragoza,8.0,0
2023,Barcelona,7.0,0
2020,Orense,2.0,0
2026,Navarra,9.0,0
2023,Toledo,4.0,0
2020,Santa Cruz de Tenerife,2.0,0
2025,León,4.0,0
2024,Badajoz,10.0,0
2019,La Rioja,,0
2026,Badajoz,8.0,0
2023,Salamanca,9.0,0
2022,Toledo,7.0,0
2020,Guipúzcoa,5.0,0
2026,Santa Cruz de Tenerife,3.0,0
2023,Segovia,9.0,0
2024,Girona,,0
2025,Lleida,10.0,0
2024,Albacete,,0
2026,Cádiz,,0
2025,Lleida,,0
2025,Santa Cruz de Tenerife,5.0,0
2020,Ceuta,,0
2022,Islas Baleares,2.0,0
2025,León,8.0,0
2019,Albacete,2.0,0
2022,Alicante,7.0,0
2023,Ceuta,10.0,0
2024,Girona,,0
2026,Guipúzcoa,6.0,0
2021,Orense,2.0,0
2022,Almería,,0
2020,Sevilla,5.0,0
2025,Palencia,5.0,0
2022,Huelva,,0
2022,Girona,4.0,0
2026,Navarra,,0
2025,Ciudad Real,9.0,0
2021,Toledo,3.0,0
2019,Madrid,9.0,0
2022,Las Palmas,8.0,0
2024,León,7.0,0
2024,Salamanca,7.0,0
2025,Huesca,1.0,0
2020,Orense,,0
2025,La Coruña,10.0,0
2025,Huesca,2.0,0
2019,Lugo,4.0,0
2024,Navarra,5.0,0
2021,Navarra,1.0,0
2024,Pontevedra,2.0,0
2022,Lleida,1.0,0
2020,Ávila,8.0,0
2019,Vizcaya,10.0,0
2021,Islas Baleares,,0
2024,Guadalajara,8.0,0
2019,Burgos,9.0,0
2023,Almería,7.0,0
2026,Huesca,10.0,0
2022,Teruel,8.0,0
2024,La Coruña,5.0,0
2019,Asturias,8.0,0
2022,Las Palmas,1.0,0
2025,Cáceres,9.0,0
2021,Córdoba,10.0,0
2023,Santa Cruz de Tenerife,,0
2022,Girona,8.0,0
2024,León,5.0,0
2019,Asturias,6.0,0
2021,Lleida,1.0,0
2025,Las Palmas,,0
2021,Córdoba,6.0,0
2020,Almería,,0
2022,Segovia,,0
2020,Valladolid,10.0,0
2021,Ceuta,,0
2026,Lleida,9.0,0
2023,La Rioja,3.0,0
2019,Asturias,10.0,0
2022,Badajoz,10.0,0
2019,Zamora,,0
2025,Soria,,0
2021,Málaga,2.0,0
2019,Cáceres,3.0,0
2020,Ciudad Real,1.0,0
2022,Ciudad Real,4.0,0
2024,Valladolid,6.0,0
2022,Pontevedra,2.0,0
2023,Las Palmas,9.0,0
2020,Navarra,9.0,0
2023,Segovia,1.0,0
2024,Lleida,5.0,0
2022,Pontevedra,3.0,0
2019,Teruel,1.0,0
2021,La Coruña,10.0,0
2019,Melilla,2.0,0
2026,Lugo,9.0,0
2022,La Coruña,,0
2025,Valladolid,9.0,0
2022,Cáceres,,0
2019,Granada,7.0,0
2025,León,,0
2021,Toledo,10.0,0
2022,Islas Baleares,3.0,0
2023,Lugo,,0
2025,Asturias,5.0,0
2023,Córdoba,1.0,0
2025,Valladolid,7.0,0
2020,Álava,4.0,0
2021,Cantabria,5.0,0
2019,Málaga,5.0,0
2025,Cádiz,3.0,0
2019,Toledo,2.0,0
2025,Girona,2.0,0
2025,Badajoz,5.0,0
2020,Almería,2.0,0
2022,Cádiz,1.0,0
2022,Málaga,,0
2021,Teruel,2.0,0
2022,Islas Baleares,,0
2023,Melilla,,0
2022,Valencia,1.0,0
2021,Santa Cruz de Tenerife,1.0,0
2021,Zamora,9.0,0
2020,Zamora,,0
2026,Asturias,9.0,0
2020,Navarra,10.0,0
2021,Palencia,3.0,0
2021,Orense,1.0,0
2023,Álava,9.0,0
2020,Ciudad Real,2.0,0
2019,Girona,8.0,0
2022,Pontevedra,2.0,0
2022,Ciudad Real,9.0,0
2020,Segovia,5.0,0
2021,Santa Cruz de Tenerife,1.0,0
2023,La Coruña,10.0,0
2021,Santa Cruz de Tenerife,3.0,0
2025,Huesca,2.0,0
2024,Zamora,5.0,0
2026,Albacete,6.0,0
2023,Lleida,9.0,0
2023,Soria,8.0,0
2021,Lleida,3.0,0
2020,Teruel,,0
2022,Álava,,0
2021,Las Palmas,,0
2023,Melilla,10.0,0
2020,Girona,10.0,0
2024,Girona,6.0,0
2026,Murcia,3.0,0
2019,Madrid,4.0,0
2020,Lleida,2.0,0
2020,Segovia,9.0,0
2025,Salamanca,3.0,0
2021,Granada,1.0,0
2024,Castellón,1.0,0
2021,Girona,2.0,0
2023,Palencia,1.0,0
2022,Santa Cruz de Tenerife,10.0,0
2024,Pontevedra,1.0,0
2025,Lleida,3.0,0
2022,Vizcaya,9.0,0
2023,Zamora,,0
2020,Jaén,,0
2025,Cuenca,4.0,0
2019,Girona,4.0,0
2022,Murcia,,0
2021,Salamanca,1.0,0
2025,Zamora,1.0,0
2022,Almería,7.0,0
2024,Asturias,5.0,0
2025,Salamanca,4.0,0
2023,Madrid,7.0,0
2020,Melilla,3.0,0
2024,Cádiz,6.0,0
2022,Badajoz,1.0,0
2023,Santa Cruz de Tenerife,3.0,0
2024,Toledo,1.0,0
2025,La Coruña,10.0,0
2025,Cádiz,7.0,0
2024,Lleida,8.0,0
2020,Salamanca,6.0,0
2019,Islas Baleares,,0
2026,Palencia,3.0,0
2020,Pontevedra,10.0,0
2023,Las Palmas,6.0,0
2019,Lleida,10.0,0
2019,Segovia,8.0,0
2025,Las Palmas,1.0,0
2022,Madrid,9.0,0
2022,Cantabria,,0
2026,Ceuta,10.0,0
2020,La Coruña,,0
2024,Jaén,4.0,0
2025,León,2.0,0
2023,Castellón,,0
2025,Asturias,7.0,0
2021,Cádiz,4.0,0
2020,Castellón,1.0,0
2021,Ávila,10.0,0
2019,Almería,5.0,0
2024,Valladolid,6.0,0
2021,La Rioja,2.0,0
2024,Pontevedra,1.0,0
2026,Zamora,4.0,0
2023,Albacete,1.0,0
2024,Las Palmas,10.0,0
2024,Teruel,10.0,0
2022,Melilla,3.0,0
2024,Zamora,8.0,0
2023,Zamora,10.0,0
2024,Las Palmas,8.0,0
2019,Salamanca,10.0,0
2021,Santa Cruz de Tenerife,10.0,0
2023,Segovia,,0
2025,Tarragona,2.0,0
2025,Sevilla,6.0,0
2024,Zaragoza,4.0,0
2019,Sevilla,4.0,0
2026,Navarra,5.0,0
2024,Cáceres,8.0,0
2019,Teruel,3.0,0
2023,Burgos,,0
2020,Ciudad Real,3.0,0
2022,Melilla,6.0,0
2025,Cuenca,10.0,0
2019,Burgos,5.0,0
2022,Toledo,4.0,0
2022,Málaga,7.0,0
2021,Melilla,7.0,0
2019,Girona,3.0,0
2023,Álava,,0
2025,Salamanca,9.0,0
2022,Lleida,,0
2021,Santa Cruz de Tenerife,9.0,0
2025,Álava,,0
2024,Ceuta,10.0,0
2022,Málaga,1.0,0
2025,Cádiz,3.0,0
2021,Málaga,2.0,0
2021,Santa Cruz de Tenerife,1.0,0
2026,Las Palmas,6.0,0
2020,Málaga,2.0,0
2024,Málaga,,0
2022,Zamora,10.0,0
2025,Lugo,5.0,0
2022,Zaragoza,,0
2024,Álava,,0
2019,Ávila,10.0,0
2022,Santa Cruz de Tenerife,6.0,0
2019,Valencia,2.0,0
2019,Salamanca,5.0,0
2022,Cáceres,,0
2023,Cuenca,5.0,0
2019,Santa Cruz de Tenerife,7.0,0
2021,Castellón,5.0,0
2019,Palencia,,0
2020,Teruel,,0
2022,Cuenca,7.0,0
2024,Madrid,6.0,0
2022,Sevilla,5.0,0
2019,Melilla,3.0,0
2025,Vizcaya,3.0,0
2025,Almería,7.0,0
2023,Soria,10.0,0
2020,Cádiz,,0
2025,Zamora,6.0,0
2020,León,8.0,0
2022,Huelva,5.0,0
2021,Barcelona,5.0,0
2022,Ceuta,8.0,0
2023,Melilla,1.0,0
2022,Burgos,6.0,0
2023,Ávila,1.0,0
2023,Asturias,8.0,0
2019,Badajoz,,0
2020,Salamanca,2.0,0
2021,Lugo,8.0,0
2021,Orense,2.0,0
2020,Castellón,3.0,0
2023,Huelva,8.0,0
2025,Segovia,3.0,0
2021,Asturias,3.0,0
2022,Santa Cruz de Tenerife,8.0,0
2022,Burgos,10.0,0
2025,Álava,3.0,0
2023,Ciudad Real,9.0,0
2019,Melilla,1.0,0
2019,Burgos,5.0,0
2020,Madrid,7.0,0
2025,Cuenca,6.0,0
2023,Lleida,10.0,0
2024,Valencia,9.0,0
2025,Ciudad Real,3.0,0
2021,Valencia,9.0,0
2021,Teruel,,0
2025,Cádiz,8.0,0
2024,Orense,5.0,0
2024,Toledo,8.0,0
2025,Murcia,7.0,0
2025,Castellón,1.0,0
2020,Badajoz,8.0,0
2023,Huelva,3.0,0
2023,Lleida,3.0,0
2019,Huelva,5.0,0
2024,Castellón,,0
2022,Cuenca,5.0,0
2022,Cantabria,9.0,0
2025,Álava,8.0,0
2025,Granada,5.0,0
2022,Zamora,1.0,0
2024,Lleida,,0
2021,Melilla,10.0,0
2020,Castellón,10.0,0
2024,Segovia,,0
2021,Lleida,5.0,0
2023,León,10.0,0
2020,Ciudad Real,7.0,0
2025,Melilla,5.0,0
2023,Palencia,8.0,0
2021,Albacete,10.0,0
2023,Sevilla,8.0,0
2025,Las Palmas,9.0,0
2025,Asturias,10.0,0
2025,La Coruña,5.0,0
2023,Teruel,,0
2020,Albacete,9.0,0
2025,Soria,10.0,0
2020,Zaragoza,,0
2021,Tarragona,4.0,0
2019,Las Palmas,8.0,0
2024,Lleida,1.0,0
2022,Navarra,4.0,0
2022,Ciudad Real,,0
2019,Girona,8.0,0
2026,Lleida,3.0,0
2022,Las Palmas,,0
2021,León,4.0,0
2024,Lleida,4.0,0
2023,Huesca,4.0,0
2022,Palencia,7.0,0
2019,Girona,,0
2026,Granada,6.0,0
2020,Pontevedra,5.0,0
2024,Ciudad Real,,0
2025,Castellón,6.0,0
2019,La Coruña,7.0,0
2023,Cuenca,,0
2020,Alicante,9.0,0
2023,Madrid,5.0,0
2023,Ciudad Real,7.0,0
2023,Palencia,10.0,1
2023,Sevilla,5.0,0
2022,Huelva,4.0,0
2022,Cantabria,4.0,0
2019,Jaén,3.0,0
2020,Santa Cruz de Tenerife,,0
2022,Soria,1.0,0
2023,Madrid,2.0,0
2019,Cádiz,2.0,0
2020,Guipúzcoa,7.0,0
2026,Castellón,3.0,0
2021,Almería,6.0,0
2019,Badajoz,8.0,0
2022,Cáceres,4.0,0
2024,Alicante,10.0,0
2020,Badajoz,5.0,0
2021,Jaén,2.0,0
2020,Huesca,,0
2022,Salamanca,1.0,0
2025,Tarragona,9.0,0
2023,Lleida,7.0,0
2022,Jaén,7.0,0
2020,La Rioja,5.0,0
2023,Palencia,6.0,0
2020,Salamanca,2.0,0
2024,Huelva,6.0,0
2023,Valladolid,4.0,0
2025,Ávila,8.0,0
2021,La Coruña,1.0,0
2022,Burgos,3.0,0
2022,La Rioja,10.0,0
2026,Zamora,8.0,0
2025,Girona,7.0,0
2025,Las Palmas,2.0,0
2023,Albacete,5.0,0
2019,Ciudad Real,4.0,0
2022,Melilla,7.0,0
2021,La Rioja,10.0,0
2019,Cáceres,9.0,0
2019,Girona,3.0,0
2021,Pontevedra,,0
2023,Girona,3.0,0
2020,Álava,2.0,0
2020,Burgos,7.0,0
2024,Santa Cruz de Tenerife,2.0,0
2026,Barcelona,2.0,0
2019,Almería,3.0,0
2023,Zamora,,0
2022,Santa Cruz de Tenerife,6.0,0
2025,Salamanca,7.0,0
2023,Lugo,,0
2023,Albacete,5.0,0
2021,Girona,2.0,0
2019,Melilla,1.0,0
2020,Cádiz,3.0,0
2020,Cáceres,5.0,0
2022,Lleida,2.0,0
2021,Zaragoza,9.0,0
2019,Jaén,8.0,0
2019,Segovia,10.0,0
2020,Melilla,3.0,0
2024,Málaga,2.0,0
2020,Santa Cruz de Tenerife,6.0,0
2023,Pontevedra,10.0,0
2022,León,7.0,0
2024,Lleida,8.0,0
2021,Burgos,4.0,0
2023,Zaragoza,1.0,0
2021,Murcia,,0
2022,Badajoz,5.0,0
2025,Melilla,6.0,0
2021,Teruel,2.0,0
2025,Lleida,10.0,0
2023,Burgos,,0
2020,La Rioja,1.0,0
2020,Salamanca,6.0,0
2020,Badajoz,4.0,0
2024,Cantabria,3.0,0
2023,Islas Baleares,10.0,0
2020,Valladolid,,0
2026,Guadalajara,5.0,0
2023,Castellón,7.0,0
2023,Soria,,0
2025,Tarragona,,0
2020,Albacete,4.0,0
2021,Asturias,9.0,0
2021,Santa Cruz de Tenerife,,0
2021,Pontevedra,5.0,0
2025,Zamora,4.0,0
2024,Navarra,,0
2019,Guadalajara,4.0,0
2023,Islas Baleares,6.0,0
2022,Murcia,,0
2025,Las Palmas,10.0,0
2025,Cáceres,7.0,0
2021,Salamanca,2.0,0
2020,Cantabria,8.0,0
2019,Girona,5.0,0
2019,Navarra,3.0,0
2021,Huelva,8.0,0
2021,León,,0
2020,Murcia,9.0,0
2021,Ceuta,2.0,0
2023,Guadalajara,,0
2023,Segovia,6.0,0
2026,Barcelona,1.0,0
2019,Almería,6.0,0
2024,Castellón,8.0,0
2022,Álava,7.0,0
2020,Santa Cruz de Tenerife,2.0,0
2025,Badajoz,9.0,0
2020,Islas Baleares,8.0,0
2022,Girona,7.0,0
2020,Soria,3.0,0
2024,Santa Cruz de Tenerife,10.0,0
2019,Ciudad Real,7.0,0
2025,Melilla,,0
2022,Lugo,8.0,0
2019,Madrid,2.0,0
2024,Soria,1.0,0
2019,Cáceres,1.0,0
2026,Lleida,8.0,0
2023,Las Palmas,7.0,0
2021,Segovia,5.0,0
2023,Toledo,5.0,0
2025,Madrid,6.0,0
2026,Alicante,1.0,0
2020,Tarragona,9.0,0
2021,Islas Baleares,,0
2023,Las Palmas,1.0,0
2020,Cáceres,5.0,0
2025,Alicante,1.0,0
2023,Zaragoza,8.0,0
2023,Cuenca,4.0,0
2020,Navarra,2.0,0
2022,Toledo,10.0,0
2026,Sevilla,,0
2023,Burgos,,0
2025,Girona,,0
2019,Álava,10.0,0
2020,León,6.0,0
2020,Murcia,3.0,0
2025,Tarragona,7.0,0
2026,Cantabria,9.0,0
2021,Cádiz,9.0,0
2019,Pontevedra,8.0,0
2020,Guadalajara,6.0,0
2024,Barcelona,9.0,0
2025,Melilla,2.0,0
2022,Álava,3.0,0
2024,Córdoba,,0
2020,Lleida,,0
2019,Girona,2.0,0
2019,Sevilla,3.0,0
2026,Lleida,5.0,0
2022,La Rioja,7.0,0
2024,Córdoba,7.0,0
2025,Murcia,4.0,0
2022,León,3.0,0
2024,Santa Cruz de Tenerife,7.0,0
2025,Santa Cruz de Tenerife,5.0,0
2019,La Rioja,,0
2020,Vizcaya,6.0,0
2019,Palencia,,0
2026,Palencia,2.0,0
2024,Girona,2.0,0
2021,Cantabria,7.0,0
2022,Navarra,6.0,0
2021,Salamanca,,0
2022,Toledo,,0
2020,La Coruña,8.0,0
2023,Albacete,8.0,0
2019,Lleida,4.0,0
2025,Guipúzcoa,10.0,0
2020,Cantabria,9.0,0
2024,Tarragona,,0
2021,Palencia,3.0,0
2023,Asturias,5.0,0
2021,Segovia,3.0,0
2025,Huelva,2.0,0
2024,Lleida,,0
2025,Santa Cruz de Tenerife,4.0,0
2019,Zaragoza,10.0,0
2024,Girona,,0
2019,La Coruña,1.0,0
2022,La Rioja,1.0,0
2025,Teruel,3.0,0
2023,Tarragona,,0
2022,Badajoz,,0
2026,Zaragoza,7.0,0
2019,Vizcaya,9.0,0
2022,Albacete,2.0,0
2024,Palencia,6.0,0
2021,Zaragoza,5.0,0
2023,Huesca,,0
2019,Toledo,6.0,0
2020,Albacete,2.0,0
2024,Ciudad Real,7.0,0
2020,Guadalajara,2.0,0
2020,Barcelona,7.0,0
2019,La Coruña,9.0,0
2021,Teruel,2.0,0
2025,Tarragona,10.0,0
2019,Salamanca,3.0,0
2022,Orense,7.0,0
2024,Soria,10.0,0
2026,Barcelona,6.0,0
2022,Ciudad Real,,0
2020,Santa Cruz de Tenerife,5.0,0
2021,Navarra,3.0,0
2020,Islas Baleares,4.0,0
2020,Granada,1.0,0
2020,Murcia,4.0,0
2025,Santa Cruz de Tenerife,6.0,0
2022,Vizcaya,2.0,0
2021,La Rioja,5.0,0
2021,Ciudad Real,,0
2024,Salamanca,10.0,0
2020,Cantabria,4.0,0
2020,Ciudad Real,8.0,0
2020,Guipúzcoa,5.0,0
2025,Valladolid,1.0,0
2025,Zamora,,0
2023,Barcelona,5.0,0
2025,Segovia,,0
2026,Segovia,2.0,0
2019,Granada,1.0,0
2020,Salamanca,10.0,0
2021,Sevilla,4.0,0
2022,Guadalajara,9.0,0
2022,Orense,6.0,0
2024,Murcia,,0
2025,Huesca,1.0,0
2022,Álava,10.0,0
2023,Lleida,,0
2025,Huesca,8.0,0
2022,León,5.0,0
2023,Albacete,,0
2023,Girona,6.0,0
2022,León,5.0,0
2021,Sevilla,5.0,0
2019,Ceuta,3.0,0
2021,Salamanca,,0
2020,Huelva,5.0,0
2019,Cuenca,4.0,0
2022,Zaragoza,7.0,0
2019,Jaén,7.0,0
2019,Castellón,5.0,0
2025,Vizcaya,3.0,0
2023,Lleida,6.0,0
2023,Lleida,9.0,0
2025,Segovia,9.0,0
2020,Santa Cruz de Tenerife,7.0,0
2022,Lugo,6.0,0
2019,Soria,1.0,0
2019,Valladolid,6.0,0
2022,Teruel,1.0,0
2019,Asturias,6.0,0
2019,Palencia,8.0,0
2022,Madrid,7.0,0
2019,Tarragona,1.0,0
2020,Albacete,4.0,0
2021,Huelva,7.0,0
2020,Ávila,5.0,0
2021,Huesca,5.0,0
2019,Albacete,4.0,0
2019,Badajoz,2.0,0
2021,Granada,6.0,0
2025,Santa Cruz de Tenerife,1.0,0
2024,Jaén,10.0,0
2025,Zamora,4.0,0
2019,Santa Cruz de Tenerife,,0
2023,Vizcaya,3.0,0
2021,Ávila,6.0,0
2019,Melilla,9.0,0
2020,Tarragona,7.0,0
2022,Santa Cruz de Tenerife,10.0,0
2020,Valladolid,7.0,0
2023,Sevilla,,0
2023,Teruel,7.0,0
2023,Granada,1.0,0
2021,Palencia,,0
2026,Vizcaya,2.0,0
2022,Huesca,7.0,0
2025,Ceuta,7.0,0
2025,Ávila,5.0,0
2020,Melilla,9.0,0
2024,Segovia,1.0,0
2020,Palencia,10.0,0
2024,Huesca,6.0,0
2025,Girona,4.0,0
2020,Ciudad Real,3.0,0
2023,La Rioja,3.0,0
2020,Álava,,0
2019,Teruel,9.0,0
2023,Granada,8.0,0
2019,Huelva,9.0,0
2024,Valencia,3.0,0
2022,Girona,6.0,0
2019,Lleida,1.0,0
2021,Ceuta,6.0,0
2026,Granada,,0
2025,Ávila,4.0,0
2025,Jaén,,0
2021,Cáceres,8.0,0
2023,Vizcaya,2.0,0
2020,Melilla,6.0,0
2026,Huesca,,0
2021,Madrid,,0
2019,Toledo,,0
2023,Guipúzcoa,6.0,0
2020,Zamora,8.0,0
2023,Alicante,10.0,0
2021,Tarragona,10.0,0
2020,Málaga,6.0,0
2025,Barcelona,4.0,0
2025,Girona,6.0,0
2024,Granada,6.0,0
2023,Cuenca,6.0,0
2025,Jaén,,0
2024,Cuenca,,0
2020,Valencia,8.0,0
2021,Pontevedra,8.0,0
2023,Santa Cruz de Tenerife,,0
2019,Lugo,7.0,0
2020,Barcelona,10.0,0
2023,Cuenca,1.0,0
2024,Zaragoza,2.0,0
2025,Lugo,10.0,0
2023,Las Palmas,1.0,0
2019,Zaragoza,7.0,0
2024,Valladolid,2.0,0
2024,Teruel,,0
2020,Málaga,7.0,0
2022,Jaén,6.0,0
2019,Girona,8.0,0
2019,Soria,7.0,0
2020,Cádiz,4.0,0
2022,Cádiz,,0
2023,Álava,,0
2024,Madrid,3.0,0
2024,La Rioja,10.0,0
2021,Ceuta,5.0,0
2025,Santa Cruz de Tenerife,10.0,0
2025,Santa Cruz de Tenerife,2.0,0
2023,La Rioja,2.0,0
2021,Zaragoza,3.0,0
2023,Álava,,0
2025,Sevilla,4.0,0
2022,Pontevedra,,0
2019,Cuenca,9.0,0
2025,Lugo,,0
2019,Almería,7.0,0
2020,Sevilla,9.0,0
2025,Girona,5.0,0
2026,Zamora,5.0,0
2023,Barcelona,9.0,0
2025,Orense,,0
2022,Jaén,2.0,0
2024,Teruel,9.0,0
2024,Guadalajara,10.0,0
2024,Álava,3.0,0
2026,Ceuta,8.0,0
2024,Ciudad Real,8.0,0
2023,Islas Baleares,3.0,0
2019,Castellón,10.0,0
2021,Lleida,1.0,0
2022,Huelva,,0
2021,Girona,6.0,0
2020,Cáceres,7.0,0
2022,Palencia,8.0,0
2019,Cádiz,1.0,0
2020,Tarragona,8.0,0
2024,Melilla,3.0,0
2020,Álava,9.0,0
2019,Navarra,3.0,0
2020,Guipúzcoa,9.0,0
2020,Lugo,7.0,0
2025,Córdoba,6.0,0
2025,Málaga,9.0,0
2019,Santa Cruz de Tenerife,2.0,0
2024,Badajoz,8.0,0
2024,Pontevedra,3.0,0
2022,Lleida,4.0,0
2025,Sevilla,,0
2025,Ceuta,2.0,0
2022,Salamanca,,0
2024,Ceuta,7.0,0
2024,Sevilla,10.0,0
2024,Barcelona,9.0,0
2026,Granada,10.0,0
2019,Asturias,7.0,0
2020,Burgos,,0
2023,Lleida,,0
2020,Girona,1.0,0
2026,Ciudad Real,5.0,0
2022,Lleida,8.0,0
2019,Cádiz,4.0,0
2019,Pontevedra,8.0,0
2026,Cuenca,1.0,0
2022,Santa Cruz de Tenerife,6.0,0
2022,La Rioja,10.0,0
2022,Lugo,,0
2019,Lleida,7.0,0
2021,Sevilla,,0
2022,Cuenca,8.0,0
2023,Melilla,,0
2022,Segovia,3.0,0
2024,Ávila,4.0,0
2022,Huesca,2.0,0
2023,Burgos,,0
2020,Tarragona,1.0,0
2019,Cáceres,7.0,0
2023,Teruel,9.0,0
2025,Valladolid,8.0,0
2024,Tarragona,2.0,0
2024,Las Palmas,7.0,0
2023,Álava,,0
2026,Lugo,8.0,0
2019,Navarra,5.0,0
2021,Girona,7.0,0
2019,Islas Baleares,6.0,0
2021,Sevilla,1.0,0
2020,Cuenca,1.0,0
2020,Salamanca,9.0,0
2020,Burgos,1.0,0
2022,Lleida,8.0,0
2024,Ciudad Real,4.0,0
2019,Huelva,4.0,0
2024,Las Palmas,3.0,0
2024,Cádiz,6.0,0
2019,Córdoba,8.0,0
2020,Pontevedra,3.0,0
2024,Alicante,8.0,0
2022,Palencia,,0
2023,Cáceres,,0
2023,Asturias,2.0,0
2020,Salamanca,4.0,0
2023,Ceuta,2.0,0
2025,Cáceres,4.0,0
2019,Zamora,,0
2025,Cádiz,1.0,0
2024,Ceuta,,0
2024,Girona,3.0,0
2020,Ceuta,,0
2024,Navarra,4.0,0
2021,La Rioja,1.0,0
2023,Palencia,7.0,0
2019,Huesca,,0
2019,Guadalajara,9.0,0
2026,Soria,,0
2024,Zamora,5.0,0
2021,Lleida,1.0,0
2019,Melilla,5.0,0
2021,Córdoba,4.0,0
2019,Salamanca,4.0,0
2020,Pontevedra,8.0,0
2020,Tarragona,7.0,0
2020,Ceuta,1.0,0
2023,Lugo,6.0,0
2025,La Rioja,8.0,0
2022,Santa Cruz de Tenerife,2.0,0
2023,Lleida,3.0,0
2019,Tarragona,7.0,0
2025,Zaragoza,1.0,0
2025,La Coruña,4.0,0
2021,Barcelona,7.0,0
2023,Asturias,2.0,0
2023,Sevilla,,0
2020,Sevilla,1.0,0
2020,Tarragona,9.0,0
2026,Cuenca,10.0,0
2020,Girona,4.0,0
2026,Guipúzcoa,1.0,0
2024,Lleida,1.0,0
2023,Cádiz,1.0,0
2021,Cantabria,4.0,0
2022,Tarragona,10.0,0
2023,Soria,2.0,0
2024,León,8.0,0
2020,Ciudad Real,6.0,0
2021,Sevilla,3.0,0
2019,Córdoba,3.0,0
2024,Palencia,2.0,0
2020,Huelva,6.0,0
2020,Barcelona,3.0,0
2020,Lleida,3.0,0
2024,Teruel,6.0,0
2025,Albacete,7.0,0
2023,Cuenca,5.0,0
2019,Lugo,6.0,0
2020,Salamanca,,0
2020,Soria,7.0,0
2021,Jaén,,0
2025,Lugo,5.0,0
2022,Santa Cruz de Tenerife,,0
2020,Lugo,7.0,0
2019,Albacete,9.0,0
2025,Santa Cruz de Tenerife,4.0,0
2022,Vizcaya,8.0,0
2025,Salamanca,3.0,1
2021,Pontevedra,1.0,0
2020,Castellón,1.0,0
2024,Burgos,2.0,0
2021,Toledo,8.0,0
2024,Palencia,5.0,0
2025,Álava,5.0,0
2025,Tarragona,,0
2024,Sevilla,8.0,0
2025,Cuenca,10.0,0
2026,León,4.0,0
2024,La Coruña,4.0,0
2019,Badajoz,,0
2026,Álava,10.0,0
2021,Las Palmas,1.0,0
2021,Castellón,6.0,0
2022,Castellón,8.0,0
2023,Huelva,1.0,0
2020,Asturias,6.0,0
2024,Pontevedra,3.0,0
2019,Badajoz,9.0,0
2026,Palencia,6.0,0
2022,León,9.0,0
2022,Girona,,0
2023,La Rioja,10.0,0
2021,Teruel,10.0,0
2026,Cantabria,4.0,0
2025,Barcelona,4.0,0
2021,Segovia,4.0,0
2019,Burgos,8.0,0
2021,Huelva,3.0,0
2020,Navarra,10.0,0
2022,Salamanca,1.0,0
2023,Toledo,4.0,0
2024,Álava,6.0,0
2024,Murcia,7.0,0
2025,Valencia,1.0,0
2024,Orense,7.0,0
2024,Castellón,,0
2021,Ávila,9.0,0
2023,Zaragoza,1.0,0
2026,Guadalajara,10.0,0
2023,Las Palmas,2.0,0
2025,Málaga,,0
2022,Córdoba,,0
2025,Granada,7.0,0
2024,Cáceres,3.0,0
2019,Lleida,,0
2021,Lleida,10.0,0
2024,Huelva,8.0,0
2026,Navarra,1.0,0
2021,Teruel,1.0,0
2025,Huelva,,0
2020,Girona,6.0,0
2020,Barcelona,4.0,0
2024,Girona,8.0,0
2020,Santa Cruz de Tenerife,8.0,0
2025,Madrid,5.0,0
2022,Girona,2.0,0
2024,Segovia,7.0,0
2024,Huesca,4.0,0
2020,Santa Cruz de Tenerife,2.0,0
2025,Albacete,9.0,0
2022,Islas Baleares,7.0,0
2023,Albacete,1.0,0
2021,Lleida,,0
2020,Cádiz,6.0,0
2019,Toledo,9.0,0
2025,Islas Baleares,6.0,0
2022,Teruel,,0
2024,Granada,5.0,0
2024,Alicante,3.0,0
2025,Vizcaya,7.0,0
2022,Burgos,,0
2024,Murcia,5.0,0
2019,Santa Cruz de Tenerife,6.0,0
2022,Málaga,6.0,0
2025,Córdoba,8.0,0
2019,Huesca,9.0,0
2021,Badajoz,2.0,0
2025,Navarra,5.0,0
2022,Cantabria,3.0,0
2025,Albacete,10.0,0
2022,Las Palmas,1.0,0
2019,Cuenca,,0
2022,Alicante,4.0,0
2021,Soria,8.0,0
2022,Jaén,8.0,0
2022,Cuenca,2.0,0
2022,Islas Baleares,6.0,0
2019,Soria,3.0,0
2023,Almería,7.0,0
2021,Cáceres,6.0,0
2021,Álava,7.0,0
2026,Santa Cruz de Tenerife,10.0,0
2025,Girona,6.0,0
2019,Vizcaya,8.0,0
2021,Ávila,3.0,0
2020,Toledo,1.0,0
2025,Almería,5.0,0
2020,Salamanca,6.0,1
2025,Sevilla,2.0,0
2019,Segovia,6.0,0
2019,Albacete,7.0,0
2024,Islas Baleares,3.0,0
2026,Zamora,,0
2024,Huelva,10.0,0
2021,Islas Baleares,7.0,0
2025,Almería,6.0,0
2019,Palencia,,0
2019,Guadalajara,6.0,0
2019,Orense,5.0,0
2020,Ciudad Real,4.0,0
2025,Castellón,,0
2021,Las Palmas,8.0,0
2021,Burgos,,0
2020,Islas Baleares,,0
2022,Barcelona,2.0,0
2023,La Coruña,7.0,0
2019,La Coruña,9.0,0
2023,Melilla,5.0,0
2022,Ceuta,1.0,0
2020,Córdoba,3.0,0
2026,Orense,8.0,0
2025,Pontevedra,,0
2021,Cuenca,4.0,0
2024,Melilla,10.0,0
2020,Segovia,3.0,0
2024,Murcia,2.0,0
2024,Ceuta,,0
2020,León,2.0,0
2019,Badajoz,6.0,0
2019,Palencia,,0
2026,Ceuta,,0
2024,Barcelona,6.0,0
2026,Navarra,8.0,0
2024,Barcelona,,0
2021,Salamanca,5.0,0
2022,Navarra,8.0,0
2025,Palencia,6.0,0
2020,La Rioja,,0
2023,Valladolid,6.0,0
2023,Burgos,,0
2024,Málaga,7.0,0
2023,Pontevedra,3.0,0
2023,Segovia,5.0,0
2022,Madrid,,0
2020,Pontevedra,,0
2020,Segovia,,0
2021,Álava,1.0,0
2021,Soria,8.0,0
2020,Salamanca,4.0,0
2023,Ciudad Real,6.0,0
2020,Málaga,4.0,0
2021,Álava,1.0,0
2023,Teruel,5.0,0
2026,Sevilla,2.0,0
2026,La Coruña,6.0,0
2020,Ceuta,7.0,0
2022,Soria,4.0,0
2020,Santa Cruz de Tenerife,2.0,0
2019,Zamora,1.0,0
2019,La Rioja,5.0,0
2024,León,10.0,0
2019,La Coruña,10.0,0
2021,Córdoba,5.0,0
2025,Jaén,,0
2024,Albacete,7.0,0
2020,Valladolid,9.0,0
2025,Melilla,,0
2025,Ciudad Real,8.0,0
2025,Sevilla,1.0,0
2025,Zaragoza,,0
2024,Girona,9.0,0
2022,Islas Baleares,5.0,0
2023,Islas Baleares,10.0,0
2019,Cuenca,7.0,0
2025,Islas Baleares,3.0,0
2021,Murcia,1.0,0
2022,Salamanca,8.0,0
2023,Barcelona,7.0,0
2022,Alicante,4.0,0
2023,Álava,1.0,0
2019,Ceuta,,0
2022,Almería,10.0,0
2020,Alicante,10.0,0
2025,Málaga,5.0,0
2020,Valencia,2.0,0
2019,Zamora,3.0,0
2021,Madrid,7.0,0
2024,Toledo,4.0,0
2023,Cádiz,2.0,0
2020,Córdoba,10.0,0
2024,Córdoba,9.0,0
2024,Badajoz,6.0,0
2020,Ceuta,,0
2020,Lleida,8.0,0
2021,Girona,,0
2025,Girona,4.0,0
2026,Granada,1.0,0
2023,Teruel,10.0,0
2025,Málaga,,0
2023,Burgos,,0
2020,Santa Cruz de Tenerife,10.0,0
2023,Cádiz,,0
2023,Huelva,6.0,0
2023,Lleida,8.0,0
2023,Jaén,4.0,0
2024,Lleida,3.0,0
2020,Vizcaya,2.0,0
2019,Teruel,3.0,0
2022,Cáceres,10.0,0
2024,La Coruña,6.0,0
2024,Madrid,7.0,0
2022,Cáceres,3.0,0
2021,Zamora,4.0,0
2023,Girona,7.0,0
2024,Lleida,6.0,0
2021,Zaragoza,,0
2024,Álava,,0
2022,Guipúzcoa,,0
2024,Córdoba,3.0,0
2025,Vizcaya,10.0,0
2023,Navarra,3.0,0
2025,León,5.0,0
2019,Córdoba,,0
2019,Valladolid,8.0,0
2024,La Coruña,,0
2024,Barcelona,,0
2021,Zamora,4.0,0
2021,Salamanca,1.0,0
2023,Badajoz,5.0,0
2022,Melilla,,0
2020,Teruel,4.0,0
2021,Salamanca,6.0,0
2021,Zamora,7.0,0
2023,León,4.0,0
2025,Ávila,,0
2025,Girona,1.0,0
2024,Asturias,,0
2019,Girona,5.0,0
2025,Badajoz,1.0,0
2026,Albacete,7.0,0
2021,Barcelona,7.0,0
2020,Pontevedra,10.0,0
2020,Cádiz,,0
2022,Melilla,10.0,0
2022,Huesca,8.0,0
2025,Granada,,0
2024,Santa Cruz de Tenerife,7.0,0
2021,Lleida,6.0,0
2026,Lleida,9.0,0
2024,Huesca,6.0,0
2019,Castellón,,0
2020,Alicante,4.0,0
2022,Cantabria,,0
2020,Sevilla,7.0,0
2026,Vizcaya,3.0,0
2021,Ceuta,2.0,0
2019,Madrid,,0
2024,Castellón,5.0,0
2022,Salamanca,6.0,0
2026,Albacete,8.0,0
2019,Badajoz,,0
2021,Cuenca,6.0,0
2024,Sevilla,7.0,0
2024,Teruel,9.0,0
2019,Lugo,1.0,0
2021,Álava,9.0,0
2023,Vizcaya,5.0,0
2019,Alicante,,0
2022,Barcelona,1.0,0
2025,Santa Cruz de Tenerife,7.0,0
2019,Barcelona,8.0,0
2020,Ciudad Real,,0
2021,Navarra,2.0,0
2019,Valencia,8.0,0
2021,Teruel,6.0,0
2025,Burgos,2.0,0
2021,Zaragoza,4.0,0
2024,Huesca,2.0,0
2022,Vizcaya,3.0,0
2022,Lleida,6.0,0
2021,Murcia,6.0,0
2024,Jaén,8.0,0
2022,Albacete,6.0,0
2022,León,6.0,0
2026,Córdoba,7.0,0
2025,Zaragoza,7.0,0
2019,Granada,,0
2023,Huesca,7.0,0
2021,Las Palmas,1.0,0
2025,Guadalajara,,0
2024,Lugo,1.0,0
2025,Navarra,,0
2025,Cantabria,1.0,0
2021,Salamanca,4.0,0
2026,Segovia,8.0,0
2023,Lleida,9.0,0
2021,Guadalajara,7.0,0
2019,Zamora,8.0,0
2026,Lleida,5.0,0
2024,Ciudad Real,6.0,0
2023,Cáceres,10.0,0
2022,Asturias,10.0,0
2020,Burgos,4.0,0
2025,Ciudad Real,9.0,0
2024,Salamanca,6.0,0
2024,Girona,5.0,0
2025,Alicante,7.0,0
2021,Ávila,2.0,0
2020,Ávila,2.0,0
2022,Castellón,8.0,0
2023,Zaragoza,2.0,0
2019,Burgos,5.0,0
2023,Albacete,2.0,0
2022,Guipúzcoa,6.0,0
2019,Burgos,5.0,0
2021,Alicante,8.0,0
2019,Girona,2.0,0
2022,Lugo,,0
2020,Cáceres,,0
2022,Huelva,2.0,0
2020,Cuenca,4.0,0
2023,Ávila,8.0,0
2021,Cáceres,7.0,0
2022,Guipúzcoa,9.0,0
2022,La Rioja,4.0,0
2019,Castellón,9.0,0
2020,Sevilla,,0
2022,Valencia,10.0,0
2020,La Coruña,2.0,0
2021,Teruel,,0
2025,Salamanca,1.0,0
2021,Guadalajara,6.0,0
2024,Cantabria,6.0,0
2026,Las Palmas,2.0,0
2023,León,10.0,0
2025,Málaga,,0
2024,Ceuta,8.0,0
2023,Soria,,0
2021,Teruel,,0
2020,Vizcaya,10.0,0
2019,Vizcaya,4.0,0
2020,Murcia,4.0,0
2025,La Coruña,1.0,0
2025,Sevilla,2.0,0
2025,Ciudad Real,4.0,0
2026,Jaén,3.0,0
2020,Málaga,,0
2020,Lleida,3.0,0
2019,Ceuta,8.0,0
2026,Málaga,4.0,0
2020,Islas Baleares,,0
2022,Granada,6.0,0
2022,Pontevedra,8.0,0
2024,Córdoba,,0
2019,Madrid,10.0,0
2019,Las Palmas,10.0,0
2024,Sevilla,8.0,0
2021,Ávila,5.0,0
2022,Barcelona,10.0,0
2020,Lleida,4.0,0
2023,Valladolid,4.0,0
2024,Badajoz,,0
2019,Badajoz,,0
2025,Navarra,,0
2023,Navarra,7.0,0
2022,Jaén,6.0,0
2022,Soria,10.0,0
2020,Ciudad Real,10.0,0
2020,Santa Cruz de Tenerife,1.0,0
2025,Navarra,9.0,0
2025,Cuenca,2.0,0
2022,Valladolid,2.0,0
2024,Lleida,,0
2019,Cantabria,3.0,0
2020,Orense,8.0,0
2022,Salamanca,5.0,0
2025,Soria,1.0,0
2021,Valencia,3.0,0
2021,Orense,7.0,0
2021,Melilla,,0
2021,Albacete,,0
2022,Jaén,10.0,0
2019,Valladolid,1.0,0
2023,Segovia,9.0,0
2023,Salamanca,5.0,0
2023,Huesca,6.0,0
2022,Toledo,,0
2022,Córdoba,,0
2019,Cáceres,8.0,0
2024,Santa Cruz de Tenerife,,0
2024,Burgos,6.0,0
2023,Guipúzcoa,9.0,0
2020,Ceuta,9.0,0
2019,Teruel,,0
2019,Burgos,9.0,0
2023,Santa Cruz de Tenerife,1.0,0
2026,Guipúzcoa,,0
2019,Álava,,0
2022,Zamora,6.0,0
2024,Valencia,8.0,0
2023,Asturias,9.0,0
2021,Córdoba,,0
2022,Lleida,1.0,0
2025,Sevilla,9.0,0
2021,Alicante,4.0,0
2024,Navarra,,0
2024,Granada,6.0,0
2021,Lleida,9.0,0
2025,Lugo,,0
2022,La Rioja,9.0,0
2022,Las Palmas,5.0,0
2023,Toledo,2.0,0
2019,Cuenca,5.0,0
2021,Tarragona,8.0,0
2021,Melilla,8.0,0
2024,Guadalajara,2.0,0
2021,Cuenca,6.0,0
2023,Ávila,4.0,0
2024,La Coruña,6.0,0
2020,Barcelona,,0
2025,Badajoz,1.0,0
2020,Soria,6.0,0
2025,Barcelona,10.0,0
2025,Orense,6.0,0
2020,Almería,5.0,0
2021,Salamanca,,0
2026,Albacete,9.0,0
2026,Burgos,8.0,0
2024,Girona,1.0,0
2019,Burgos,8.0,0
2021,Salamanca,,0
2019,Valladolid,,0
2019,Albacete,3.0,0
2020,Zaragoza,4.0,0
2025,Navarra,10.0,0
2021,Las Palmas,6.0,0
2022,Valladolid,3.0,0
2020,Cádiz,3.0,0
2020,Zaragoza,7.0,0
2023,Murcia,3.0,0
2020,Teruel,,0
2024,Ceuta,6.0,0
2021,Valencia,10.0,0
2022,Málaga,5.0,0
2024,Málaga,2.0,0
2022,Asturias,10.0,0
2019,Badajoz,5.0,0
2022,Tarragona,7.0,0
2019,Palencia,2.0,0
2022,Pontevedra,2.0,0
2025,Ceuta,,0
2025,Lugo,5.0,0
2021,León,8.0,0
2025,Guipúzcoa,8.0,0
2021,Burgos,6.0,0
2020,Soria,5.0,0
2020,Guadalajara,,0
2023,Teruel,6.0,0
2024,Soria,5.0,0
2024,Segovia,2.0,0
2022,Teruel,8.0,0
2022,Salamanca,,0
2024,Toledo,3.0,0
2021,Madrid,1.0,0
2022,Córdoba,7.0,0
2019,Las Palmas,5.0,0
2021,Murcia,10.0,0
2023,León,7.0,0
2022,Valladolid,5.0,0
2025,Cuenca,6.0,0
2024,Lleida,5.0,0
2024,Jaén,,0
2024,Teruel,,0
2025,Álava,3.0,0
2019,Las Palmas,5.0,0
2024,Palencia,7.0,0
2022,Lleida,7.0,0
2021,Álava,6.0,0
2021,Segovia,9.0,0
2020,Cádiz,9.0,0
2019,Ceuta,5.0,0
2023,Salamanca,2.0,0
2019,Santa Cruz de Tenerife,2.0,0
2024,Orense,6.0,0
2022,Asturias,5.0,0
2024,Castellón,7.0,0
2025,Valencia,2.0,0
2024,Santa Cruz de Tenerife,7.0,0
2022,La Rioja,6.0,0
2024,Almería,8.0,0
2025,Lleida,8.0,0
2020,Sevilla,,0
2022,Huesca,4.0,0
2022,La Coruña,2.0,0
2019,Girona,1.0,0
2022,Granada,4.0,0
2024,Álava,,0
2024,Teruel,8.0,0
2026,Lleida,,0
2021,Lugo,2.0,0
2021,Valencia,2.0,0
2021,Madrid,8.0,0
2021,Lleida,,0
2025,Guadalajara,3.0,0
2019,Valencia,4.0,0
2022,Melilla,3.0,0
2019,La Rioja,1.0,0
2024,Santa Cruz de Tenerife,4.0,0
2019,Burgos,8.0,0
2022,Madrid,1.0,0
2022,Santa Cruz de Tenerife,9.0,0
2019,Huesca,6.0,0
2019,Pontevedra,10.0,0
2023,Lleida,7.0,0
2024,Cantabria,6.0,0
2025,Málaga,5.0,0
2023,Alicante,,0
2020,Sevilla,3.0,0
2023,Pontevedra,8.0,0
2026,Orense,10.0,0
2023,La Coruña,1.0,0
2025,Teruel,10.0,0
2026,La Coruña,3.0,0
2020,Orense,5.0,0
2021,La Rioja,,0
2025,La Rioja,9.0,0
2024,Zamora,,0
2025,Guipúzcoa,4.0,0
2021,Salamanca,2.0,0
2026,Sevilla,,0
2019,Cantabria,2.0,0
2021,Sevilla,10.0,0
2019,Palencia,,0
2025,Málaga,1.0,0
2019,Santa Cruz de Tenerife,5.0,0
2024,Valladolid,2.0,0
2026,Orense,,0
2026,Soria,,0
2019,Girona,,0
2022,Soria,2.0,0
2025,Cádiz,,0
2023,Ceuta,,0
2022,Lleida,,0
2022,Soria,4.0,0
2024,Lleida,9.0,0
2025,Ceuta,10.0,0
2019,Tarragona,4.0,0
2019,Soria,10.0,0
2025,Zamora,7.0,0
2023,Albacete,2.0,0
2024,Lugo,8.0,0
2024,Ceuta,10.0,0
2026,Barcelona,5.0,0
2022,Lleida,3.0,0
2023,Ceuta,2.0,0
2024,Palencia,5.0,0
2020,Valladolid,10.0,0
2021,Málaga,4.0,0
2022,Santa Cruz de Tenerife,7.0,0
2025,Burgos,6.0,0
2023,Palencia,,0
2024,Álava,7.0,0
2021,Ávila,6.0,0
2023,Las Palmas,1.0,0
2021,Guipúzcoa,2.0,0
2024,Huesca,2.0,0
2024,Cuenca,,0
2023,Tarragona,9.0,0
2020,Soria,6.0,0
2019,Jaén,8.0,0
2020,Cádiz,1.0,0
2020,Orense,1.0,0
2026,Las Palmas,10.0,0
2021,Melilla,1.0,0
2019,Islas Baleares,6.0,0
2021,Cantabria,10.0,0
2024,La Rioja,3.0,0
2024,Zamora,,0
2026,Burgos,4.0,0
2020,Jaén,10.0,0
2022,Murcia,,0
2024,Madrid,4.0,0
2025,Pontevedra,7.0,0
2020,Valencia,5.0,0
2023,Ávila,7.0,0
2020,Navarra,5.0,0
2022,Cádiz,10.0,0
2024,Córdoba,6.0,0
2020,Lleida,1.0,0
2024,Zamora,7.0,0
2020,Pontevedra,9.0,0
2019,Huesca,,0
2022,Huesca,7.0,0
2022,Valladolid,9.0,0
2019,Asturias,,0
2021,Ciudad Real,10.0,0
2019,Almería,,0
2021,Sevilla,9.0,0
2020,Valladolid,8.0,0
2023,Guipúzcoa,9.0,0
2022,Badajoz,10.0,0
2021,Castellón,2.0,0
2026,Albacete,,0
2023,Huelva,8.0,0
2020,Tarragona,1.0,0
2022,Cádiz,,0
2023,Jaén,9.0,0
2019,Segovia,7.0,0
2022,Cuenca,,0
2022,Girona,8.0,0
2025,Lleida,3.0,0
2022,Melilla,1.0,0
2024,Teruel,,0
2019,Granada,8.0,0
2026,Málaga,7.0,0
2023,Toledo,2.0,0
2023,La Coruña,6.0,0
2023,Las Palmas,6.0,0
2024,Salamanca,7.0,0
2024,Navarra,7.0,0
2019,Sevilla,3.0,0
2022,Barcelona,1.0,0
2023,Santa Cruz de Tenerife,1.0,0
2023,Cantabria,,0
2021,Valladolid,2.0,0
2022,Madrid,5.0,0
2020,Burgos,,0
2020,Girona,2.0,0
2021,Zamora,1.0,0
2021,Soria,4.0,0
2022,Segovia,1.0,0
2024,Tarragona,6.0,0
2024,Sevilla,,0
2024,Huesca,9.0,0
2024,Murcia,5.0,0
2023,La Rioja,6.0,0
2020,Huelva,3.0,0
2025,Vizcaya,7.0,0
2019,Zaragoza,10.0,0
2023,Vizcaya,1.0,0
2025,Las Palmas,4.0,0
2024,Burgos,9.0,0
2019,La Rioja,1.0,0
2023,La Coruña,,0
2025,Málaga,8.0,0
2021,La Rioja,6.0,0
2023,Navarra,,0
2021,Lleida,8.0,0
2019,Girona,,0
2024,Alicante,6.0,0
2023,Girona,1.0,0
2022,Pontevedra,3.0,0
2019,Girona,,0
2025,Vizcaya,,0
2019,Vizcaya,9.0,0
2023,La Coruña,2.0,0
2022,Palencia,4.0,0
2020,Tarragona,3.0,0
2023,Guipúzcoa,,0
2020,Lleida,10.0,0
2025,Lleida,,0
2021,Lleida,,0
2020,Huesca,5.0,0
2023,Huelva,6.0,0
2022,Soria,2.0,0
2020,Ceuta,,0
2022,Tarragona,9.0,0
2021,Cantabria,1.0,0
2026,Girona,,0
2023,Huesca,9.0,0
2026,Santa Cruz de Tenerife,3.0,0
2023,Sevilla,5.0,0
2021,Islas Baleares,3.0,0
2020,Granada,,0
2019,Girona,6.0,0
2025,Girona,4.0,0
2020,Guipúzcoa,9.0,0
2023,Salamanca,,0
2023,Orense,4.0,0
2023,Girona,,0
2026,Ciudad Real,9.0,0
2019,Murcia,7.0,0
2019,Ávila,4.0,0
2019,La Coruña,3.0,0
2023,Orense,7.0,0
2025,Álava,,0
2023,Las Palmas,6.0,0
2026,Asturias,9.0,0
2022,Almería,9.0,0
2022,Asturias,10.0,0
2019,Sevilla,5.0,0
2021,Girona,2.0,0
2025,Cádiz,9.0,0
2026,Burgos,2.0,0
2020,Zamora,3.0,0
2025,Cuenca,3.0,0
2025,Guadalajara,7.0,0
2021,Vizcaya,9.0,0
2021,Lleida,1.0,0
2019,Albacete,,0
2024,Girona,4.0,0
2019,Albacete,9.0,0
2024,Madrid,7.0,0
2023,Zaragoza,,0
2020,Murcia,10.0,0
2019,Barcelona,6.0,0
2023,Guadalajara,7.0,0
2019,Palencia,7.0,0
2020,Cuenca,,0
2022,Cuenca,,0
2025,Castellón,10.0,0
2019,Jaén,8.0,0
2023,Albacete,7.0,0
2025,Melilla,5.0,0
2019,Ceuta,7.0,0
2025,Córdoba,2.0,0
2025,Barcelona,3.0,0
2019,Segovia,10.0,0
2023,Teruel,4.0,0
2022,Huelva,1.0,0
2020,Granada,,0
2019,Zaragoza,1.0,0
2025,Cantabria,4.0,0
2021,Santa Cruz de Tenerife,6.0,0
2023,Valladolid,6.0,0
2025,Ceuta,,0
2023,Girona,1.0,0
2020,Lugo,1.0,0
2020,Vizcaya,5.0,0
2024,Palencia,3.0,0
2020,Cuenca,6.0,0
2023,Santa Cruz de Tenerife,9.0,0
2026,Toledo,,0
2023,Madrid,,0
2019,Guadalajara,3.0,0
2026,Córdoba,8.0,0
2019,Lleida,8.0,0
2026,Burgos,,0
2022,Jaén,5.0,0
2020,Salamanca,10.0,0
2023,Soria,,0
2025,Navarra,3.0,0
2021,Albacete,3.0,0
2022,Asturias,4.0,0
2020,Badajoz,2.0,0
2023,Santa Cruz de Tenerife,5.0,0
2026,Zamora,1.0,0
2025,Orense,,0
2019,Toledo,4.0,0
2026,Asturias,7.0,0
2020,Zaragoza,,0
2022,Santa Cruz de Tenerife,5.0,0
2022,Álava,5.0,0
2023,La Rioja,4.0,0
2025,Teruel,6.0,0
2023,Girona,5.0,0
2025,Badajoz,6.0,0
2022,Girona,1.0,0
2023,Madrid,2.0,0
2019,Cantabria,8.0,0
2020,Melilla,5.0,0
2021,Santa Cruz de Tenerife,1.0,0
2024,Pontevedra,,0
2025,Tarragona,5.0,0
2025,Vizcaya,7.0,0
2025,Madrid,2.0,0
2019,Cuenca,2.0,0
2024,Soria,,0
2025,Zamora,8.0,0
2023,Melilla,,0
2024,Castellón,9.0,0
2024,Guadalajara,4.0,0
2024,Pontevedra,4.0,0
2026,Girona,7.0,0
2023,Ceuta,2.0,0
2025,Burgos,8.0,0
2026,Ciudad Real,7.0,0
2024,Málaga,9.0,0
2020,Barcelona,3.0,0
2023,Huelva,5.0,0
2019,Tarragona,6.0,0
2024,Girona,3.0,0
2024,Salamanca,,0
2021,Jaén,5.0,0
2020,Almería,10.0,0
2020,Teruel,7.0,0
2025,Valencia,5.0,0
2020,Jaén,4.0,0
2019,Girona,8.0,0
2023,Palencia,,0
2026,Vizcaya,,0
2026,La Rioja,5.0,0
2025,La Rioja,,0
2023,La Coruña,1.0,0
2024,Zamora,6.0,0
2024,Lleida,5.0,0
2025,Santa Cruz de Tenerife,6.0,0
2025,Pontevedra,3.0,0
2025,Cádiz,9.0,0
2023,Asturias,,0
2023,Palencia,6.0,0
2025,Álava,3.0,0
2021,Navarra,4.0,0
2025,Tarragona,6.0,0
2024,Palencia,9.0,0
2023,Orense,2.0,0
2026,Girona,8.0,0
2025,Guadalajara,4.0,0
2023,Castellón,,0
2023,Cantabria,8.0,0
2022,Álava,7.0,0
2024,Salamanca,7.0,0
2025,Zamora,6.0,0
2023,Teruel,,0
2026,La Coruña,6.0,0
2024,Lleida,5.0,0
2023,Ávila,9.0,0
2021,Almería,6.0,0
2023,Alicante,5.0,0
2021,Badajoz,1.0,0
2023,Valencia,10.0,0
2019,Santa Cruz de Tenerife,8.0,0
2022,Castellón,,0
2024,Albacete,6.0,0
2019,Lleida,,0
2019,Toledo,,0
2022,Guipúzcoa,2.0,0
2022,Huelva,1.0,0
2024,Zamora,7.0,0
2026,Jaén,4.0,0
2023,Orense,9.0,0
2019,Pontevedra,10.0,0
2019,León,9.0,0
2021,Ciudad Real,3.0,0
2023,Madrid,8.0,0
2022,Tarragona,1.0,0
2021,Melilla,,0
2024,Alicante,1.0,0
2019,Salamanca,9.0,0
2023,La Coruña,1.0,0
2023,Huesca,3.0,0
2019,Ceuta,6.0,0
2026,Ciudad Real,,0
2023,Cuenca,3.0,0
2026,Alicante,10.0,0
2025,Melilla,2.0,0
2025,Salamanca,1.0,0
2024,Córdoba,10.0,0
2021,Huelva,6.0,0
2020,Lleida,3.0,0
2020,Guipúzcoa,,0
2025,Ávila,1.0,0
2020,Lleida,,0
2020,Teruel,5.0,0
2023,Melilla,5.0,0
2024,Melilla,6.0,0
2022,Guadalajara,5.0,0
2020,Cáceres,9.0,0
2023,Toledo,10.0,0
2022,Álava,1.0,0
2022,Cáceres,3.0,0
2021,Las Palmas,3.0,0
2020,León,10.0,0
2022,Salamanca,10.0,0
2019,Cádiz,10.0,0
2019,Soria,,0
2021,Cuenca,9.0,0
2021,Murcia,9.0,0
2020,Santa Cruz de Tenerife,10.0,0
2023,Cuenca,4.0,0
2019,Álava,6.0,0
2023,Guipúzcoa,,0
2022,Huesca,,0
2019,Málaga,9.0,0
2025,Las Palmas,9.0,0
2023,Madrid,8.0,0
2022,Cáceres,7.0,0
2019,Málaga,8.0,0
2024,Orense,,0
2021,Zaragoza,,0
2021,Soria,5.0,0
2022,Lleida,7.0,0
2024,Soria,6.0,0
2025,Vizcaya,4.0,0
2020,Valencia,2.0,0
2023,Ávila,,0
2021,Cádiz,4.0,0
2023,Córdoba,9.0,0
2021,Barcelona,5.0,0
2020,Álava,4.0,0
2020,Madrid,,0
2026,Ceuta,,0
2023,Jaén,5.0,0
2023,Burgos,8.0,0
2022,Navarra,2.0,0
2020,Valladolid,9.0,0
2023,Lleida,,0
2019,Soria,1.0,0
2019,Albacete,1.0,0
2020,Tarragona,,0
2022,Álava,,0
2026,Valladolid,3.0,0
2019,Guipúzcoa,8.0,0
2022,Cáceres,5.0,0
2019,Córdoba,4.0,0
2023,Guadalajara,,0
2020,León,,0
2021,Soria,1.0,0
2025,Lleida,9.0,0
2019,Girona,8.0,0
2021,Madrid,2.0,0
2024,Tarragona,1.0,0
2021,Huelva,5.0,0
2025,Islas Baleares,10.0,0
2019,Murcia,10.0,0
2020,Santa Cruz de Tenerife,7.0,0
2024,Ávila,10.0,0
2020,Huesca,,0
2021,Toledo,,0
2024,Málaga,,0
2022,Lleida,,0
2024,Huesca,1.0,0
2025,Málaga,5.0,0
2021,Cáceres,2.0,0
2020,Sevilla,,0
2022,Girona,5.0,0
2020,Cantabria,4.0,0
2022,Guipúzcoa,1.0,0
2022,Córdoba,,0
2019,Segovia,5.0,0
2025,Soria,,0
2021,La Rioja,1.0,0
2024,Soria,2.0,0
2024,Navarra,9.0,0
2024,Córdoba,5.0,0
2021,Las Palmas,7.0,0
2021,Toledo,4.0,0
2021,Girona,2.0,0
2019,Albacete,1.0,0
2022,La Rioja,5.0,0
2023,Almería,10.0,0
2021,Albacete,8.0,0
2025,Álava,7.0,0
2021,Vizcaya,3.0,0
2022,Toledo,5.0,0
2020,Melilla,1.0,0
2019,Alicante,8.0,0
2019,Girona,,0
2019,Segovia,5.0,0
2025,Guadalajara,6.0,0
2019,Santa Cruz de Tenerife,2.0,0
2020,Almería,1.0,0
2020,Zaragoza,5.0,0
2024,Sevilla,2.0,0
2023,Badajoz,5.0,0
2023,Zamora,,0
2021,Lleida,10.0,0
2020,Lleida,1.0,0
2025,Girona,,0
2025,Madrid,10.0,0
2021,Islas Baleares,8.0,0
2020,León,2.0,0
2025,Burgos,8.0,0
2025,Zamora,,0
2026,Málaga,8.0,0
2020,Almería,6.0,0
2022,Toledo,,0
2026,Granada,8.0,0
2023,Álava,4.0,0
2024,Sevilla,9.0,0
2024,León,7.0,0
2025,Girona,,0
2019,Córdoba,5.0,0
2024,Barcelona,1.0,0
2024,Badajoz,10.0,0
2019,Alicante,,0
2022,Córdoba,3.0,0
2022,Teruel,,0
2020,Badajoz,2.0,0
2023,Melilla,1.0,0
2025,Girona,5.0,0
2025,Cádiz,8.0,0
2026,Lleida,10.0,0
2019,Islas Baleares,10.0,0
2026,Palencia,9.0,0
2024,Lleida,8.0,0
2023,Valencia,7.0,0
2022,Murcia,5.0,0
2019,Zaragoza,3.0,0
2023,Huelva,4.0,0
2019,Jaén,2.0,0
2024,Tarragona,,0
2024,Álava,4.0,0
2025,Tarragona,2.0,0
2025,Álava,6.0,0
2025,Girona,1.0,0
2024,Ceuta,,0
2021,Las Palmas,5.0,1
2024,Girona,6.0,0
2022,La Coruña,8.0,0
2021,Ceuta,2.0,0
2023,Islas Baleares,,0
2025,Ávila,5.0,0
2023,Girona,4.0,0
2024,Lleida,7.0,0
2024,Tarragona,,0
2021,Tarragona,2.0,0
2022,Alicante,,0
2024,Álava,9.0,0
2023,León,8.0,0
2020,Salamanca,,0
2020,Segovia,,0
2024,Cádiz,5.0,0
2024,Huesca,7.0,0
2019,Alicante,7.0,0
2024,Segovia,7.0,0
2023,Orense,1.0,0
2023,Melilla,,0
2023,Segovia,9.0,0
2020,Sevilla,5.0,0
2021,Almería,,0
2026,Madrid,8.0,0
2019,Burgos,,0
2023,Huelva,6.0,0
2022,Orense,7.0,0
2020,Córdoba,9.0,0
2022,Girona,9.0,0
2022,Navarra,,0
2022,Málaga,6.0,0
2023,Toledo,10.0,0
2021,Cantabria,1.0,0
2021,Lleida,5.0,0
2020,Salamanca,7.0,0
2021,Ceuta,2.0,0
2025,Ceuta,10.0,0
2023,Castellón,4.0,0
2021,Zaragoza,3.0,0
2021,León,1.0,0
2026,Huelva,7.0,0
2024,Almería,1.0,0
2019,Sevilla,7.0,0
2019,Murcia,7.0,0
2023,Guipúzcoa,5.0,0
2024,Santa Cruz de Tenerife,,0
2024,Almería,10.0,0
2022,Alicante,,0
2022,Almería,,0
2019,Almería,5.0,0
2019,Cantabria,,0
2024,Málaga,2.0,0
2020,Granada,5.0,0
2020,Islas Baleares,,0
2019,Zamora,7.0,0
2020,Huesca,5.0,0
2022,Pontevedra,,0
2024,Huelva,8.0,0
2021,Lleida,5.0,0
2024,Almería,5.0,0
2019,Lleida,6.0,0
2023,Las Palmas,7.0,0
2025,León,5.0,0
2022,Granada,3.0,0
2019,Teruel,4.0,0
2023,Badajoz,7.0,0
2019,Álava,7.0,0
2020,Lleida,,0
2022,Teruel,1.0,0
2023,Valladolid,9.0,0
2022,Huelva,1.0,0
2020,Cuenca,5.0,0
2022,Toledo,8.0,0
2022,Girona,9.0,0
2022,Asturias,9.0,0
2020,Burgos,,0
2022,Salamanca,8.0,0
2025,Vizcaya,6.0,0
2022,Girona,9.0,0
2023,Segovia,9.0,0
2026,Ciudad Real,,0
2019,Tarragona,8.0,0
2024,Almería,,0
2026,Cantabria,4.0,0
2022,Navarra,,0
2026,Tarragona,10.0,0
2021,Granada,9.0,0
2024,Albacete,,0
2025,Lleida,4.0,0
2021,Ceuta,7.0,0
2025,Almería,1.0,0
2024,Islas Baleares,3.0,0
2021,Huesca,4.0,0
2025,Zaragoza,10.0,0
2021,Girona,,0
2023,Guipúzcoa,2.0,0
2025,La Coruña,1.0,0
2020,Lleida,8.0,0
2020,Castellón,1.0,0
2025,Las Palmas,7.0,0
2023,Cuenca,,0
2026,Lugo,8.0,0
2020,Huesca,1.0,0
2020,León,1.0,0
2020,Córdoba,5.0,0
2025,Lleida,10.0,0
2023,León,4.0,0
2024,Barcelona,7.0,0
2020,La Coruña,7.0,0
2020,Orense,9.0,0
2024,Segovia,7.0,0
2024,Pontevedra,6.0,0
2022,La Coruña,,0
2024,Cantabria,2.0,0
2024,Granada,10.0,0
2021,Asturias,4.0,0
2025,Guipúzcoa,1.0,0
2025,Segovia,2.0,0
2026,Santa Cruz de Tenerife,7.0,0
2019,Sevilla,,0
2020,Palencia,6.0,0
2022,Valencia,1.0,0
2019,Las Palmas,10.0,0
2020,Soria,6.0,0
2021,Ávila,5.0,0
2020,Almería,3.0,0
2020,Toledo,2.0,0
2026,Madrid,6.0,0
2020,Ciudad Real,4.0,0
2021,Cáceres,3.0,0
2021,León,4.0,0
2019,Valladolid,,0
2019,Vizcaya,10.0,0
2024,Jaén,,0
2022,Valencia,1.0,0
2023,Zaragoza,5.0,0
2023,Murcia,,0
2025,Cuenca,2.0,0
2020,Toledo,7.0,0
2022,Cáceres,4.0,0
2023,Teruel,8.0,0
2023,Castellón,,0
2024,Cáceres,8.0,0
2024,Sevilla,7.0,0
2022,Ciudad Real,10.0,0
2019,Lugo,4.0,0
2019,Huesca,8.0,0
2020,Málaga,4.0,0
2019,Toledo,10.0,0
2022,Palencia,8.0,0
2020,Islas Baleares,,0
2021,Lleida,3.0,0
2022,Albacete,2.0,0
2020,Badajoz,1.0,0
2019,La Rioja,1.0,0
2024,Palencia,,0
2022,Alicante,3.0,0
2022,Álava,4.0,0
2020,Alicante,2.0,0
2019,Córdoba,4.0,0
2025,Sevilla,7.0,0
2021,Tarragona,10.0,0
2022,Badajoz,1.0,0
2022,Jaén,6.0,0
2023,Almería,10.0,0
2021,Santa Cruz de Tenerife,2.0,0
2022,Cádiz,1.0,0
2020,Murcia,6.0,0
2026,Girona,7.0,0
2022,Ávila,8.0,0
2025,Jaén,1.0,0
2026,Madrid,5.0,0
2024,Alicante,5.0,0
2026,Lleida,8.0,0
2024,Cádiz,2.0,0
2020,Pontevedra,5.0,0
2020,Zaragoza,8.0,0
2021,Zamora,6.0,0
2020,Valladolid,9.0,0
2023,Almería,10.0,0
2020,Murcia,,0
2022,Huelva,9.0,0
2022,Alicante,10.0,0
2019,Álava,9.0,0
2020,Cáceres,6.0,0
2024,Guadalajara,,0
2020,Madrid,6.0,0
2023,Lugo,,0
2020,Zamora,,0
2019,Girona,,0
2023,La Coruña,2.0,0
2024,León,4.0,0
2024,Castellón,8.0,0
2023,Lugo,5.0,0
2024,Islas Baleares,4.0,0
2020,Córdoba,9.0,0
2022,Tarragona,2.0,0
2023,Murcia,7.0,0
2021,Toledo,7.0,0
2019,Castellón,4.0,0
2019,Zaragoza,,0
2022,Castellón,4.0,0
2024,Badajoz,10.0,0
2024,Málaga,4.0,0
2019,Málaga,7.0,0
2021,Salamanca,3.0,0
2021,Sevilla,3.0,0
2026,Salamanca,3.0,0
2020,Las Palmas,3.0,0
2019,Granada,5.0,0
2019,Cádiz,3.0,0
2024,Orense,3.0,0
2024,Segovia,10.0,0
2019,Toledo,4.0,0
2023,Las Palmas,6.0,0
2024,Granada,9.0,0
2024,Cádiz,,0
2021,Málaga,9.0,0
2022,Córdoba,10.0,0
2021,Sevilla,9.0,0
2024,Navarra,8.0,0
2019,Cuenca,,0
2023,Jaén,5.0,0
2021,Tarragona,,0
2022,Barcelona,,0
2023,Tarragona,7.0,0
2020,Lugo,4.0,0
2023,Girona,5.0,0
2021,Orense,7.0,0
2023,Navarra,1.0,0
2021,Melilla,8.0,0
2020,Guadalajara,,0
2022,Alicante,9.0,0
2021,Lleida,6.0,0
2019,Madrid,10.0,0
2026,La Coruña,,0
2022,Albacete,3.0,0
2026,Burgos,5.0,0
2021,Navarra,7.0,0
2019,Barcelona,,0
2025,Girona,8.0,0
2022,Las Palmas,8.0,0
2020,Segovia,7.0,0
2021,Las Palmas,6.0,0
2024,Badajoz,10.0,0
2022,Zaragoza,8.0,0
2019,Vizcaya,4.0,0
2023,Vizcaya,10.0,0
2022,Pontevedra,4.0,0
2022,Badajoz,1.0,0
2026,Cuenca,1.0,0
2025,Huelva,7.0,0
2025,Castellón,1.0,0
2020,Toledo,2.0,0
2020,Vizcaya,6.0,0
2025,Girona,2.0,0
2020,Álava,8.0,0
2021,Sevilla,2.0,0
2026,Vizcaya,5.0,0
2019,Ciudad Real,7.0,0
2024,Lleida,8.0,0
2019,Segovia,,0
2025,Zaragoza,,0
2025,Zaragoza,,0
2019,Guipúzcoa,3.0,0
2022,Badajoz,4.0,0
2022,Sevilla,,0
2019,Valladolid,8.0,0
2022,Salamanca,,0
2019,Ceuta,9.0,0
2023,Santa Cruz de Tenerife,9.0,0
2026,Cádiz,,0
2020,Lleida,1.0,0
2025,Burgos,10.0,0
2024,Santa Cruz de Tenerife,8.0,0
2020,Santa Cruz de Tenerife,2.0,0
2019,Zamora,2.0,0
2025,Las Palmas,,0
2025,Jaén,4.0,0
2019,Cantabria,1.0,0
2024,Ciudad Real,,0
2025,Burgos,8.0,0
2023,Cuenca,10.0,0
2021,Melilla,9.0,0
2020,Granada,6.0,0
2023,La Rioja,5.0,0
2025,Salamanca,7.0,0
2021,Castellón,9.0,0
2024,Islas Baleares,10.0,0
2022,Ávila,4.0,0
2022,Córdoba,1.0,0
2021,Zaragoza,4.0,0
2022,Lleida,,0
2020,Ávila,8.0,0
2019,Soria,5.0,0
2024,Palencia,3.0,0
2022,Sevilla,10.0,0
2023,Soria,,0
2019,Melilla,7.0,0
2026,Málaga,7.0,0
2020,Córdoba,,0
2025,Ávila,,0
2021,Ciudad Real,4.0,0
2022,Segovia,,0
2021,Melilla,,0
2024,La Rioja,10.0,0
2026,Palencia,9.0,0
2023,Cantabria,,0
2025,Girona,5.0,0
2024,Guipúzcoa,6.0,0
2020,Lugo,3.0,0
2022,Lleida,8.0,0
2022,Lugo,4.0,0
2024,Castellón,3.0,0
2023,Orense,6.0,0
2022,Guipúzcoa,,0
2025,Córdoba,4.0,0
2022,Burgos,,0
2024,Castellón,5.0,0
2025,Albacete,7.0,0
2020,Cáceres,3.0,0
2026,Cuenca,,0
2019,Barcelona,,0
2021,Sevilla,4.0,0
2019,Cádiz,7.0,0
2023,Salamanca,3.0,0
2020,Palencia,4.0,0
2020,Santa Cruz de Tenerife,10.0,0
2025,Murcia,4.0,0
2026,Albacete,4.0,0
2026,Santa Cruz de Tenerife,,0
2022,Segovia,9.0,0
2019,Huesca,5.0,0
2019,La Rioja,8.0,0
2019,Ávila,6.0,0
2020,Sevilla,9.0,0
2025,Palencia,3.0,0
2021,Álava,1.0,0
2026,Almería,5.0,0
2024,Ciudad Real,10.0,0
2025,Cuenca,2.0,0
2021,Álava,8.0,0
2023,Valladolid,7.0,0
2023,Granada,5.0,0
2024,Cantabria,5.0,0
2021,Burgos,1.0,0
2020,Ciudad Real,6.0,0
2019,Soria,10.0,0
2020,Asturias,,0
2020,Santa Cruz de Tenerife,9.0,0
2019,Teruel,10.0,0
2026,Salamanca,,0
2020,Navarra,,0
2023,Lleida,,0
2023,Guipúzcoa,5.0,0
2025,Pontevedra,4.0,0
2024,Toledo,2.0,0
2021,Cantabria,3.0,0
2022,Melilla,5.0,0
2024,Cáceres,1.0,0
2019,La Coruña,5.0,0
2019,La Rioja,10.0,0
2024,Valladolid,2.0,0
2026,Valladolid,,0
2020,Cádiz,6.0,0
2021,Albacete,10.0,0
2023,Alicante,4.0,0
2023,Palencia,4.0,0
2023,Islas Baleares,4.0,0
2019,Pontevedra,6.0,0
2024,Islas Baleares,1.0,0
2022,Cádiz,,0
2019,Badajoz,2.0,0
2021,Girona,3.0,0
2020,Teruel,3.0,0
2022,Cáceres,,0
2020,Lleida,4.0,0
2026,Zamora,2.0,0
2024,Granada,9.0,0
2025,Asturias,,0
2019,Burgos,6.0,0
2020,León,10.0,0
2025,Toledo,,0
2020,Castellón,6.0,0
2020,Málaga,1.0,0
2020,Cádiz,6.0,0
2019,Granada,4.0,0
2024,Palencia,10.0,0
2025,Salamanca,10.0,0
2024,Cantabria,9.0,0
2019,Teruel,6.0,0
2025,Soria,7.0,0
2020,Teruel,1.0,0
2023,Cáceres,9.0,0
2026,Guipúzcoa,5.0,0
2022,Huelva,2.0,0
2021,Madrid,5.0,0
2020,Orense,6.0,0
2019,Granada,1.0,0
2026,Sevilla,1.0,0
2019,Guadalajara,10.0,0
2020,Valencia,2.0,0
2026,Valladolid,5.0,0
2021,Burgos,,0
2021,Ciudad Real,9.0,0
2023,Soria,4.0,0
2019,Granada,,0
2022,Barcelona,8.0,0
2021,Alicante,1.0,0
2024,Málaga,,0
2020,Santa Cruz de Tenerife,7.0,0
2019,Las Palmas,10.0,0
2025,Zaragoza,9.0,0
2026,Cantabria,10.0,0
2021,Valencia,5.0,0
2024,Lleida,,0
2022,Toledo,,0
2024,La Coruña,,0
2024,Sevilla,,0
2022,Ceuta,7.0,0
2019,Valladolid,7.0,0
2025,Palencia,10.0,0
2026,Albacete,10.0,0
2022,Málaga,9.0,0
2026,Almería,3.0,0
2025,Melilla,2.0,0
2021,Álava,1.0,0
2020,Ciudad Real,1.0,0
2020,Barcelona,1.0,0
2019,Vizcaya,3.0,0
2025,La Rioja,,0
2022,Jaén,4.0,0
2024,Navarra,1.0,0
2019,Barcelona,1.0,0
2021,Teruel,9.0,0
2022,Málaga,10.0,0
2021,Cáceres,8.0,0
2020,Cádiz,5.0,0
2023,Salamanca,7.0,0
2026,Islas Baleares,3.0,0
2022,Guipúzcoa,8.0,0
2023,Córdoba,4.0,0
2021,Cádiz,9.0,0
2022,Ávila,,0
2024,Ávila,9.0,0
2023,Jaén,6.0,0
2026,Albacete,9.0,0
2021,Navarra,7.0,0
2020,Valencia,4.0,0
2019,Valencia,2.0,0
2024,Cantabria,2.0,0
2021,Cáceres,5.0,0
2020,Soria,8.0,0
2022,Madrid,8.0,0
2023,Ávila,3.0,0
2023,Toledo,6.0,0
2024,Madrid,,0
2023,Santa Cruz de Tenerife,1.0,0
2025,Girona,8.0,0
2026,Álava,8.0,0
2022,Álava,6.0,0
2026,La Coruña,,0
2021,Salamanca,6.0,0
2023,Girona,5.0,0
2023,Asturias,,0
2022,Asturias,5.0,0
2020,Girona,,0
2021,La Coruña,5.0,0
2020,Badajoz,4.0,0
2025,Cádiz,8.0,0
2021,Ciudad Real,7.0,0
2020,La Rioja,,0
2024,Sevilla,9.0,0
2019,Sevilla,10.0,0
2024,Murcia,,0
2021,Guadalajara,6.0,0
2021,Huesca,1.0,0
2019,Santa Cruz de Tenerife,,0
2022,Guadalajara,4.0,0
2021,Cádiz,10.0,0
2025,Toledo,3.0,0
2021,Huesca,4.0,0
2024,Sevilla,9.0,0
2019,Lleida,7.0,0
2019,Segovia,3.0,0
2021,Madrid,4.0,0
2020,Cáceres,1.0,0
2019,León,,0
2022,Las Palmas,,0
2022,Girona,2.0,0
2022,Soria,8.0,0
2020,Guadalajara,10.0,0
2023,Asturias,,0
2021,Santa Cruz de Tenerife,10.0,0
2020,Jaén,1.0,0
2021,Orense,5.0,0
2025,Pontevedra,,0
2026,Ciudad Real,,0
2024,Lleida,,0
2022,Girona,9.0,1
2020,Santa Cruz de Tenerife,,0
2021,Las Palmas,1.0,0
2024,Islas Baleares,2.0,0
2021,Granada,3.0,0
2021,Cádiz,7.0,0
2023,Tarragona,1.0,0
2020,Málaga,,0
2024,Santa Cruz de Tenerife,7.0,0
2020,Guipúzcoa,,0
2021,Santa Cruz de Tenerife,7.0,0
2021,La Coruña,5.0,0
2020,Santa Cruz de Tenerife,10.0,0
2019,Cádiz,3.0,0
2023,Málaga,2.0,0
2023,Vizcaya,9.0,0
2023,Sevilla,,0
2025,Soria,,0
2020,Soria,,0
2024,Burgos,3.0,0
2019,Asturias,3.0,0
2021,Girona,,0
2024,Vizcaya,8.0,0
2024,León,1.0,0
2023,Valencia,9.0,0
2019,Huelva,,0
2020,Toledo,3.0,0
2025,Asturias,8.0,0
2022,Santa Cruz de Tenerife,,0
2024,Barcelona,3.0,0
2020,Huesca,8.0,0
2022,Albacete,,0
2024,Valladolid,3.0,0
2021,Guadalajara,8.0,0
2025,Valencia,8.0,0
2023,Cuenca,9.0,0
2023,Ceuta,8.0,0
2026,Madrid,6.0,0
2021,Zaragoza,6.0,0
2020,Girona,3.0,0
2020,León,3.0,0
2022,Ceuta,,0
2019,Cádiz,2.0,0
2024,Córdoba,,0
2020,Castellón,7.0,0
2019,Orense,,0
2025,Ceuta,8.0,0
2019,Badajoz,10.0,0
2025,Islas Baleares,4.0,0
2020,Ciudad Real,3.0,0
2024,Málaga,1.0,0
2023,Almería,1.0,0
2020,Cáceres,5.0,0
2024,Girona,5.0,0
2022,Huelva,4.0,0
2025,La Coruña,1.0,0
2023,Tarragona,,0
2021,Tarragona,4.0,0
2020,La Rioja,,0
2023,Huelva,7.0,0
2019,Cantabria,3.0,0
2025,Burgos,2.0,0
2022,Teruel,6.0,0
2024,Palencia,,0
2021,Islas Baleares,7.0,0
2019,Cuenca,,0
2023,Granada,,0
2021,Ciudad Real,8.0,0
2021,Segovia,8.0,0
2020,Ciudad Real,3.0,0
2024,Tarragona,,0
2019,La Rioja,5.0,0
2020,La Coruña,8.0,0
2020,Almería,4.0,0
2021,La Rioja,,0
2022,León,3.0,0
2023,Murcia,8.0,0
2025,Jaén,9.0,0
2019,Islas Baleares,7.0,0
2023,Guipúzcoa,1.0,0
2021,Cáceres,8.0,0
2022,Teruel,10.0,0
2021,Badajoz,,0
2023,Cuenca,,0
2022,Teruel,2.0,0
2026,Girona,4.0,0
2026,Orense,9.0,0
2026,Cantabria,,0
2025,Guadalajara,7.0,0
2021,Lugo,7.0,0
2022,Madrid,,0
2021,Cuenca,9.0,0
2025,Zaragoza,3.0,0
2022,Segovia,8.0,0
2025,Santa Cruz de Tenerife,2.0,0
2022,León,5.0,0
2025,Islas Baleares,10.0,0
2021,Islas Baleares,1.0,0
2022,Castellón,7.0,0
2021,Segovia,8.0,0
2024,Cáceres,7.0,0
2023,Melilla,6.0,0
2022,León,9.0,0
2019,Granada,10.0,0
2021,Cádiz,1.0,0
2024,Málaga,,0
2020,Girona,4.0,0
2024,Álava,2.0,0
2022,Granada,5.0,0
2019,Burgos,2.0,0
2021,Alicante,8.0,0
2025,Madrid,8.0,0
2022,Santa Cruz de Tenerife,4.0,0
2026,Ciudad Real,9.0,0
2020,La Rioja,,0
2025,Vizcaya,4.0,0
2026,Lleida,,0
2019,Navarra,,0
2019,La Rioja,6.0,0
2022,Asturias,8.0,0
2024,Cádiz,5.0,0
2020,Segovia,,0
2026,Burgos,4.0,0
2026,Córdoba,,0
2022,Toledo,10.0,0
2020,Vizcaya,,0
2026,Girona,,0
2019,Girona,3.0,0
2026,Burgos,9.0,0
2019,Badajoz,,0
2019,Huelva,8.0,0
2019,Ciudad Real,8.0,0
2023,Cádiz,10.0,0
2022,Asturias,1.0,0
2025,Jaén,8.0,0
2020,Orense,10.0,0
2022,Palencia,10.0,0
2025,Salamanca,,0
2022,Girona,1.0,0
2025,Toledo,3.0,0
2019,Huesca,3.0,0
2020,Palencia,5.0,0
2023,Guadalajara,2.0,0
2020,Santa Cruz de Tenerife,4.0,0
2022,Zamora,8.0,0
2022,Asturias,8.0,0
2019,Ciudad Real,2.0,0
2019,Santa Cruz de Tenerife,5.0,0
2023,Teruel,3.0,0
2022,Murcia,10.0,0
2024,Guipúzcoa,10.0,0
2023,Lleida,,0
2025,Cádiz,10.0,0
2023,Toledo,3.0,0
2026,Santa Cruz de Tenerife,3.0,0
2020,Santa Cruz de Tenerife,5.0,0
2025,Valencia,9.0,0
2026,Murcia,9.0,0
2024,Sevilla,8.0,0
2020,Granada,2.0,0
2024,Málaga,,0
2020,Navarra,,0
2025,Barcelona,6.0,0
2025,Murcia,2.0,0
2020,Ciudad Real,1.0,0
2024,Málaga,9.0,0
2023,Girona,9.0,0
2022,Álava,,0
2020,La Coruña,4.0,0
2025,Alicante,10.0,0
2025,Ávila,5.0,0
2025,Lleida,5.0,0
2020,Salamanca,5.0,0
2022,Melilla,9.0,0
2024,Segovia,2.0,0
2025,Córdoba,6.0,0
2021,Vizcaya,3.0,0
2020,Teruel,,0
2021,Asturias,1.0,0
2019,Palencia,6.0,0
2019,Teruel,,0
2025,Navarra,10.0,0
2020,Palencia,3.0,0
2019,Vizcaya,4.0,0
2025,Sevilla,10.0,0
2021,Santa Cruz de Tenerife,8.0,0
2023,Álava,9.0,0
2025,Jaén,7.0,0
2019,Murcia,5.0,0
2023,Sevilla,9.0,0
2020,León,9.0,0
2023,Lleida,3.0,0
2023,Albacete,7.0,0
2022,Soria,8.0,0
2020,Almería,2.0,0
2021,Ávila,4.0,0
2019,Albacete,5.0,0
2020,Guadalajara,4.0,0
2023,Ciudad Real,5.0,0
2021,La Coruña,8.0,0
2024,Zamora,3.0,0
2023,Lleida,2.0,0
2026,Girona,,0
2022,Cantabria,3.0,0
2020,Lleida,7.0,0
2019,Islas Baleares,9.0,0
2025,Cádiz,3.0,0
2022,Huelva,7.0,0
2024,Badajoz,7.0,0
2024,Córdoba,10.0,0
2020,Albacete,6.0,0
2026,Girona,,0
2021,Albacete,5.0,0
2020,Guadalajara,6.0,0
2019,Salamanca,8.0,0
2021,Lugo,8.0,0
2025,Ciudad Real,8.0,0
2020,Albacete,1.0,0
2024,Sevilla,7.0,0
2024,Almería,3.0,0
2020,Alicante,,0
2019,Valladolid,7.0,0
2024,Ávila,9.0,0
2020,Salamanca,,0
2020,Girona,1.0,0
2022,Huelva,8.0,0
2025,Soria,6.0,0
2020,Barcelona,,0
2021,Las Palmas,9.0,0
2020,Alicante,10.0,0
2023,Pontevedra,10.0,0
2026,Barcelona,5.0,0
2022,Valencia,,0
2020,Girona,3.0,0
2023,Sevilla,10.0,0
2022,Almería,,0
2022,Guadalajara,3.0,0
2021,Ciudad Real,3.0,0
2024,Guipúzcoa,10.0,0
2020,Asturias,1.0,0
2022,Badajoz,,0
2022,Valladolid,2.0,0
2025,Zamora,,0
2025,Guadalajara,,0
2020,Cáceres,9.0,0
2021,Toledo,1.0,0
2021,León,7.0,0
2021,Lleida,3.0,0
2025,Tarragona,10.0,0
2022,Guipúzcoa,9.0,0
2025,Albacete,,0
2026,Lleida,1.0,0
2023,Cantabria,4.0,0
2019,Castellón,4.0,0
2024,Guipúzcoa,2.0,0
2020,Cuenca,,0
2022,Salamanca,9.0,0
2024,Islas Baleares,5.0,0
2020,Segovia,4.0,0
2023,Cáceres,3.0,0
2024,Tarragona,8.0,0
2022,Teruel,7.0,0
2025,Cuenca,,0
2026,Badajoz,7.0,0
2021,Santa Cruz de Tenerife,4.0,0
2019,Soria,5.0,0
2021,Santa Cruz de Tenerife,2.0,0
2022,La Rioja,4.0,0
2021,Lugo,1.0,0
2022,Alicante,,0
2020,Las Palmas,,0
2021,Asturias,5.0,0
2023,Almería,3.0,0
2024,Palencia,10.0,0
2020,Pontevedra,9.0,0
2025,Girona,1.0,0
2019,Burgos,2.0,0
2024,León,4.0,0
2019,Huelva,6.0,0
2021,Navarra,7.0,0
2022,Cádiz,4.0,0
2024,Albacete,8.0,0
2025,Vizcaya,5.0,0
2020,Badajoz,8.0,0
2022,Huesca,7.0,0
2025,León,5.0,0
2024,Vizcaya,2.0,0
2023,Lleida,3.0,0
2019,Córdoba,8.0,0
2022,Castellón,1.0,0
2021,Vizcaya,8.0,0
2020,La Rioja,2.0,0
2024,Valencia,5.0,0
2024,Ávila,,0
2025,La Coruña,2.0,0
2026,La Rioja,10.0,0
2022,Melilla,6.0,0
2021,Valladolid,4.0,0
2020,Valencia,10.0,0
2025,Navarra,3.0,0
2025,Sevilla,7.0,0
2022,Murcia,10.0,0
2023,Zaragoza,1.0,0
2022,Cantabria,4.0,0
2026,Barcelona,8.0,0
2024,Alicante,5.0,0
2020,Albacete,4.0,0
2019,Toledo,3.0,0
2022,Toledo,,0
2021,Badajoz,,0
2021,Álava,,0
2025,Cantabria,1.0,0
2019,Las Palmas,5.0,0
2019,Toledo,1.0,0
2025,Murcia,6.0,0
2024,Huelva,,0
2023,Burgos,6.0,0
2019,Toledo,6.0,0
2026,Cáceres,,0
2024,Melilla,,0
2022,Salamanca,10.0,0
2021,Navarra,9.0,0
2023,Palencia,7.0,0
2020,Santa Cruz de Tenerife,4.0,0
2023,La Coruña,,0
2021,Valladolid,3.0,0
2020,Lleida,8.0,0
2025,Madrid,1.0,0
2025,Pontevedra,8.0,0
2023,Valencia,9.0,0
2024,Granada,7.0,0
2020,Cantabria,10.0,0
2024,Alicante,5.0,0
2024,Murcia,,0
2022,Albacete,6.0,0
2024,Cuenca,2.0,0
2024,Cáceres,2.0,0
2022,Álava,8.0,0
2025,Toledo,4.0,0
2023,Zamora,1.0,0
2025,Córdoba,6.0,0
2022,Vizcaya,,0
2025,Castellón,6.0,0
2022,Teruel,1.0,0
2021,Navarra,9.0,0
2019,Ceuta,,0
2025,Álava,,0
2024,Castellón,,0
2021,Asturias,4.0,0
2023,Málaga,5.0,0
2019,Girona,10.0,0
2022,Burgos,6.0,0
2023,Lleida,8.0,0
2025,Badajoz,3.0,0
2025,Valladolid,,0
2023,Cantabria,,0
2026,Cuenca,9.0,0
2021,Girona,1.0,0
2023,Girona,9.0,0
2024,Valencia,4.0,0
2022,Granada,2.0,0
2019,Segovia,2.0,0
2026,Santa Cruz de Tenerife,1.0,0
2023,León,4.0,0
2026,León,10.0,0
2020,Córdoba,,0
2022,Guipúzcoa,7.0,0
2022,Tarragona,,0
2022,Málaga,8.0,0
2025,Zaragoza,,0
2023,Tarragona,6.0,0
2024,Granada,3.0,0
2023,Málaga,4.0,0
2021,Santa Cruz de Tenerife,10.0,0
2020,Cuenca,,0
2019,Santa Cruz de Tenerife,4.0,0
2022,Segovia,2.0,0
2022,León,,0
2026,Barcelona,5.0,0
2020,Islas Baleares,4.0,0
2019,Girona,9.0,0
2019,Valencia,10.0,0
2019,Cuenca,5.0,0
2020,Almería,7.0,0
2020,Córdoba,,0
2020,Lugo,3.0,0
2026,Ciudad Real,2.0,0
2026,Sevilla,10.0,0
2020,Girona,2.0,0
2019,Soria,3.0,0
2019,Tarragona,4.0,0
2024,Pontevedra,,0
2024,Lugo,3.0,0
2024,Málaga,1.0,0
2019,Córdoba,5.0,0
2022,Zamora,4.0,0
2024,Ciudad Real,4.0,0
2022,Teruel,1.0,0
2023,Zaragoza,,0
2019,Valencia,6.0,0
2020,Islas Baleares,3.0,0
2021,Guadalajara,2.0,0
2019,Málaga,1.0,0
2019,Cantabria,,0
2023,Segovia,10.0,0
2019,Cuenca,,0
2022,Sevilla,4.0,0
2022,Orense,10.0,0
2019,Pontevedra,2.0,0
2026,Cuenca,,0
2023,Zamora,4.0,0
2024,Santa Cruz de Tenerife,9.0,0
2025,Asturias,2.0,0
2025,Valladolid,,0
2023,Tarragona,1.0,0
2026,Huesca,4.0,0
2025,Islas Baleares,,0
2019,Pontevedra,5.0,0
2022,Álava,5.0,0
2025,Cádiz,,0
2021,Álava,,0
2024,Pontevedra,3.0,0
2023,Palencia,7.0,0
2021,Cádiz,1.0,0
2021,Asturias,8.0,0
2022,Orense,4.0,0
2024,Lugo,,0
2021,Huesca,5.0,0
2019,Santa Cruz de Tenerife,9.0,0
2022,Ávila,,0
2025,Barcelona,6.0,0
2023,Las Palmas,5.0,0
2021,Lleida,10.0,0
2025,Lleida,4.0,0
2020,León,,0
2026,Girona,,0
2022,Sevilla,5.0,0
2019,Castellón,3.0,0
2021,La Coruña,8.0,0
2023,La Coruña,2.0,0
2021,Vizcaya,,0
2023,Guadalajara,6.0,0
2024,Ceuta,6.0,0
2020,Murcia,2.0,0
2019,Segovia,,0
2024,Álava,8.0,0
2019,Albacete,6.0,0
2022,Lugo,,0
2023,Teruel,4.0,0
2025,Lugo,7.0,0
2024,Valencia,7.0,0
2023,Ceuta,1.0,0
2020,Sevilla,10.0,0
2023,Ávila,9.0,0
2026,Barcelona,4.0,0
2022,Almería,3.0,0
2025,Soria,,0
2021,Vizcaya,4.0,0
2021,Guadalajara,3.0,0
2022,Ceuta,,0
2022,Valencia,8.0,0
2021,Lleida,6.0,0
2020,Guadalajara,,0
2021,Álava,3.0,0
2022,La Rioja,,0
2021,Ávila,9.0,0
2024,Santa Cruz de Tenerife,9.0,0
2024,Toledo,2.0,0
2022,La Coruña,6.0,0
2021,Lleida,5.0,0
2019,Ávila,,0
2023,La Coruña,5.0,0
2025,Navarra,9.0,0
2023,Almería,,0
2024,Las Palmas,,0
2019,Barcelona,,0
2019,Santa Cruz de Tenerife,,0
2023,Almería,6.0,0
2019,Girona,7.0,0
2020,Santa Cruz de Tenerife,1.0,0
2026,Castellón,10.0,0
2023,Lugo,,0
2021,Murcia,7.0,0
2023,Cádiz,2.0,0
2019,Santa Cruz de Tenerife,,0
2021,Pontevedra,,0
2022,Alicante,3.0,0
2024,Girona,9.0,0
2024,La Coruña,7.0,0
2021,Valencia,10.0,0
2021,Sevilla,5.0,0
2020,Zamora,,0
2024,Girona,9.0,0
2023,Barcelona,,0
2019,Lleida,3.0,0
2019,Madrid,3.0,0
2020,Pontevedra,5.0,0
2026,Vizcaya,10.0,0
2023,Castellón,10.0,0
2025,Albacete,4.0,0
2022,Burgos,,0
2022,Zamora,,0
2023,Málaga,3.0,0
2020,Ciudad Real,2.0,0
2026,Lugo,,0
2024,Jaén,5.0,0
2023,Murcia,9.0,0
2025,Guadalajara,8.0,0
2023,Cantabria,5.0,0
2020,Tarragona,,0
2024,Guadalajara,7.0,0
2025,Orense,10.0,0
2019,Valladolid,1.0,0
2022,La Rioja,9.0,0
2022,Guadalajara,,0
2026,Tarragona,5.0,0
2023,Pontevedra,2.0,0
2022,Vizcaya,6.0,0
2026,Huelva,1.0,0
2021,Soria,,0
2022,Lleida,8.0,0
2026,Asturias,4.0,0
2025,Álava,8.0,0
2025,León,4.0,0
2026,Navarra,10.0,0
2025,Guipúzcoa,7.0,0
2023,Pontevedra,5.0,0
2021,Ceuta,8.0,0
2021,Alicante,3.0,0
2024,Alicante,6.0,0
2021,Málaga,1.0,0
2020,Murcia,5.0,0
2022,Santa Cruz de Tenerife,9.0,0
2022,Cuenca,3.0,0
2023,Cáceres,,0
2019,Navarra,1.0,0
2020,Lugo,8.0,0
2025,Guipúzcoa,2.0,0
2020,Ciudad Real,7.0,0
2022,Guadalajara,1.0,0
2019,Valencia,,0
2024,Santa Cruz de Tenerife,,0
2020,Lleida,7.0,0
2026,Santa Cruz de Tenerife,,0
2026,Córdoba,,0
2019,Álava,3.0,0
2019,Orense,1.0,0
2024,Barcelona,9.0,0
2024,Pontevedra,7.0,0
2026,Cantabria,4.0,0
2022,La Rioja,1.0,0
2022,Santa Cruz de Tenerife,7.0,0
2023,Las Palmas,5.0,0
2019,Castellón,2.0,0
2024,Girona,3.0,0
2020,Huesca,6.0,0
2023,Alicante,,0
2024,Santa Cruz de Tenerife,4.0,0
2024,Soria,6.0,0
2024,Zaragoza,,0
2020,Vizcaya,6.0,0
2021,Girona,,0
2023,Melilla,8.0,0
2019,Islas Baleares,,0
2021,Soria,10.0,0
2025,Murcia,,0
2023,Cantabria,6.0,0
2022,Salamanca,7.0,0
2021,Barcelona,4.0,0
2022,Cantabria,10.0,0
2022,Orense,4.0,0
2022,Guadalajara,3.0,0
2020,Almería,,0
2019,Lleida,1.0,0
2024,Lugo,2.0,0
2026,Santa Cruz de Tenerife,,0
2026,Albacete,,0
2021,Valladolid,8.0,0
2021,Guadalajara,5.0,0
2025,Ciudad Real,5.0,0
2019,Santa Cruz de Tenerife,4.0,0
2024,Madrid,,0
2025,Cádiz,9.0,0
2023,Valladolid,6.0,0
2024,Ceuta,7.0,0
2021,Cuenca,3.0,0
2025,Soria,,0
2023,Cuenca,8.0,0
2025,Salamanca,4.0,0
2024,Santa Cruz de Tenerife,4.0,0
2026,Guadalajara,8.0,0
2025,Zamora,6.0,0
2023,Segovia,7.0,0
2021,Palencia,4.0,0
2020,Teruel,,0
2022,Navarra,,0
2025,La Coruña,2.0,0
2024,Jaén,3.0,0
2021,Vizcaya,1.0,0
2023,Murcia,,0
2021,Álava,4.0,0
2024,Girona,4.0,0
2022,León,6.0,0
2019,Lleida,10.0,0
2021,Lugo,10.0,0
2020,Zamora,10.0,0
2026,Girona,3.0,0
2023,León,,0
2025,Murcia,4.0,0
2020,Málaga,10.0,0
2024,Cuenca,,0
2023,Cádiz,1.0,0
2019,Málaga,,0
2025,Guadalajara,2.0,0
2023,Girona,,0
2021,Castellón,2.0,0
2021,Santa Cruz de Tenerife,5.0,0
2022,Granada,5.0,0
2019,Cantabria,5.0,0
2021,Huelva,6.0,0
2021,Vizcaya,7.0,0
2019,Castellón,5.0,0
2024,León,4.0,0
2023,Cantabria,10.0,0
2021,Cantabria,3.0,0
2022,Valladolid,,0
2025,Ceuta,3.0,0
2024,Girona,4.0,0
2020,Lugo,9.0,0
2020,Guadalajara,9.0,0
2023,Ávila,7.0,0
2019,Zaragoza,1.0,0
2022,Segovia,10.0,0
2022,Pontevedra,2.0,0
2026,Melilla,8.0,0
2024,Córdoba,4.0,0
2025,Granada,9.0,0
2025,Soria,7.0,0
2022,Zamora,2.0,0
2023,La Rioja,5.0,0
2021,Toledo,,0
2020,Granada,5.0,0
2025,Tarragona,6.0,0
2019,Salamanca,5.0,0
2025,Navarra,,0
2025,Orense,,0
2020,Valencia,,0
2025,Almería,,0
2025,Santa Cruz de Tenerife,4.0,0
2022,Castellón,7.0,0
2022,Ceuta,2.0,0
2026,Lugo,9.0,0
2023,Navarra,3.0,0
2024,Albacete,5.0,0
2023,Santa Cruz de Tenerife,3.0,0
2022,Melilla,5.0,0
2025,Toledo,5.0,0
2025,Lleida,10.0,0
2021,Málaga,3.0,0
2021,Álava,,0
2022,León,10.0,0
2024,Barcelona,10.0,0
2023,Lleida,2.0,0
2021,Ceuta,1.0,0
2025,Soria,4.0,0
2023,Orense,,0
2023,Lleida,9.0,0
2021,Islas Baleares,9.0,0
2019,Valencia,,0
2025,Ávila,2.0,0
2023,Toledo,2.0,0
2019,Jaén,7.0,0
2021,Barcelona,6.0,0
2024,Islas Baleares,,0
2022,La Coruña,4.0,0
2022,Asturias,10.0,0
2019,Sevilla,2.0,0
2020,Segovia,1.0,0
2021,Las Palmas,,0
2025,Burgos,3.0,0
2019,Granada,7.0,0
2024,Santa Cruz de Tenerife,,0
2019,Lugo,7.0,0
2024,Cádiz,5.0,0
2026,Ceuta,7.0,0
2022,Barcelona,10.0,0
2020,Ceuta,3.0,0
2022,Islas Baleares,3.0,0
2025,Santa Cruz de Tenerife,4.0,0
2025,Valladolid,3.0,0
2024,Ávila,10.0,0
2024,Murcia,6.0,0
2024,Las Palmas,7.0,0
2024,Guipúzcoa,5.0,0
2023,Salamanca,2.0,0
2023,Guadalajara,,0
2019,Islas Baleares,10.0,0
2019,Valencia,10.0,0
2023,Lleida,10.0,0
2024,Salamanca,10.0,0
2019,Castellón,5.0,0
2021,Lugo,7.0,0
2019,Barcelona,6.0,0
2024,Cádiz,6.0,0
2020,Navarra,3.0,0
2024,Sevilla,1.0,0
2023,Valladolid,,0
2023,Soria,8.0,0
2020,Almería,1.0,0
2023,Girona,10.0,0
2022,Palencia,5.0,0
2022,Zamora,2.0,0
2023,Lugo,5.0,0
2022,Zaragoza,,0
2022,Santa Cruz de Tenerife,4.0,0
2022,Santa Cruz de Tenerife,,0
2023,Jaén,,0
2023,Las Palmas,,0
2020,Navarra,2.0,0
2019,Soria,9.0,0
2022,Burgos,,0
2021,Vizcaya,1.0,0
2024,Toledo,5.0,0
2019,Santa Cruz de Tenerife,3.0,0
2019,Ceuta,1.0,0
2023,Islas Baleares,1.0,0
2025,Toledo,1.0,0
2020,La Coruña,,0
2022,Ávila,3.0,0
2026,Cuenca,,0
2025,Burgos,4.0,0
2020,Palencia,,0
2022,Málaga,5.0,0
2023,Ávila,5.0,0
2020,Murcia,,0
2023,La Rioja,4.0,0
2022,Islas Baleares,,0
2019,Cádiz,8.0,0
2021,Almería,3.0,0
2019,Álava,7.0,0
2023,Lugo,4.0,0
2024,Guadalajara,5.0,0
2024,Barcelona,7.0,0
2025,Burgos,,0
2021,Asturias,6.0,0
2024,Alicante,5.0,0
2025,Sevilla,,0
2020,Álava,,0
2020,Segovia,1.0,0
2023,Vizcaya,10.0,0
2019,Toledo,3.0,0
2026,Cáceres,10.0,0
2019,Palencia,9.0,0
2023,Lugo,5.0,0
2022,Badajoz,3.0,0
2024,Navarra,3.0,0
2019,Málaga,3.0,0
2020,Guadalajara,4.0,0
2023,Lleida,10.0,0
2022,La Rioja,1.0,0
2025,Ceuta,7.0,0
2025,La Coruña,10.0,0
2025,Girona,2.0,0
2024,Asturias,3.0,0
2024,Cádiz,5.0,0
2022,Málaga,8.0,0
2019,La Coruña,3.0,0
2023,Cádiz,,0
2022,Pontevedra,,0
2020,Barcelona,,0
2023,Santa Cruz de Tenerife,9.0,0
2022,Cantabria,6.0,0
2020,Pontevedra,2.0,0
2024,Murcia,8.0,0
2021,Málaga,5.0,0
2020,Palencia,1.0,0
2022,Ávila,9.0,0
2022,Jaén,10.0,0
2020,Valencia,6.0,0
2020,Guadalajara,1.0,0
2022,Lleida,8.0,0
2025,Orense,,0
2025,Lugo,,0
2020,La Rioja,1.0,0
2021,Lleida,2.0,0
2022,Valencia,,0
2022,Murcia,9.0,0
2022,Ceuta,2.0,0
2025,Alicante,2.0,0
2021,Huesca,10.0,0
2022,Madrid,1.0,0
2022,Palencia,4.0,0
2019,Huelva,8.0,0
2019,Castellón,5.0,0
2021,Asturias,,0
2019,Pontevedra,3.0,0
2025,La Rioja,5.0,0
2023,Pontevedra,6.0,0
2025,Soria,3.0,0
2022,Vizcaya,4.0,0
2025,Cáceres,,0
2023,Álava,10.0,0
2023,Islas Baleares,3.0,0
2019,Jaén,3.0,0
2019,Cádiz,4.0,0
2019,Barcelona,1.0,0
2022,Álava,,0
2021,Granada,,0
2019,Badajoz,7.0,0
2024,Soria,3.0,0
2022,Tarragona,,0
2025,Islas Baleares,6.0,0
2021,Granada,10.0,0
2021,Álava,8.0,0
2024,Girona,,0
2019,Madrid,,0
2022,Valencia,3.0,0
2019,Ávila,10.0,0
2025,Lugo,8.0,0
2021,Tarragona,3.0,0
2024,Toledo,,0
2020,Lleida,7.0,0
2020,Guipúzcoa,3.0,0
2021,Madrid,10.0,0
2022,Salamanca,2.0,0
2019,Zamora,,0
2021,Toledo,7.0,0
2024,Cáceres,8.0,0
2022,Guipúzcoa,6.0,0
2025,Santa Cruz de Tenerife,3.0,0
2020,Cantabria,10.0,0
2019,Tarragona,4.0,0
2021,Valencia,2.0,0
2022,Sevilla,4.0,0
2023,Islas Baleares,2.0,0
2026,Valencia,2.0,0
2026,Las Palmas,8.0,0
2022,Jaén,10.0,0
2020,Navarra,,0
2020,Murcia,3.0,0
2021,Asturias,8.0,0
2019,Girona,2.0,0
2022,Tarragona,1.0,0
2024,Lleida,1.0,0
2021,Melilla,,0
2019,Ceuta,8.0,0
2026,Albacete,4.0,0
2020,Álava,4.0,0
2019,Girona,7.0,0
2026,Castellón,4.0,0
2022,Santa Cruz de Tenerife,6.0,0
2024,Burgos,1.0,0
2025,Huesca,,0
2022,Alicante,3.0,0
2019,Guadalajara,,0
2021,Cantabria,5.0,0
2024,Murcia,4.0,0
2021,Sevilla,8.0,0
2021,Valladolid,,0
2026,Sevilla,,0
2019,Sevilla,4.0,0
2019,Cuenca,5.0,0
2021,Guipúzcoa,6.0,0
2020,Cuenca,4.0,0
2022,Soria,7.0,0
2022,Girona,,0
2024,Tarragona,7.0,0
2022,Madrid,4.0,0
2021,Ciudad Real,6.0,0
2024,Santa Cruz de Tenerife,,0
2024,Cádiz,4.0,0
2022,Lleida,3.0,0
2020,Ciudad Real,,0
2019,Lleida,7.0,0
2024,Ávila,2.0,0
2020,Teruel,10.0,0
2024,Pontevedra,10.0,0
2022,Ávila,5.0,0
2023,Girona,1.0,0
2022,Barcelona,10.0,0
2021,Sevilla,8.0,0
2023,Asturias,1.0,0
2020,Granada,,0
2020,Melilla,9.0,0
2023,Cuenca,,0
2026,Lugo,,0
2021,Ceuta,7.0,0
2025,Málaga,7.0,0
2023,Valladolid,9.0,0
2023,Valladolid,6.0,0
2025,Segovia,4.0,0
2023,Burgos,,0
2019,León,,0
2023,Huesca,7.0,0
2023,Zamora,,0
2020,Badajoz,10.0,0
2021,Valencia,2.0,0
2021,Vizcaya,2.0,0
2020,Lleida,5.0,0
2025,Santa Cruz de Tenerife,9.0,0
2023,Zaragoza,,0
2019,León,,0
2019,Guadalajara,6.0,0
2024,Santa Cruz de Tenerife,,0
2019,Ciudad Real,1.0,0
2025,Valladolid,8.0,0
2019,Orense,6.0,0
2022,Melilla,8.0,0
2019,Sevilla,6.0,0
2019,Lleida,1.0,0
2020,Teruel,,0
2020,Ceuta,2.0,0
2023,Guipúzcoa,9.0,0
2019,Navarra,4.0,0
2022,Girona,9.0,0
2019,Las Palmas,10.0,0
2026,Melilla,1.0,0
2023,Cádiz,4.0,0
2026,Madrid,,0
2022,León,6.0,0
2019,Girona,6.0,0
2021,Pontevedra,8.0,0
2026,Almería,1.0,0
2022,Cuenca,,0
2025,Girona,4.0,0
2020,La Rioja,1.0,0
2019,Santa Cruz de Tenerife,4.0,0
2022,Santa Cruz de Tenerife,,0
2020,Córdoba,8.0,0
2026,Valladolid,5.0,0
2025,Córdoba,6.0,0
2024,Tarragona,1.0,0
2022,Ávila,3.0,0
2024,Jaén,4.0,0
2026,Sevilla,9.0,0
2023,Salamanca,4.0,0
2020,Vizcaya,4.0,0
2021,Palencia,9.0,0
2023,Ciudad Real,,0
2019,Santa Cruz de Tenerife,1.0,0
2023,Ciudad Real,5.0,0
2019,Madrid,3.0,0
2025,Soria,9.0,0
2019,La Coruña,9.0,0
2024,Lleida,3.0,0
2021,Girona,5.0,0
2023,Girona,,0
2021,Soria,2.0,0
2026,Salamanca,5.0,0
2020,Las Palmas,2.0,0
2022,Madrid,7.0,0
2026,Lugo,,0
2021,Segovia,,0
2020,Zaragoza,5.0,0
2022,Córdoba,4.0,0
2021,Cuenca,1.0,0
2022,La Rioja,,0
2023,Santa Cruz de Tenerife,6.0,0
2020,Cádiz,10.0,0
2025,Castellón,6.0,0
2020,Burgos,9.0,0
2026,Ciudad Real,,0
2021,Lugo,2.0,0
2024,Córdoba,8.0,0
2023,Cuenca,1.0,0
2025,Salamanca,4.0,0
2023,Murcia,3.0,0
2025,Almería,5.0,0
2023,Segovia,,0
2026,Valladolid,3.0,0
2025,Lleida,4.0,0
2020,Jaén,,0
2020,Badajoz,9.0,0
2019,Salamanca,,0
2019,Soria,,0
2021,Toledo,6.0,0
2023,Guipúzcoa,10.0,0
2024,Cantabria,5.0,0
2023,Lleida,1.0,0
2024,Zamora,7.0,0
2020,Madrid,2.0,0
2023,Albacete,7.0,0
2019,Cuenca,3.0,0
2022,Badajoz,7.0,0
2026,Girona,,0
2025,Toledo,6.0,0
2025,Albacete,10.0,0
2023,Valencia,7.0,0
2021,Lleida,1.0,0
2025,Asturias,8.0,0
2020,Almería,6.0,0
2019,Ceuta,9.0,0
2022,Cantabria,8.0,0
2024,Ávila,7.0,0
2026,Zaragoza,1.0,0
2025,Córdoba,10.0,0
2020,La Rioja,6.0,0
2026,Castellón,2.0,0
2024,Barcelona,4.0,0
2019,Cáceres,,0
2024,La Coruña,6.0,0
2025,Salamanca,4.0,0
2019,Soria,,0
2019,Huesca,2.0,0
2020,Valladolid,1.0,0
2020,Orense,2.0,0
2019,Barcelona,4.0,0
2020,Teruel,4.0,0
2020,Asturias,9.0,0
2022,Toledo,,0
2022,Zaragoza,,0
2025,Guipúzcoa,,0
2025,Teruel,10.0,0
2019,Murcia,,0
2021,Almería,3.0,0
2025,Salamanca,4.0,0
2023,Cantabria,,0
2020,Soria,7.0,0
2019,Málaga,10.0,0
2024,Badajoz,8.0,0
2022,Álava,,0
2025,Zamora,,0
2019,Ávila,7.0,0
2023,Zaragoza,3.0,0
2022,Ávila,1.0,0
2022,Valencia,3.0,0
2023,Granada,9.0,0
2021,Lleida,8.0,0
2020,Santa Cruz de Tenerife,5.0,0
2023,La Rioja,3.0,0
2021,Segovia,7.0,0
2020,Teruel,1.0,0
2023,León,,0
2020,La Coruña,1.0,0
2022,Guipúzcoa,1.0,0
2023,Zamora,7.0,0
2025,Guipúzcoa,5.0,0
2019,Burgos,,0
2025,Tarragona,1.0,0
2025,Valladolid,8.0,0
2021,Granada,5.0,0
2023,Vizcaya,1.0,0
2020,Murcia,1.0,0
2025,Cuenca,1.0,0
2021,La Coruña,4.0,0
2019,Melilla,10.0,0
2020,Granada,7.0,0
2019,Soria,9.0,0
2024,Almería,7.0,0
2019,Segovia,10.0,0
2020,Toledo,2.0,0
2025,Girona,,0
2022,León,7.0,0
2019,Asturias,5.0,0
2023,Zamora,,0
2023,Albacete,3.0,0
2024,Segovia,6.0,0
2020,Huelva,5.0,0
2021,Jaén,8.0,0
2019,Madrid,7.0,0
2026,Ceuta,2.0,0
2026,Lleida,7.0,0
2023,Teruel,10.0,0
2026,Huelva,1.0,0
2020,León,3.0,0
2024,La Coruña,,0
2024,Asturias,9.0,0
2024,Salamanca,1.0,0
2025,Ceuta,,0
2022,Islas Baleares,1.0,0
2022,Orense,,0
2019,Madrid,3.0,0
2019,Valladolid,1.0,0
2023,Melilla,2.0,0
2023,La Coruña,7.0,0
2025,Orense,3.0,0
2020,Badajoz,,0
2023,Navarra,,0
2025,Vizcaya,5.0,0
2020,Ávila,4.0,0
2021,Madrid,3.0,0
2023,Tarragona,2.0,0
2024,Sevilla,10.0,0
2025,Ávila,3.0,0
2020,Cantabria,,0
2022,Badajoz,3.0,0
2021,Albacete,10.0,0
2020,Toledo,,0
2025,Barcelona,2.0,0
2020,Asturias,9.0,0
2024,Navarra,,0
2019,Jaén,1.0,0
2021,Valencia,2.0,0
2019,Almería,2.0,0
2024,Ávila,,0
2021,Ávila,4.0,0
2021,Teruel,,0
2021,Orense,8.0,0
2019,Murcia,,0
2024,Vizcaya,6.0,0
2021,Asturias,5.0,0
2026,Cádiz,3.0,0
2025,Santa Cruz de Tenerife,,0
2024,Huesca,9.0,0
2020,Cuenca,6.0,0
2022,Barcelona,9.0,0
2024,Ávila,6.0,0
2019,Albacete,6.0,0
2023,Toledo,,0
2022,Lleida,7.0,0
2026,Zaragoza,10.0,0
2020,Barcelona,,0
2023,Granada,2.0,0
2024,Ceuta,10.0,0
2020,Valladolid,6.0,0
2021,León,5.0,0
2023,Castellón,,0
2025,Málaga,4.0,0
2020,Huesca,2.0,0
2019,Santa Cruz de Tenerife,10.0,0
2025,Alicante,1.0,0
2020,Córdoba,7.0,0
2021,Álava,,0
2020,Cantabria,6.0,0
2020,Navarra,10.0,0
2019,Salamanca,8.0,0
2024,La Coruña,,0
2023,Alicante,7.0,0
2020,Vizcaya,2.0,0
2019,Burgos,,0
2026,Santa Cruz de Tenerife,,0
2021,Ávila,6.0,0
2021,Valencia,1.0,0
2022,Santa Cruz de Tenerife,,0
2020,Santa Cruz de Tenerife,,0
2025,La Coruña,2.0,0
2022,Burgos,1.0,0
2023,Cádiz,8.0,0
2021,Albacete,9.0,0
2024,Valencia,8.0,0
2024,Lleida,10.0,0
2023,Huelva,5.0,0
2019,Cuenca,7.0,0
2023,Jaén,4.0,0
2022,Navarra,9.0,0
2022,Soria,8.0,0
2021,Palencia,6.0,0
2020,Jaén,2.0,0
2020,Pontevedra,1.0,0
2020,Navarra,,0
2022,Castellón,1.0,0
2022,Alicante,4.0,0
2021,Asturias,2.0,0
2019,Albacete,9.0,0
2024,Toledo,9.0,0
2021,Orense,,0
2020,Jaén,7.0,0
2024,Cuenca,,0
2024,Jaén,,0
2021,Valladolid,7.0,0
2020,Jaén,,0
2024,Burgos,8.0,0
2019,Almería,4.0,0
2026,La Rioja,,0
2021,Álava,,0
2022,Castellón,10.0,0
2019,Melilla,1.0,0
2023,Orense,,0
2024,Ceuta,,0
2021,Girona,7.0,0
2023,Toledo,5.0,0
2022,Alicante,9.0,0
2022,Guadalajara,5.0,0
2023,Pontevedra,,0
2019,Sevilla,9.0,0
2020,Las Palmas,3.0,0
2021,Huesca,10.0,0
2022,La Rioja,4.0,0
2022,Badajoz,,0
2023,Lleida,4.0,0
2021,Lleida,2.0,0
2023,Sevilla,7.0,0
2019,Guipúzcoa,3.0,0
2022,Ávila,2.0,0
2019,Huelva,10.0,0
2020,Toledo,10.0,0
2025,Albacete,5.0,0
2020,Madrid,7.0,0
2025,Albacete,,0
2024,Tarragona,10.0,0
2020,Girona,1.0,0
2022,Jaén,5.0,0
2021,Teruel,7.0,0
2022,Segovia,,0
2022,Sevilla,8.0,0
2025,Valladolid,10.0,0
2021,Zaragoza,2.0,0
2025,Lleida,6.0,0
2025,Cuenca,5.0,0
2019,Pontevedra,1.0,0
2025,Lleida,4.0,0
2025,Álava,3.0,0
2025,Madrid,5.0,0
2021,Pontevedra,,0
2023,Cantabria,10.0,0
2020,Albacete,9.0,0
2019,Burgos,7.0,0
2025,Las Palmas,3.0,0
2025,Guipúzcoa,,0
2024,Orense,2.0,0
2022,Alicante,2.0,0
2020,Vizcaya,7.0,0
2020,Madrid,,0
2022,Ciudad Real,5.0,0
2022,Vizcaya,8.0,0
2020,Málaga,7.0,0
2021,Asturias,,0
2026,Albacete,7.0,0
2022,Melilla,,0
2021,Tarragona,,0
2023,Granada,,0
2022,Santa Cruz de Tenerife,,0
2019,Sevilla,6.0,0
2024,Málaga,10.0,0
2021,Álava,3.0,0
2021,Valladolid,2.0,0
2022,Huesca,,0
2022,Orense,10.0,0
2019,Ávila,1.0,0
2025,Jaén,1.0,0
2025,Tarragona,,0
2020,Pontevedra,2.0,0
2023,La Coruña,,0
2019,Cáceres,,0
2022,Soria,9.0,0
2019,La Coruña,1.0,0
2023,Huelva,,0
2020,Guipúzcoa,7.0,0
2025,Ávila,5.0,0
2023,Toledo,9.0,0
2025,Castellón,9.0,0
2021,León,9.0,0
2019,Huesca,9.0,0
2023,Málaga,4.0,0
2025,Huelva,8.0,0
2021,Ciudad Real,2.0,0
2021,Santa Cruz de Tenerife,3.0,0
2020,Vizcaya,,0
2024,Granada,9.0,0
2020,Huelva,4.0,0
2021,León,2.0,0
2025,Madrid,7.0,0
2019,Las Palmas,,0
2025,Las Palmas,3.0,0
2020,Girona,8.0,0
2025,Alicante,1.0,0
2021,Islas Baleares,3.0,0
2020,Cantabria,,0
2024,Zamora,,0
2024,Castellón,7.0,0
2021,Murcia,8.0,0
2025,Sevilla,,0
2023,Santa Cruz de Tenerife,9.0,0
2023,Madrid,9.0,0
2025,Lleida,9.0,0
2024,Toledo,6.0,0
2021,Cáceres,8.0,0
2022,Santa Cruz de Tenerife,3.0,0
2022,Ciudad Real,,0
2021,Tarragona,8.0,0
2024,Orense,3.0,0
2026,Lugo,,0
2020,Melilla,8.0,0
2025,Santa Cruz de Tenerife,5.0,0
2024,Las Palmas,6.0,0
2021,Almería,,0
2019,Sevilla,3.0,0
2021,Pontevedra,4.0,0
2023,La Coruña,1.0,0
2022,Cantabria,5.0,0
2025,Huelva,,0
2022,Cáceres,5.0,0
2025,Burgos,6.0,0
2020,Segovia,1.0,0
2023,Girona,4.0,0
2025,Huesca,5.0,0
2026,Guipúzcoa,10.0,0
2019,Barcelona,1.0,0
2020,Lleida,,0
2025,Barcelona,,0
2022,Zaragoza,2.0,0
2019,Jaén,9.0,0
2020,Melilla,1.0,0
2024,Guipúzcoa,,0
2023,Ávila,9.0,0
2019,Salamanca,8.0,0
2020,Ceuta,6.0,0
2022,Pontevedra,7.0,0
2024,Santa Cruz de Tenerife,3.0,0
2019,Huelva,8.0,0
2019,Lugo,4.0,0
2023,Ceuta,4.0,0
2024,Barcelona,7.0,0
2023,Navarra,6.0,0
2022,Sevilla,9.0,0
2025,Castellón,,0
2022,Las Palmas,7.0,0
2019,León,1.0,0
2021,Melilla,1.0,0
2023,Toledo,3.0,0
2025,Álava,,0
2022,Lugo,7.0,0
2023,Toledo,1.0,0
2023,Toledo,8.0,0
2025,Girona,,0
2023,Cuenca,7.0,0
2026,Burgos,7.0,0
2025,Teruel,7.0,0
2022,Orense,1.0,0
2023,León,2.0,0
2020,Huelva,5.0,0
2019,Santa Cruz de Tenerife,2.0,0
2019,Badajoz,,0
2020,Segovia,1.0,0
2023,Salamanca,4.0,0
2024,Guadalajara,5.0,0
2019,Vizcaya,10.0,0
2019,Valladolid,3.0,0
2022,Huesca,7.0,0
2020,Cuenca,,0
2026,Toledo,7.0,0
2025,Valladolid,2.0,0
2025,Madrid,,0
2019,Melilla,,0
2024,Sevilla,4.0,0
2026,Valencia,8.0,0
2025,Pontevedra,5.0,0
2021,Toledo,10.0,0
2024,Sevilla,2.0,0
2023,Zamora,9.0,0
2024,Orense,7.0,0
2021,Teruel,2.0,0
2023,Guipúzcoa,5.0,0
2019,La Coruña,3.0,0
2021,Huesca,10.0,0
2023,Melilla,5.0,0
2023,Vizcaya,3.0,0
2021,Tarragona,6.0,0
2019,Ciudad Real,8.0,0
2022,Ciudad Real,8.0,0
2024,Murcia,,0
2020,Cáceres,2.0,0
2024,Guadalajara,5.0,0
2019,Cádiz,,0
2025,Valladolid,9.0,0
2020,Zaragoza,3.0,0
2025,Ciudad Real,2.0,0
2024,Lleida,5.0,0
2024,Santa Cruz de Tenerife,8.0,0
2021,Valladolid,3.0,0
2023,Granada,9.0,0
2023,Cuenca,3.0,0
2024,Guadalajara,,0
2025,Asturias,10.0,0
2025,Sevilla,1.0,0
2025,Murcia,,0
2021,Ávila,7.0,0
2021,Cáceres,7.0,0
2024,Huesca,,0
2024,Lleida,5.0,0
2024,Tarragona,5.0,0
2025,Teruel,2.0,0
2020,Ceuta,,0
2020,Soria,1.0,0
2025,Cáceres,1.0,0
2025,Toledo,10.0,0
2019,Tarragona,,0
2021,Barcelona,4.0,0
2020,Cantabria,10.0,0
2020,Huelva,,0
2025,Santa Cruz de Tenerife,1.0,0
2024,Soria,10.0,0
2020,Tarragona,,0
2021,Tarragona,5.0,0
2025,La Coruña,4.0,0
2024,Toledo,,0
2020,Segovia,2.0,0
2020,Badajoz,8.0,0
2021,Lugo,,0
2025,Santa Cruz de Tenerife,6.0,0
2022,La Coruña,,0
2026,Navarra,5.0,0
2026,Alicante,8.0,0
2024,Badajoz,6.0,0
2025,Las Palmas,4.0,0
2020,Jaén,1.0,0
2021,León,,0
2021,Sevilla,1.0,0
2022,Zamora,10.0,0
2025,Cuenca,9.0,0
2022,Álava,6.0,0
2022,Castellón,,0
2022,Murcia,2.0,0
2023,Córdoba,,0
2021,Islas Baleares,6.0,0
2022,Valladolid,3.0,0
2021,Girona,7.0,0
2023,Guipúzcoa,6.0,0
2023,Pontevedra,4.0,0
2021,Castellón,6.0,0
2023,Lleida,4.0,0
2021,León,5.0,0
2022,León,9.0,0
2026,La Coruña,9.0,0
2023,Ciudad Real,3.0,0
2023,Sevilla,7.0,0
2022,La Coruña,8.0,0
2021,Girona,8.0,0
2023,Valencia,10.0,0
2022,Ávila,3.0,0
2022,Madrid,1.0,0
2019,Zamora,4.0,0
2019,Teruel,3.0,0
2025,Alicante,10.0,0
2023,Girona,,0
2023,Castellón,10.0,0
2019,Murcia,10.0,0
2024,Cádiz,2.0,0
2025,Tarragona,9.0,0
2025,Soria,6.0,0
2019,Navarra,7.0,0
2023,Ávila,7.0,0
2020,Lleida,7.0,0
2026,Almería,4.0,0
2020,La Rioja,4.0,0
2024,Segovia,7.0,0
2024,Tarragona,6.0,0
2022,La Rioja,,0
2025,Guipúzcoa,10.0,0
2022,Jaén,7.0,0
2019,Asturias,7.0,0
2023,Las Palmas,,0
2022,Huesca,9.0,0
2020,Salamanca,4.0,0
2024,La Coruña,7.0,0
2025,Madrid,8.0,0
2023,Navarra,,0
2022,Sevilla,,0
2021,Lleida,1.0,0
2024,Jaén,10.0,0
2023,Albacete,,0
2025,Sevilla,9.0,0
2019,Ceuta,5.0,0
2023,Girona,,0
2021,Girona,,0
2021,Zaragoza,2.0,0
2022,Girona,5.0,0
2020,Las Palmas,1.0,0
2022,Madrid,4.0,0
2019,Granada,,0
2024,Teruel,9.0,0
2020,Salamanca,8.0,0
2023,Murcia,4.0,0
2024,Huelva,,0
2025,Granada,7.0,0
2022,Soria,2.0,0
2025,Zaragoza,1.0,0
2021,Jaén,9.0,0
2019,Murcia,7.0,0
2021,Huesca,2.0,0
2021,La Rioja,,0
2022,Guadalajara,10.0,0
2020,Santa Cruz de Tenerife,3.0,0
2023,Teruel,,0
2020,Sevilla,5.0,0
2024,León,7.0,0
2026,Lleida,6.0,0
2023,Huesca,8.0,0
2020,Girona,8.0,0
2025,Zamora,2.0,0
2023,Granada,,0
2019,Álava,2.0,0
2022,Huesca,1.0,0
2023,Ávila,3.0,0
2024,Barcelona,3.0,0
2019,Burgos,,0
2020,Girona,,0
2024,Albacete,9.0,0
2021,Cantabria,5.0,0
2024,Santa Cruz de Tenerife,4.0,0
2024,Cádiz,8.0,0
2020,Melilla,8.0,0
2021,Alicante,5.0,0
2020,Madrid,6.0,0
2023,Zamora,3.0,0
2023,La Rioja,,0
2025,Huelva,3.0,0
2019,Jaén,,0
2019,Madrid,,0
2024,León,5.0,0
2019,Tarragona,1.0,0
2022,Las Palmas,3.0,0
2019,Almería,10.0,0
2021,Vizcaya,9.0,0
2025,Jaén,4.0,0
2026,Álava,2.0,0
2025,Valladolid,9.0,0
2021,Lleida,2.0,0
2025,Alicante,,0
2020,Segovia,5.0,0
2019,Teruel,10.0,0
2020,Cádiz,9.0,0
2023,Islas Baleares,7.0,0
2020,Lleida,,0
2019,Navarra,,0
2026,Almería,5.0,0
2019,Asturias,9.0,0
2026,Albacete,6.0,0
2019,Almería,4.0,0
2025,Salamanca,8.0,0
2020,Barcelona,2.0,0
2022,Córdoba,10.0,0
2020,Guipúzcoa,6.0,0
2021,Girona,,0
2021,Tarragona,2.0,0
2023,Lleida,7.0,0
2024,Guadalajara,,0
2022,Asturias,1.0,0
2026,Santa Cruz de Tenerife,6.0,0
2023,Zamora,3.0,0
2020,Toledo,4.0,0
2025,Vizcaya,8.0,0
2023,Ciudad Real,8.0,0
2019,Girona,,0
2024,Santa Cruz de Tenerife,3.0,0
2019,Álava,1.0,0
2021,Zaragoza,5.0,0
2026,Granada,3.0,0
2024,Huesca,,0
2022,Navarra,,0
2024,La Coruña,2.0,0
2019,Murcia,,0
2020,Melilla,,0
2023,Teruel,10.0,0
2024,Girona,9.0,0
2026,Islas Baleares,9.0,0
2024,Asturias,7.0,0
2020,Navarra,7.0,0
2024,Lleida,10.0,0
2024,Castellón,1.0,0
2024,Murcia,7.0,0
2021,Lleida,4.0,0
2019,Huesca,,0
2023,Pontevedra,4.0,0
2024,Badajoz,9.0,0
2020,Zamora,7.0,0
2021,Girona,7.0,0
2021,Ávila,8.0,0
2022,Toledo,8.0,0
2022,Burgos,10.0,0
2025,Ceuta,3.0,0
2019,Jaén,9.0,0
2025,Ciudad Real,8.0,0
2022,Granada,8.0,0
2019,Madrid,,0
2025,Castellón,1.0,0
2022,Madrid,,0
2019,Cantabria,10.0,0
2023,Pontevedra,6.0,0
2019,Zamora,5.0,0
2020,Lleida,,0
2021,Zamora,8.0,0
2025,Asturias,,0
2022,Cádiz,,0
2019,Guadalajara,1.0,0
2023,Tarragona,3.0,0
2024,Soria,3.0,0
2025,La Coruña,3.0,0
2022,Cádiz,,0
2026,Sevilla,,0
2023,Navarra,2.0,0
2021,Valencia,3.0,0
2021,Toledo,4.0,0
2021,Las Palmas,2.0,0
2022,Guadalajara,10.0,0
2024,Cádiz,4.0,0
2022,Málaga,4.0,0
2019,Las Palmas,10.0,0
2022,Ávila,4.0,0
2021,Soria,,0
2025,Valladolid,8.0,0
2020,Córdoba,1.0,0
2023,Albacete,7.0,0
2025,Cádiz,,0
2025,Santa Cruz de Tenerife,3.0,0
2023,Almería,6.0,0
2021,Asturias,2.0,0
2022,Santa Cruz de Tenerife,3.0,0
2023,Albacete,,0
2021,Santa Cruz de Tenerife,,0
2021,Ciudad Real,1.0,0
2022,León,10.0,0
2020,Badajoz,1.0,0
2019,Guadalajara,8.0,0
2023,Guipúzcoa,5.0,0
2021,Madrid,3.0,0
2022,Córdoba,,0
2022,Guadalajara,2.0,0
2023,Castellón,6.0,0
2025,Lleida,10.0,0
2020,Palencia,4.0,0
2022,Burgos,,0
2019,Castellón,6.0,0
2024,Sevilla,4.0,0
2020,Pontevedra,2.0,0
2023,Santa Cruz de Tenerife,9.0,0
2026,Barcelona,7.0,0
2025,Pontevedra,1.0,0
2020,Zamora,5.0,0
2024,Tarragona,,0
2023,Asturias,3.0,0
2019,Cádiz,8.0,0
2024,Cáceres,4.0,0
2024,Burgos,,0
2022,Lleida,1.0,0
2019,León,7.0,0
2025,Ávila,5.0,0
2021,Asturias,,0
2023,Navarra,,0
2021,Murcia,5.0,0
2021,Ciudad Real,,0
2026,La Rioja,7.0,0
2026,Álava,,0
2025,Castellón,2.0,0
2023,Lleida,,0
2022,Valladolid,10.0,0
2023,Salamanca,10.0,0
2021,Ceuta,4.0,0
2023,Badajoz,7.0,0
2022,Badajoz,1.0,0
2025,Toledo,9.0,0
2020,Albacete,3.0,0
2025,Málaga,1.0,0
2019,Segovia,8.0,0
2022,Asturias,6.0,0
2025,León,,0
2022,Guadalajara,2.0,0
2024,Granada,9.0,0
2019,Lleida,,0
2021,Guadalajara,3.0,0
2021,León,,0
2025,Orense,,0
2020,Ávila,10.0,0
2026,Zaragoza,,0
2022,Murcia,10.0,0
2025,Castellón,2.0,0
2024,Ciudad Real,,0
2020,Vizcaya,,0
2019,Ávila,8.0,0
2020,Valladolid,,0
2025,Tarragona,4.0,0
2019,Las Palmas,8.0,0
2025,Sevilla,10.0,0
2022,Pontevedra,5.0,0
2020,La Rioja,2.0,0
2024,Cádiz,7.0,0
2023,Cádiz,,0
2023,Soria,3.0,0
2025,Barcelona,,0
2019,Valladolid,,0
2020,Lugo,,0
2021,Santa Cruz de Tenerife,6.0,0
2022,Santa Cruz de Tenerife,,0
2023,Madrid,9.0,0
2019,Navarra,5.0,0
2022,Alicante,10.0,0
2022,Navarra,10.0,0
2023,Girona,,0
2022,Santa Cruz de Tenerife,6.0,0
2020,Castellón,2.0,0
2025,Alicante,4.0,0
2020,Almería,8.0,0
2021,Pontevedra,,0
2024,Zamora,5.0,0
2026,Granada,1.0,0
2024,Cantabria,1.0,0
2019,Orense,8.0,0
2021,Ciudad Real,,0
2024,Córdoba,2.0,0
2023,Córdoba,5.0,0
2019,Alicante,9.0,0
2019,Badajoz,5.0,0
2022,Islas Baleares,8.0,0
2021,Almería,4.0,0
2026,Ceuta,7.0,0
2025,León,7.0,0
2020,Las Palmas,,0
2020,Ávila,1.0,0
2023,Madrid,9.0,0
2020,Santa Cruz de Tenerife,,0
2022,Vizcaya,8.0,0
2022,Navarra,3.0,0
2025,Asturias,7.0,0
2021,Valencia,2.0,0
2024,Islas Baleares,4.0,0
2023,Cádiz,1.0,0
2020,Teruel,,0
2019,León,5.0,0
2019,Valencia,1.0,0
2025,Castellón,1.0,0
2021,Sevilla,4.0,0
2021,Albacete,,0
2023,Toledo,9.0,0
2024,Girona,8.0,0
2019,Las Palmas,7.0,0
2022,Málaga,6.0,0
2019,Pontevedra,,0
2020,Girona,6.0,0
2019,Cáceres,10.0,0
2023,Valencia,2.0,0
2024,La Coruña,2.0,0
2025,Madrid,9.0,0
2024,Orense,4.0,0
2019,Burgos,2.0,0
2024,Valencia,10.0,0
2021,Barcelona,3.0,0
2019,Lleida,5.0,0
2019,Cáceres,5.0,0
2024,Guipúzcoa,7.0,0
2023,Toledo,,0
2020,Badajoz,9.0,0
2020,Orense,1.0,0
2022,Valencia,6.0,0
2024,Toledo,3.0,0
2019,Las Palmas,6.0,0
2026,Ceuta,5.0,0
2025,Segovia,8.0,0
2022,La Coruña,8.0,0
2023,Ceuta,2.0,0
2025,Islas Baleares,7.0,0
2023,Badajoz,1.0,0
2019,Tarragona,8.0,0
2023,Tarragona,10.0,0
2023,Huesca,8.0,0
2021,Lleida,6.0,0
2026,Soria,8.0,0
2023,Ciudad Real,7.0,0
2026,Burgos,7.0,0
2019,Islas Baleares,6.0,0
2024,Cáceres,4.0,0
2025,Madrid,4.0,0
2024,Cádiz,,0
2025,Álava,,0
2023,Sevilla,7.0,0
2025,Islas Baleares,8.0,0
2024,Las Palmas,,0
2021,Guipúzcoa,2.0,0
2022,Badajoz,3.0,0
2025,Sevilla,2.0,0
2024,Murcia,6.0,0
2020,Girona,9.0,0
2021,Asturias,8.0,0
2022,Teruel,,0
2023,Guipúzcoa,4.0,0
2021,Salamanca,,0
2024,Las Palmas,5.0,0
2022,Burgos,9.0,0
2022,Navarra,5.0,0
2025,Barcelona,4.0,0
2019,Lleida,10.0,0
2020,Sevilla,,0
2020,Orense,9.0,0
2022,Las Palmas,4.0,0
2023,Ciudad Real,5.0,0
2022,Álava,6.0,0
2021,Cantabria,,0
2023,Soria,3.0,0
2019,Álava,9.0,0
2020,Huelva,6.0,0
2024,Orense,1.0,0
2024,Santa Cruz de Tenerife,8.0,0
2025,Ávila,3.0,0
2021,Almería,,0
2021,Girona,5.0,0
2025,Murcia,9.0,0
2019,Guadalajara,6.0,0
2022,Asturias,,0
2019,Castellón,8.0,0
2024,Lleida,4.0,0
2025,Granada,10.0,0
2021,Barcelona,1.0,0
2022,Álava,,0
2019,Castellón,9.0,0
2021,Vizcaya,,0
2025,Murcia,,0
2024,Barcelona,4.0,0
2021,Alicante,5.0,0
2019,Castellón,3.0,0
2019,Albacete,4.0,0
2020,Ciudad Real,4.0,0
2019,Zaragoza,6.0,0
2024,Teruel,,0
2025,Ávila,6.0,0
2019,Asturias,3.0,0
2024,Girona,2.0,0
2024,Cádiz,6.0,0
2019,Barcelona,,0
2022,Barcelona,7.0,0
2022,Girona,2.0,0
2025,Álava,10.0,0
2021,Valencia,10.0,0
2023,Málaga,6.0,0
2020,Burgos,1.0,0
2024,La Rioja,5.0,0
2019,Barcelona,2.0,0
2020,Madrid,,0
2021,Ciudad Real,8.0,0
2019,Lleida,9.0,0
2023,Zaragoza,9.0,0
2020,Valencia,1.0,0
2023,Albacete,,0
2025,Lleida,8.0,0
2020,Segovia,10.0,0
2020,Lugo,,0
2025,Segovia,10.0,0
2020,Sevilla,6.0,0
2024,Las Palmas,4.0,0
2021,Las Palmas,10.0,0
2026,Álava,8.0,0
2023,Málaga,1.0,0
2025,Asturias,6.0,0
2022,Lleida,,0
2019,Islas Baleares,,0
2022,Lleida,4.0,0
2025,Girona,1.0,0
2024,Asturias,10.0,0
2025,Sevilla,,0
2019,Navarra,2.0,0
2020,Huelva,,0
2020,Girona,4.0,0
2021,Huelva,,0
2025,Huelva,8.0,0
2022,Las Palmas,5.0,0
2024,Alicante,,0
2022,Tarragona,4.0,0
2021,Castellón,10.0,0
2020,Salamanca,,0
2020,Huelva,10.0,0
2020,Murcia,7.0,0
2024,Huelva,,0
2022,Pontevedra,,0
2019,Pontevedra,2.0,0
2024,Córdoba,5.0,0
2022,Valladolid,3.0,0
2022,Valladolid,9.0,0
2020,Zamora,,0
2020,Álava,9.0,0
2022,Soria,2.0,0
2021,Pontevedra,2.0,0
2020,Álava,1.0,0
2021,Orense,,0
2020,Santa Cruz de Tenerife,5.0,0
2022,Guadalajara,3.0,0
2019,Córdoba,7.0,0
2020,Albacete,4.0,0
2024,Álava,10.0,0
2025,Málaga,1.0,0
2022,Lleida,7.0,0
2024,Guipúzcoa,2.0,0
2019,Lugo,10.0,0
2022,Cádiz,,0
2025,Albacete,,0
2024,Jaén,10.0,0
2024,Murcia,4.0,0
2026,Cuenca,6.0,0
2021,Sevilla,,0
2020,Zaragoza,1.0,0
2020,Teruel,3.0,0
2020,Zamora,3.0,0
2023,Cáceres,8.0,0
2020,Santa Cruz de Tenerife,3.0,0
2025,Navarra,,0
2022,Sevilla,5.0,0
2019,Palencia,,0
2020,Santa Cruz de Tenerife,7.0,0
2025,Asturias,3.0,0
2021,Islas Baleares,8.0,0
2022,Badajoz,1.0,0
2024,Cuenca,,0
2022,Toledo,10.0,0
2024,Navarra,6.0,0
2021,Ciudad Real,4.0,0
2020,Guipúzcoa,,0
2023,Álava,8.0,0
2020,La Rioja,8.0,0
2019,Islas Baleares,8.0,0
2021,Alicante,8.0,0
2023,Guipúzcoa,8.0,0
2023,La Coruña,7.0,0
2019,Madrid,1.0,0
2026,Tarragona,7.0,0
2020,Castellón,1.0,0
2021,Palencia,1.0,0
2024,Girona,1.0,0
2025,Cantabria,1.0,0
2024,Lugo,,0
2024,Álava,,0
2020,León,2.0,0
2023,Castellón,,0
2026,Alicante,,0
2021,Cádiz,10.0,0
2019,Santa Cruz de Tenerife,2.0,0
2025,Málaga,9.0,0
2020,Granada,,0
2019,Jaén,8.0,0
2019,Las Palmas,,0
2020,Guadalajara,8.0,0
2021,Huelva,6.0,0
2025,Barcelona,9.0,0
2020,Soria,10.0,0
2024,Jaén,9.0,0
2025,Girona,7.0,0
2024,Ávila,2.0,0
2020,Salamanca,9.0,0
2020,Orense,1.0,0
2024,Ávila,2.0,0
2025,Soria,,0
2024,Valladolid,8.0,0
2019,Lugo,2.0,0
2026,Lleida,1.0,0
2022,Cantabria,7.0,0
2020,Girona,7.0,0
2024,Cantabria,7.0,0
2021,Toledo,,0
2021,Soria,6.0,0
2024,Lugo,,0
2021,Cuenca,4.0,0
2019,Córdoba,10.0,0
2020,Córdoba,1.0,0
2019,Asturias,1.0,0
2019,Teruel,,0
2021,Orense,6.0,0
2026,Valencia,5.0,0
2020,Teruel,10.0,0
2021,Teruel,1.0,0
2021,Islas Baleares,6.0,0
2019,Granada,,0
2020,Vizcaya,7.0,0
2020,Jaén,,0
2020,Guadalajara,10.0,0
2022,Orense,2.0,0
2019,Murcia,10.0,0
2024,Burgos,9.0,0
2021,Tarragona,,0
2025,Toledo,6.0,0
2023,Murcia,,0
2020,Valladolid,7.0,0
2024,Navarra,2.0,0
2022,Teruel,5.0,0
2022,Huesca,,0
2020,Melilla,,0
2020,Lugo,,0
2022,Palencia,,0
2024,Ceuta,2.0,0
2023,Vizcaya,6.0,0
2025,Islas Baleares,9.0,0
2021,La Coruña,10.0,0
2020,Navarra,10.0,0
2026,Las Palmas,3.0,0
2023,Granada,3.0,0
2022,Zaragoza,,0
2025,Segovia,5.0,0
2023,Girona,10.0,0
2021,Murcia,5.0,0
2022,Burgos,4.0,0
2019,Granada,2.0,0
2025,Córdoba,,0
2025,Girona,7.0,0
2025,Melilla,7.0,0
2021,Las Palmas,3.0,0
2025,La Rioja,5.0,0
2024,Granada,,0
2024,Guadalajara,5.0,0
2025,Murcia,6.0,0
2022,Lleida,5.0,0
2025,Madrid,6.0,0
2025,Sevilla,3.0,0
2025,Pontevedra,10.0,0
2021,Islas Baleares,9.0,0
2026,Zamora,8.0,0
2023,Cuenca,9.0,0
2020,Salamanca,1.0,0
2022,Alicante,1.0,0
2021,Vizcaya,7.0,0
2019,Orense,,0
2020,Teruel,9.0,0
2020,Sevilla,,0
2019,Palencia,10.0,0
2021,Madrid,,0
2025,Lleida,4.0,0
2023,Girona,6.0,0
2020,León,,0
2022,Las Palmas,,0
2019,Valencia,1.0,0
2024,La Coruña,1.0,0
2019,Tarragona,1.0,0
2022,Barcelona,2.0,0
2022,Soria,1.0,0
2019,Lugo,8.0,0
2023,Asturias,7.0,0
2022,Palencia,10.0,0
2023,Málaga,5.0,0
2023,Santa Cruz de Tenerife,2.0,0
2024,Asturias,,0
2025,Castellón,,0
2020,Málaga,4.0,0
2023,Jaén,1.0,0
2025,Guipúzcoa,8.0,0
2019,Ciudad Real,8.0,0
2022,Navarra,3.0,0
2024,Lleida,7.0,0
2021,Málaga,3.0,0
2023,Lugo,,0
2024,La Coruña,,0
2019,Lugo,,0
2020,La Rioja,,0
2020,Girona,,0
2026,Islas Baleares,10.0,0
2020,Cádiz,3.0,0
2025,Las Palmas,6.0,0
2023,Huelva,,0
2019,León,4.0,0
2019,Orense,10.0,0
2021,Salamanca,8.0,0
2024,Castellón,2.0,0
2019,Huelva,1.0,0
2021,Álava,6.0,0
2020,Salamanca,,0
2021,Cantabria,,0
2022,Sevilla,,0
2023,Soria,4.0,0
2026,Sevilla,7.0,0
2022,Castellón,4.0,0
2019,Ávila,6.0,0
2019,Badajoz,8.0,0
2022,Islas Baleares,3.0,0
2019,La Rioja,8.0,0
2021,Huesca,10.0,0
2026,Las Palmas,9.0,0
2023,Tarragona,1.0,0
2025,Badajoz,4.0,0
2021,Valladolid,4.0,0
2020,Soria,,0
2020,La Rioja,1.0,0
2020,Guadalajara,1.0,0
2022,Alicante,3.0,0
2024,Palencia,,0
2019,Guipúzcoa,,0
2020,Segovia,8.0,0
2025,Toledo,3.0,0
2022,Santa Cruz de Tenerife,9.0,0
2023,Girona,3.0,0
2024,Valladolid,6.0,0
2019,León,4.0,0
2023,Zaragoza,2.0,0
2024,Girona,9.0,0
2025,Girona,6.0,0
2019,León,2.0,0
2023,Almería,,0
2022,Teruel,9.0,0
2019,Santa Cruz de Tenerife,2.0,0
2020,Ávila,2.0,0
2020,León,10.0,0
2022,Guadalajara,9.0,0
2025,Madrid,9.0,0
2019,Lleida,,0
2023,Córdoba,10.0,0
2022,Toledo,1.0,0
2026,Ávila,2.0,0
2021,Cádiz,,0
2021,Orense,,0
2023,Girona,10.0,0
2026,Navarra,7.0,0
2024,Guadalajara,2.0,0
2026,Cantabria,8.0,0
2020,Cádiz,10.0,0
2020,Pontevedra,1.0,0
2025,Ávila,7.0,0
2022,Palencia,6.0,0
2022,Cádiz,8.0,0
2025,Santa Cruz de Tenerife,5.0,0
2020,Teruel,5.0,0
2024,Santa Cruz de Tenerife,,0
2024,Cádiz,,0
2022,Madrid,1.0,0
2020,Palencia,5.0,0
2025,Guadalajara,3.0,0
2026,Cáceres,9.0,0
2023,Pontevedra,2.0,0
2019,Sevilla,2.0,0
2021,Almería,2.0,0
2021,Santa Cruz de Tenerife,1.0,0
2024,Lleida,10.0,0
2023,Córdoba,3.0,0
2023,Burgos,6.0,0
2019,Jaén,8.0,0
2024,Sevilla,3.0,0
2019,León,10.0,0
2021,León,1.0,0
2024,Palencia,2.0,0
2019,Tarragona,9.0,0
2021,Vizcaya,8.0,0
2020,Murcia,4.0,0
2023,Castellón,3.0,0
2025,Asturias,9.0,0
2019,Ceuta,5.0,0
2022,Zamora,4.0,0
2026,La Coruña,1.0,0
2021,Islas Baleares,2.0,0
2024,Cantabria,9.0,0
2022,Málaga,,0
2019,Ceuta,6.0,0
2025,Lugo,,0
2024,Badajoz,4.0,0
2025,Málaga,9.0,0
2022,Melilla,6.0,0
2021,Córdoba,6.0,0
2021,Orense,10.0,0
2021,Islas Baleares,,0
2019,Pontevedra,1.0,0
2023,Ávila,9.0,0
2025,Álava,1.0,0
2024,Melilla,,0
2021,Málaga,1.0,0
2024,Girona,,0
2025,Orense,3.0,0
2021,Ávila,1.0,0
2022,Melilla,4.0,0
2020,Granada,,0
2020,Almería,,0
2025,Ceuta,9.0,0
2020,Guadalajara,,0
2024,Cáceres,4.0,0
2020,Ceuta,6.0,0
2019,Las Palmas,1.0,0
2021,Islas Baleares,3.0,0
2020,Islas Baleares,5.0,0
2025,Navarra,10.0,0
2023,Girona,10.0,0
2025,Cáceres,7.0,0
2024,Segovia,6.0,0
2019,Murcia,10.0,0
2024,Burgos,5.0,0
2020,Vizcaya,,0
2021,Badajoz,2.0,0
2021,Madrid,1.0,0
2021,Soria,4.0,0
2023,Teruel,,0
2023,Girona,,0
2019,Alicante,5.0,0
2021,Islas Baleares,7.0,0
2021,Toledo,1.0,0
2019,Pontevedra,2.0,0
2022,Lleida,,0
2024,Jaén,8.0,0
2022,Orense,3.0,0
2023,Castellón,8.0,0
2022,Valladolid,5.0,0
2021,Cantabria,7.0,0
2020,La Rioja,,0
2019,Santa Cruz de Tenerife,,0
2023,Islas Baleares,8.0,0
2021,Ciudad Real,6.0,0
2021,Valladolid,4.0,0
2020,Palencia,9.0,0
2022,Girona,,0
2019,Lleida,,0
2026,Barcelona,,0
2020,Orense,1.0,0
2020,Pontevedra,4.0,0
2023,Madrid,8.0,0
2021,Granada,5.0,0
2022,Valladolid,7.0,0
2022,Málaga,4.0,0
2022,Toledo,2.0,0
2023,Ciudad Real,7.0,0
2025,Soria,,0
2021,Segovia,1.0,0
2022,Cantabria,7.0,0
2021,Granada,6.0,0
2022,Burgos,4.0,0
2021,Teruel,3.0,0
2024,Sevilla,9.0,0
2023,Navarra,10.0,0
2023,Castellón,6.0,0
2020,Huelva,10.0,0
2021,Palencia,5.0,0
2022,Madrid,,0
2024,Ceuta,10.0,0
2024,Lleida,3.0,0
2023,Barcelona,10.0,0
2026,Burgos,7.0,0
2021,Cáceres,2.0,0
2019,Castellón,4.0,0
2025,Las Palmas,10.0,0
2022,Cádiz,,0
2022,Murcia,5.0,0
2019,Madrid,5.0,0
2025,Cuenca,6.0,0
2025,Segovia,4.0,0
2024,Madrid,2.0,0
2020,Albacete,,0
2023,La Coruña,9.0,0
2021,La Coruña,2.0,0
2024,Madrid,4.0,0
2023,Badajoz,3.0,0
2023,Almería,5.0,0
2021,Cantabria,,0
2020,Lleida,,0
2020,Teruel,6.0,0
2022,Málaga,5.0,0
2022,Barcelona,4.0,0
2019,Castellón,4.0,0
2021,Córdoba,7.0,0
2025,Guipúzcoa,4.0,0
2020,Tarragona,7.0,0
2024,Islas Baleares,,0
2025,Palencia,,0
2023,Santa Cruz de Tenerife,10.0,0
2022,Huelva,2.0,0
2021,Valladolid,7.0,0
2022,Vizcaya,2.0,0
2022,Huesca,2.0,0
2019,Zamora,,0
2019,Salamanca,3.0,0
2025,Guadalajara,2.0,0
2023,Santa Cruz de Tenerife,2.0,0
2021,Santa Cruz de Tenerife,10.0,0
2024,Girona,8.0,0
2020,Badajoz,3.0,0
2023,Teruel,9.0,0
2019,Guadalajara,7.0,0
2024,Vizcaya,,0
2020,Guadalajara,1.0,0
2023,Cuenca,,0
2021,La Coruña,1.0,0
2025,Granada,5.0,0
2023,Pontevedra,,0
2024,Granada,1.0,0
2026,Salamanca,1.0,0
2022,Valladolid,5.0,0
2020,Santa Cruz de Tenerife,10.0,0
2025,Castellón,,0
2021,Alicante,2.0,0
2022,Guipúzcoa,,0
2023,Granada,4.0,0
2024,Girona,4.0,0
2020,Valladolid,,0
2021,Islas Baleares,9.0,0
2021,Ávila,9.0,0
2025,Zaragoza,,0
2024,Tarragona,8.0,0
2023,Segovia,1.0,0
2021,Barcelona,8.0,0
2021,Sevilla,6.0,0
2020,Burgos,,0
2023,Albacete,4.0,0
2021,Salamanca,1.0,0
2022,Girona,,0
2023,Melilla,,0
2019,Córdoba,3.0,0
2022,Huelva,3.0,0
2022,Murcia,7.0,0
2020,Santa Cruz de Tenerife,1.0,0
2025,Ávila,1.0,0
2019,Castellón,2.0,0
2026,Palencia,5.0,0
2022,Álava,7.0,0
2026,Salamanca,10.0,0
2021,Soria,,0
2023,La Rioja,5.0,0
2025,Jaén,10.0,0
2026,Barcelona,9.0,0
2019,Las Palmas,5.0,0
2022,Álava,8.0,0
2025,Santa Cruz de Tenerife,,0
2023,Castellón,2.0,0
2020,Huelva,1.0,0
2026,Cáceres,10.0,0
2020,Lleida,4.0,0
2021,Huelva,1.0,0
2020,Girona,2.0,0
2023,Murcia,,0
2023,Huelva,10.0,0
2026,Málaga,9.0,0
2025,Islas Baleares,6.0,0
2026,Vizcaya,7.0,0
2024,Segovia,8.0,0
2020,Palencia,7.0,0
2020,Madrid,4.0,0
2023,Valladolid,6.0,0
2022,Las Palmas,,0
2021,Granada,2.0,0
2022,Tarragona,9.0,0
2019,Huesca,3.0,0
2022,Cádiz,6.0,0
2021,Alicante,,0
2023,Vizcaya,,0
2024,Lleida,4.0,0
2025,La Rioja,3.0,0
2021,Madrid,4.0,0
2024,Zaragoza,,0
2019,Palencia,5.0,0
2021,Las Palmas,9.0,0
2023,La Rioja,,0
2019,Álava,5.0,0
2024,Palencia,9.0,0
2021,Girona,2.0,0
2023,Guadalajara,2.0,0
2022,Girona,4.0,0
2020,Alicante,5.0,0
2023,Sevilla,8.0,0
2020,Almería,,0
2019,Badajoz,,0
2023,La Coruña,5.0,0
2019,Murcia,3.0,0
2021,Albacete,9.0,0
2019,La Rioja,7.0,0
2021,Teruel,2.0,0
2021,Guadalajara,9.0,0
2025,Las Palmas,4.0,0
2022,Badajoz,5.0,0
2023,Jaén,9.0,0
2020,Almería,10.0,0
2019,Granada,10.0,0
2019,Santa Cruz de Tenerife,4.0,0
2019,Girona,4.0,0
2024,Salamanca,3.0,0
2022,Ciudad Real,7.0,0
2026,Huesca,5.0,0
2020,Salamanca,,0
2021,Santa Cruz de Tenerife,6.0,0
2022,Almería,,0
2023,Albacete,5.0,0
2022,Girona,4.0,0
2019,Lleida,,0
2020,Tarragona,,0
2024,Lleida,4.0,0
2024,Valladolid,1.0,0
2023,Santa Cruz de Tenerife,2.0,0
2020,Albacete,,0
2023,La Coruña,,0
2024,Vizcaya,6.0,0
2019,Lleida,3.0,0
2022,Girona,,0
2022,Zaragoza,1.0,0
2021,Islas Baleares,6.0,0
2019,Barcelona,,0
2021,Cáceres,9.0,0
2023,Tarragona,9.0,0
2021,Melilla,,0
2022,Granada,2.0,0
2021,Alicante,2.0,0
2025,Guadalajara,,0
2024,Salamanca,2.0,0
2024,Cuenca,9.0,0
2022,Madrid,1.0,0
2022,Las Palmas,2.0,0
2020,La Rioja,2.0,0
2026,Zamora,6.0,0
2024,Navarra,1.0,0
2022,Zaragoza,1.0,0
2021,Valencia,2.0,0
2022,Asturias,1.0,0
2025,Santa Cruz de Tenerife,5.0,0
2019,Melilla,3.0,0
2024,Girona,10.0,0
2025,Albacete,2.0,0
2022,Segovia,6.0,0
2026,Albacete,6.0,0
2024,Guipúzcoa,,0
2026,Murcia,10.0,0
2020,Huesca,5.0,0
2023,Cádiz,10.0,0
2023,Albacete,5.0,0
2024,Alicante,,0
2025,Albacete,8.0,0
2024,Córdoba,,0
2026,Girona,6.0,0
2024,Navarra,2.0,0
2024,La Coruña,10.0,0
2023,Badajoz,1.0,0
2024,La Rioja,,0
2022,Cádiz,3.0,0
2025,Huesca,6.0,0
2024,Santa Cruz de Tenerife,,0
2021,Tarragona,4.0,0
2025,Málaga,9.0,0
2023,Madrid,3.0,0
2019,Soria,10.0,0
2019,Sevilla,,0
2024,Navarra,6.0,0
2024,Palencia,5.0,0
2024,Tarragona,2.0,0
2023,Navarra,7.0,0
2026,Melilla,1.0,0
2019,Álava,2.0,0
2019,Alicante,7.0,0
2023,Alicante,5.0,0
2026,Córdoba,7.0,0
2021,Soria,,0
2024,Cáceres,9.0,0
2026,Zamora,6.0,0
2020,Jaén,6.0,0
2019,Castellón,2.0,0
2020,Navarra,1.0,0
2019,Vizcaya,6.0,0
2022,Guipúzcoa,10.0,0
2022,Salamanca,,0
2020,Zaragoza,10.0,0
2024,Orense,10.0,0
2022,Santa Cruz de Tenerife,5.0,0
2025,Jaén,3.0,0
2022,Toledo,9.0,0
2024,Lleida,9.0,0
2019,León,9.0,0
2021,La Coruña,9.0,0
2026,Málaga,9.0,0
2025,Huelva,,0
2019,Zamora,3.0,0
2024,La Rioja,9.0,0
2024,Cáceres,3.0,0
2019,Lleida,2.0,0
2025,Teruel,7.0,0
2025,Segovia,,0
2020,Albacete,6.0,0
2023,Vizcaya,,0
2022,Lleida,4.0,0
2022,Melilla,7.0,0
2025,Cádiz,6.0,0
2019,Almería,2.0,0
2025,Valencia,3.0,0
2023,Álava,3.0,0
2024,Jaén,,0
2025,Vizcaya,,0
2020,Granada,5.0,0
2022,Asturias,,0
2020,Ávila,8.0,0
2023,Girona,3.0,0
2025,Cádiz,,0
2025,Zamora,,0
2024,Lleida,,0
2023,Palencia,6.0,0
2024,La Rioja,6.0,0
2022,Girona,9.0,0
2019,Zaragoza,1.0,0
2020,Sevilla,9.0,0
2023,Santa Cruz de Tenerife,5.0,0
2022,Palencia,10.0,0
2020,Melilla,5.0,0
2020,Álava,2.0,0
2021,Barcelona,,0
2023,Huelva,8.0,0
2024,Málaga,7.0,0
2024,Guipúzcoa,4.0,0
2022,Vizcaya,3.0,0
2024,Madrid,,0
2019,Ciudad Real,,0
2025,La Rioja,5.0,0
2021,Murcia,3.0,0
2022,Guipúzcoa,4.0,0
2021,Castellón,,0
2019,Málaga,3.0,0
2024,Teruel,6.0,0
2025,Valencia,,0
2024,Madrid,8.0,0
2023,Granada,3.0,0
2024,Huesca,4.0,0
2021,Huelva,8.0,0
2024,Teruel,4.0,0
2019,Santa Cruz de Tenerife,7.0,0
2023,Madrid,10.0,0
2020,Badajoz,3.0,0
2023,Zamora,6.0,0
2023,Las Palmas,8.0,0
2021,Pontevedra,2.0,0
2025,Melilla,6.0,0
2024,Málaga,5.0,0
2019,Badajoz,3.0,0
2019,Valladolid,,0
2019,Jaén,10.0,0
2020,Cuenca,10.0,0
2023,Soria,2.0,0
2023,Málaga,4.0,0
2023,Tarragona,1.0,0
2023,Toledo,7.0,0
2026,Toledo,4.0,0
2025,Salamanca,6.0,0
2023,Zaragoza,4.0,0
2023,Valladolid,,0
2024,Las Palmas,5.0,0
2019,Girona,,0
2026,Zamora,6.0,0
2023,Girona,10.0,0
2023,Murcia,6.0,0
2024,Cuenca,,0
2020,Pontevedra,,0
2020,Valladolid,3.0,0
2021,Orense,,0
2023,Vizcaya,10.0,0
2024,Albacete,3.0,0
2025,Cantabria,10.0,0
2025,Pontevedra,8.0,0
2019,Alicante,,0
2023,Cuenca,,0
2022,Vizcaya,3.0,0
2023,Córdoba,8.0,0
2021,Girona,,0
2022,Soria,4.0,0
2025,Santa Cruz de Tenerife,,0
2020,Zaragoza,10.0,0
2020,Madrid,3.0,0
2019,Álava,1.0,0
2020,Lleida,5.0,0
2024,Melilla,10.0,0
2023,Madrid,,0
2019,Madrid,6.0,0
2025,Guadalajara,3.0,0
2024,Albacete,2.0,0
2019,Vizcaya,4.0,0
2022,Jaén,6.0,0
2019,Zamora,9.0,0
2019,Álava,10.0,0
2022,La Coruña,7.0,0
2025,Girona,5.0,0
2025,Huelva,5.0,0
2019,Cuenca,,0
2023,Lleida,8.0,0
2019,Navarra,5.0,0
2021,Murcia,3.0,0
2022,Córdoba,4.0,0
2022,Tarragona,4.0,0
2019,Zaragoza,3.0,0
2023,Vizcaya,5.0,0
2020,Málaga,9.0,0
2023,Barcelona,4.0,0
2020,Lugo,2.0,0
2020,Asturias,7.0,0
2019,Segovia,6.0,0
2019,Pontevedra,5.0,0
2022,Badajoz,4.0,0
2023,Álava,3.0,0
2019,La Coruña,7.0,0
2024,Granada,2.0,0
2019,Orense,4.0,0
2019,Guipúzcoa,3.0,0
2025,Salamanca,,0
2022,Huelva,3.0,0
2025,Almería,,0
2021,Almería,6.0,0
2023,Santa Cruz de Tenerife,6.0,0
2023,Palencia,5.0,0
2019,Burgos,4.0,0
2022,Barcelona,3.0,0
2023,Sevilla,,0
2021,Santa Cruz de Tenerife,1.0,0
2022,Guipúzcoa,8.0,0
2025,La Rioja,9.0,0
2019,Islas Baleares,7.0,0
2022,Santa Cruz de Tenerife,8.0,0
2020,Tarragona,9.0,0
2019,Santa Cruz de Tenerife,3.0,0
2020,Cantabria,9.0,0
2022,León,5.0,0
2026,León,1.0,0
2021,Cuenca,1.0,0
2026,Pontevedra,1.0,0
2019,Lleida,10.0,0
2021,Córdoba,,0
2024,Navarra,2.0,0
2021,Lugo,1.0,0
2023,Málaga,4.0,0
2024,Salamanca,,0
2024,La Coruña,8.0,0
2024,Ávila,10.0,0
2022,Córdoba,5.0,0
2021,Palencia,5.0,0
2025,Sevilla,2.0,0
2021,Lleida,3.0,0
2024,Orense,1.0,0
2024,Guipúzcoa,3.0,0
2026,Pontevedra,1.0,0
2020,Córdoba,,0
2023,Salamanca,10.0,0
2021,La Coruña,9.0,0
2024,Barcelona,9.0,0
2021,Islas Baleares,4.0,0
2022,Cantabria,5.0,0
2020,Huesca,,0
2022,Vizcaya,1.0,0
2025,Navarra,4.0,0
2021,Valladolid,,0
2022,León,,0
2019,Lleida,,0
2023,Zamora,10.0,0
2020,Orense,1.0,0
2020,Pontevedra,5.0,0
2020,Badajoz,,0
2021,Almería,4.0,0
2023,Salamanca,,0
2023,Valladolid,8.0,0
2026,Valencia,1.0,0
2024,Almería,1.0,0
2024,Teruel,9.0,0
2025,León,1.0,0
2020,Islas Baleares,,0
2024,Guadalajara,1.0,0
2024,Zaragoza,6.0,0
2022,Castellón,3.0,0
2022,Huesca,4.0,0
2021,Vizcaya,6.0,0
2022,Almería,8.0,0
2025,Lugo,3.0,0
2023,Huesca,2.0,0
2019,Cádiz,5.0,0
2024,Murcia,4.0,0
2023,Badajoz,9.0,0
2021,Guipúzcoa,,0
2020,Huesca,,0
2022,Toledo,,0
2019,Badajoz,5.0,0
2023,Santa Cruz de Tenerife,6.0,0
2023,Málaga,,0
2025,Guadalajara,3.0,0
2022,Salamanca,5.0,0
2023,Santa Cruz de Tenerife,8.0,0
2020,Murcia,7.0,0
2025,Santa Cruz de Tenerife,4.0,0
2020,Santa Cruz de Tenerife,7.0,0
2023,Islas Baleares,,0
2019,La Rioja,5.0,0
2023,Melilla,2.0,0
2019,Alicante,7.0,0
2026,Badajoz,5.0,0
2023,Salamanca,2.0,0
2021,Sevilla,6.0,0
2022,Valencia,,0
2026,Albacete,8.0,0
2022,Valencia,4.0,0
2021,Badajoz,2.0,0
2025,Orense,,0
2025,Lleida,1.0,0
2019,Cantabria,,0
2020,Orense,2.0,0
2022,Toledo,6.0,0
2022,Lleida,2.0,0
2023,Albacete,,0
2025,León,9.0,0
2020,Málaga,10.0,0
2024,Álava,,0
2026,Teruel,1.0,0
2021,Guadalajara,,0
2019,Cuenca,8.0,0
2021,Palencia,6.0,0
2024,Pontevedra,8.0,0
2023,Ciudad Real,9.0,0
2025,Santa Cruz de Tenerife,4.0,0
2026,Vizcaya,10.0,0
2020,Málaga,10.0,0
2023,Girona,6.0,0
2021,Zaragoza,4.0,0
2025,Orense,8.0,0
2019,Pontevedra,9.0,0
2024,Lugo,6.0,0
2024,Albacete,3.0,0
2019,Badajoz,3.0,0
2022,Valencia,10.0,0
2021,Alicante,,0
2024,Islas Baleares,5.0,0
2019,Zaragoza,5.0,0
2022,Córdoba,,0
2022,Madrid,,0
2020,Valencia,4.0,0
2023,Zaragoza,3.0,0
2019,Tarragona,,0
2024,Toledo,5.0,0
2025,Pontevedra,1.0,0
2022,Sevilla,3.0,0
2019,Huesca,1.0,0
2023,Cantabria,9.0,0
2021,Navarra,2.0,0
2022,Granada,8.0,0
2025,Melilla,2.0,0
2024,Alicante,6.0,0
2026,Ávila,6.0,0
2023,Asturias,8.0,0
2025,Málaga,6.0,0
2019,Santa Cruz de Tenerife,6.0,0
2021,Zaragoza,6.0,0
2023,Teruel,,0
2020,Castellón,3.0,0
2022,Granada,7.0,0
2021,Murcia,5.0,0
2021,Girona,8.0,0
2020,Guipúzcoa,8.0,0
2023,Zaragoza,1.0,0
2023,Zaragoza,2.0,0
2021,Girona,7.0,0
2019,Ávila,3.0,0
2021,Zaragoza,,0
2022,Sevilla,6.0,0
2022,Guipúzcoa,1.0,0
2020,Tarragona,,0
2022,Guipúzcoa,10.0,0
2023,Guipúzcoa,1.0,0
2020,Girona,8.0,0
2025,Murcia,,0
2026,Santa Cruz de Tenerife,1.0,0
2019,Jaén,5.0,0
2024,Albacete,10.0,0
2021,Soria,,0
2021,Salamanca,,0
2021,Teruel,7.0,0
2022,Valencia,3.0,0
2021,Orense,,0
2022,Vizcaya,1.0,0
2020,Alicante,1.0,0
2020,Soria,6.0,0
2020,Huelva,,0
2020,Burgos,10.0,0
2023,Orense,,0
2022,Vizcaya,9.0,0
2025,Lleida,10.0,0
2025,Sevilla,2.0,0
2021,Cantabria,2.0,0
2020,Guadalajara,6.0,0
2023,Guadalajara,6.0,0
2020,Cantabria,,0
2024,Huesca,,0
2020,Navarra,1.0,0
2026,Badajoz,4.0,0
2024,Santa Cruz de Tenerife,2.0,0
2019,Vizcaya,10.0,0
2022,Valladolid,1.0,0
2025,Melilla,1.0,0
2019,Ceuta,2.0,0
2024,Melilla,10.0,0
2026,Sevilla,4.0,0
2022,Cáceres,10.0,0
2019,León,7.0,0
2022,Palencia,6.0,0
2021,Jaén,3.0,0
2024,Valencia,10.0,0
2025,Madrid,5.0,0
2021,Lugo,8.0,0
2025,Cáceres,,0
2019,León,7.0,0
2025,Castellón,10.0,0
2020,Teruel,9.0,0
2022,Cádiz,9.0,0
2023,Navarra,,0
2023,Granada,1.0,0
2024,Lleida,1.0,0
2020,Lleida,1.0,0
2025,Segovia,4.0,0
2019,Huelva,5.0,0
2020,Ceuta,1.0,0
2021,Teruel,4.0,0
2024,Burgos,,0
2022,Lleida,8.0,0
2025,Madrid,9.0,0
2019,Pontevedra,2.0,0
2020,Alicante,,0
2019,Cáceres,10.0,0
2024,Cáceres,,0
2025,Burgos,5.0,0
2021,Las Palmas,5.0,0
2022,Zaragoza,3.0,0
2023,Lleida,7.0,0
2024,Girona,8.0,0
2026,Girona,1.0,0
2023,Badajoz,3.0,0
2025,Lugo,4.0,0
2024,Valladolid,10.0,0
2022,Segovia,9.0,0
2021,Segovia,3.0,0
2021,Barcelona,9.0,0
2025,Sevilla,4.0,0
2025,Murcia,9.0,0
2020,Lleida,8.0,0
2022,Burgos,7.0,0
2023,Murcia,6.0,0
2019,Huesca,7.0,0
2025,Álava,6.0,0
2020,Barcelona,,0
2019,Vizcaya,6.0,0
2024,Girona,2.0,0
2024,Córdoba,9.0,0
2023,La Rioja,,0
2026,Melilla,4.0,0
2025,Guipúzcoa,,0
2020,Pontevedra,5.0,0
2022,Jaén,,0
2022,Ávila,8.0,0
2020,Lleida,,0
2023,Murcia,1.0,0
2022,Zamora,1.0,0
2020,Almería,2.0,0
2019,Jaén,3.0,0
2023,Cádiz,,0
2024,La Coruña,8.0,0
2022,Albacete,8.0,0
2021,Zaragoza,7.0,0
2024,Girona,7.0,0
2025,Salamanca,,0
2022,Sevilla,5.0,0
2020,Valladolid,,0
2022,Alicante,5.0,0
2025,Cuenca,8.0,0
2019,Pontevedra,1.0,0
2023,Vizcaya,6.0,0
2020,Huesca,8.0,0
2020,Cáceres,9.0,0
2019,Santa Cruz de Tenerife,8.0,0
2022,Albacete,5.0,0
2022,León,9.0,0
2026,Cáceres,5.0,0
2024,Soria,8.0,0
2021,Murcia,1.0,0
2019,Palencia,5.0,0
2022,Soria,9.0,0
2019,Valencia,10.0,0
2019,Girona,10.0,0
2024,Palencia,3.0,0
2020,Castellón,8.0,0
2020,Lleida,1.0,0
2020,La Rioja,10.0,0
2024,Valencia,7.0,0
2023,Teruel,4.0,0
2021,Santa Cruz de Tenerife,,0
2023,Ciudad Real,9.0,0
2019,Teruel,6.0,0
2023,La Rioja,6.0,0
2023,Zaragoza,,0
2024,Teruel,1.0,0
2021,Vizcaya,6.0,0
2022,Toledo,9.0,0
2020,Jaén,,0
2019,Orense,10.0,0
2022,Cádiz,,0
2020,Santa Cruz de Tenerife,,0
2021,Las Palmas,10.0,0
2023,Valencia,4.0,0
2023,La Coruña,7.0,0
2022,Salamanca,,0
2024,Ávila,10.0,0
2020,Ciudad Real,8.0,0
2019,Ciudad Real,2.0,0
2026,Madrid,7.0,0
2021,La Rioja,7.0,0
2025,Castellón,5.0,0
2024,Zaragoza,5.0,0
2024,Cuenca,8.0,0
2021,La Coruña,4.0,0
2023,Salamanca,10.0,0
2022,Valencia,4.0,0
2026,Girona,8.0,0
2023,Jaén,1.0,0
2024,Ávila,3.0,0
2024,Málaga,9.0,0
2025,Granada,2.0,0
2021,Islas Baleares,,0
2020,Navarra,9.0,0
2021,Albacete,,0
2022,Vizcaya,8.0,0
2026,Cáceres,8.0,0
2020,Zaragoza,9.0,0
2023,Burgos,2.0,0
2025,Cuenca,2.0,0
2025,Santa Cruz de Tenerife,,0
2019,Vizcaya,2.0,0
2021,Valladolid,2.0,0
2023,La Coruña,9.0,0
2023,Asturias,10.0,0
2019,Segovia,,0
2024,Islas Baleares,6.0,0
2024,Palencia,9.0,0
2024,Huelva,1.0,0
2022,Asturias,9.0,0
2020,Almería,,0
2019,Cáceres,,0
2021,Valladolid,4.0,0
2019,Girona,6.0,0
2024,Ceuta,3.0,0
2020,Toledo,3.0,0
2022,Cuenca,2.0,0
2023,Almería,2.0,0
2021,Almería,10.0,0
2019,Córdoba,8.0,0
2021,Huesca,7.0,0
2021,Castellón,10.0,0
2023,Lugo,,0
2022,Las Palmas,,0
2025,Castellón,3.0,0
2023,Las Palmas,,0
2022,Asturias,10.0,0
2021,Jaén,6.0,0
2020,Orense,,0
2021,Alicante,8.0,0
2024,Valladolid,9.0,0
2023,Jaén,9.0,0
2020,Cáceres,2.0,0
2023,Jaén,3.0,0
2024,Murcia,10.0,0
2022,Navarra,,0
2020,Almería,10.0,0
2022,Córdoba,,0
2025,Girona,,0
2025,Córdoba,2.0,0
2021,Pontevedra,3.0,0
2021,Guadalajara,6.0,0
2025,Granada,8.0,0
2022,Cuenca,,0
2025,Almería,,0
2024,Las Palmas,4.0,0
2020,Salamanca,8.0,0
2025,Guadalajara,4.0,0
2022,Murcia,,0
2019,Palencia,8.0,0
2024,Cáceres,,0
2025,Almería,7.0,0
2024,Palencia,5.0,0
2022,Barcelona,6.0,0
2025,Jaén,10.0,0
2023,Huelva,5.0,0
2025,Salamanca,7.0,0
2021,Vizcaya,3.0,0
2025,Huesca,,0
2021,Pontevedra,2.0,0
2020,Segovia,,0
2020,Burgos,,0
2025,Lugo,4.0,0
2023,Palencia,,0
2025,Huesca,3.0,0
2024,Toledo,1.0,0
2022,Islas Baleares,9.0,0
2023,Tarragona,9.0,0
2026,Huesca,4.0,0
2021,Pontevedra,7.0,0
2020,Palencia,1.0,0
2025,Málaga,3.0,0
2024,Córdoba,10.0,0
2026,Sevilla,7.0,0
2019,Pontevedra,2.0,0
2021,Lleida,2.0,0
2023,Zamora,10.0,0
2019,Cádiz,10.0,0
2023,Ávila,5.0,0
2026,Lleida,5.0,0
2023,Castellón,7.0,0
2021,Las Palmas,,0
2022,Ceuta,3.0,0
2020,Ceuta,3.0,0
2025,Huesca,1.0,0
2022,Madrid,2.0,0
2020,Teruel,1.0,0
2023,Soria,8.0,0
2025,Badajoz,,0
2025,Tarragona,6.0,0
2025,Badajoz,,0
2026,Madrid,1.0,0
2025,Girona,7.0,0
2020,Cantabria,10.0,0
2024,Álava,6.0,0
2025,Badajoz,,0
2019,Cáceres,3.0,0
2019,Ávila,5.0,0
2021,Cáceres,4.0,0
2024,León,5.0,0
2023,Santa Cruz de Tenerife,9.0,0
2020,La Coruña,,0
2024,Ávila,1.0,0
2024,Zaragoza,10.0,0
2025,Islas Baleares,8.0,0
2022,Sevilla,5.0,0
2020,Ávila,,0
2022,Castellón,4.0,0
2022,Orense,2.0,0
2025,Ciudad Real,,0
2023,Huesca,,0
2026,Zaragoza,,0
2021,Orense,,0
2023,Almería,2.0,0
2021,Badajoz,1.0,0
2019,Cantabria,9.0,0
2021,Badajoz,4.0,0
2023,Ciudad Real,,0
2026,Álava,9.0,0
2023,Ávila,5.0,0
2025,Castellón,4.0,0
2023,Jaén,5.0,0
2025,Álava,7.0,0
2020,Palencia,2.0,0
2023,Navarra,,0
2021,Ciudad Real,10.0,0
2019,Cádiz,,0
2020,Guadalajara,1.0,0
2024,Málaga,3.0,0
2019,Santa Cruz de Tenerife,,0
2022,Asturias,9.0,0
2022,Huelva,6.0,0
2019,Santa Cruz de Tenerife,1.0,0
2019,León,,0
2023,Zaragoza,6.0,0
2021,Santa Cruz de Tenerife,6.0,0
2024,Ceuta,3.0,0
2023,Cáceres,8.0,0
2025,Murcia,7.0,0
2023,Huelva,8.0,0
2023,Lugo,,0
2019,Cuenca,2.0,0
2022,Jaén,1.0,0
2019,Segovia,8.0,0
2024,Islas Baleares,3.0,0
2021,Toledo,,0
2023,Valencia,,0
2024,Teruel,10.0,0
2021,Salamanca,,0
2023,Alicante,,0
2021,Girona,2.0,0
2026,Lleida,2.0,0
2023,Albacete,3.0,0
2025,Castellón,9.0,0
2024,Cádiz,5.0,0
2020,Pontevedra,5.0,0
2025,Santa Cruz de Tenerife,6.0,0
2021,Ciudad Real,9.0,0
2025,Badajoz,2.0,0
2021,Huesca,10.0,0
2019,Santa Cruz de Tenerife,4.0,0
2019,Barcelona,10.0,0
2021,Segovia,,0
2022,Castellón,2.0,0
2026,Asturias,5.0,0
2025,Lleida,7.0,0
2022,Murcia,8.0,0
2021,Castellón,,0
2025,Burgos,2.0,0
2021,Salamanca,5.0,0
2024,Guipúzcoa,7.0,0
2024,Las Palmas,8.0,0
2025,Vizcaya,9.0,0
2021,Badajoz,9.0,0
2020,Sevilla,6.0,0
2025,La Coruña,,0
2024,Almería,,0
2021,Badajoz,9.0,0
2023,Huesca,1.0,0
2024,Melilla,8.0,0
2023,La Rioja,2.0,0
2026,Albacete,4.0,0
2023,Santa Cruz de Tenerife,2.0,0
2022,Zamora,,0
2020,Vizcaya,7.0,0
2023,Pontevedra,,0
2023,Soria,3.0,0
2021,Salamanca,,0
2024,Islas Baleares,,0
2024,Zaragoza,5.0,0
2022,Cáceres,3.0,0
2021,Girona,10.0,0
2024,Soria,,0
2020,Santa Cruz de Tenerife,,0
2025,Lugo,5.0,0
2021,Cuenca,,0
2020,Cádiz,5.0,0
2021,Zamora,,0
2024,Ávila,7.0,0
2024,Ciudad Real,5.0,0
2021,Lleida,,0
2021,Toledo,3.0,0
2021,Córdoba,2.0,0
2024,Soria,5.0,0
2019,Madrid,1.0,0
2024,Soria,7.0,0
2023,Asturias,6.0,0
2019,Ciudad Real,9.0,0
2022,Salamanca,,0
2020,Soria,7.0,0
2020,Soria,2.0,0
2026,Ceuta,1.0,0
2024,Lleida,6.0,0
2023,Girona,9.0,0
2022,Málaga,2.0,0
2025,Valladolid,6.0,0
2020,Islas Baleares,2.0,0
2019,Las Palmas,4.0,0
2025,Asturias,5.0,0
2022,Cantabria,,0
2019,Valladolid,,0
2020,Pontevedra,7.0,0
2024,Guipúzcoa,,0
2024,Asturias,7.0,0
2023,Cuenca,3.0,0
2025,León,9.0,0
2024,Segovia,6.0,0
2020,Salamanca,3.0,0
2025,Castellón,,0
2023,Melilla,3.0,0
2025,Orense,2.0,0
2021,Lugo,10.0,0
2021,Lleida,9.0,0
2019,Islas Baleares,3.0,0
2020,Lugo,,0
2021,Álava,6.0,0
2024,Valencia,5.0,0
2023,Valencia,7.0,0
2022,La Coruña,2.0,0
2025,Cáceres,2.0,0
2022,Burgos,8.0,0
2021,Las Palmas,1.0,0
2020,León,1.0,0
2026,Huelva,,0
2026,Teruel,5.0,0
2020,Álava,9.0,0
2023,Huelva,9.0,0
2024,Salamanca,3.0,0
2020,Guipúzcoa,9.0,0
2019,Cuenca,2.0,0
2023,Toledo,,0
2021,Sevilla,8.0,0
2025,Lleida,,0
2023,León,8.0,0
2025,Toledo,,0
2025,Cáceres,10.0,0
2024,Álava,,0
2024,Tarragona,,0
2023,Soria,8.0,0
2021,Barcelona,3.0,0
2022,Palencia,7.0,0
2022,Zaragoza,,0
2021,Alicante,,0
2024,León,9.0,0
2020,Santa Cruz de Tenerife,,0
2021,Alicante,,0
2022,Albacete,10.0,0
2020,Murcia,,0
2022,Burgos,2.0,0
2020,Girona,,0
2022,Salamanca,,0
2021,Valladolid,2.0,0
2025,Huelva,9.0,0
2019,Sevilla,7.0,0
2025,Albacete,3.0,0
2021,Lugo,1.0,0
2022,Huesca,,0
2023,Ávila,6.0,0
2022,Madrid,4.0,0
2019,Las Palmas,6.0,0
2022,Valladolid,4.0,0
2020,Ceuta,6.0,0
2019,Melilla,2.0,0
2021,Cantabria,4.0,0
2025,Valencia,3.0,0
2021,La Rioja,2.0,0
2026,Madrid,,0
2022,La Coruña,5.0,0
2020,Asturias,,0
2019,Almería,2.0,0
2025,Cuenca,7.0,0
2023,Huesca,3.0,0
2025,Cuenca,4.0,0
2025,Albacete,3.0,0
2021,Guadalajara,10.0,0
2026,La Rioja,3.0,0
2024,Navarra,2.0,0
2021,Toledo,5.0,0
2022,Valencia,3.0,0
2021,Burgos,5.0,0
2022,Castellón,5.0,0
2021,Zaragoza,,0
2023,Orense,3.0,0
2025,Huesca,,0
2024,Palencia,6.0,0
2023,Santa Cruz de Tenerife,10.0,0
2025,Lleida,6.0,0
2025,Jaén,2.0,0
2022,Almería,10.0,0
2020,Ceuta,9.0,0
2019,Málaga,1.0,0
2025,Cantabria,8.0,0
2026,Pontevedra,,0
2024,Santa Cruz de Tenerife,10.0,0
2021,Badajoz,2.0,0
2024,Ávila,,0
2021,Valladolid,1.0,0
2023,Barcelona,5.0,0
2021,Valladolid,8.0,0
2023,La Rioja,1.0,0
2024,Valladolid,,0
2019,Ciudad Real,4.0,0
2024,Palencia,6.0,0
2020,Alicante,8.0,0
2022,Málaga,1.0,0
2021,Jaén,5.0,0
2021,Castellón,2.0,0
2025,Cuenca,3.0,0
2025,Orense,4.0,0
2020,Pontevedra,9.0,0
2025,Badajoz,5.0,0
2026,Almería,,0
2023,Navarra,8.0,0
2025,Cantabria,2.0,0
2019,Santa Cruz de Tenerife,3.0,0
2019,Santa Cruz de Tenerife,,0
2025,Pontevedra,4.0,0
2020,Albacete,8.0,0
2021,Orense,8.0,0
2022,Cuenca,7.0,0
2020,Las Palmas,5.0,0
2021,Navarra,,0
2021,Alicante,,0
2022,La Coruña,1.0,0
2021,Teruel,9.0,0
2021,Tarragona,8.0,0
2019,Melilla,,0
2022,Córdoba,3.0,0
2019,Huesca,10.0,0
2025,Burgos,,0
2021,Las Palmas,,0
2023,Lleida,,0
2024,Las Palmas,7.0,0
2024,Islas Baleares,5.0,0
2024,Orense,,0
2022,Toledo,7.0,0
2022,Ciudad Real,6.0,0
2025,Zaragoza,1.0,0
2019,Ciudad Real,,0
2024,Orense,1.0,0
2022,Toledo,,0
2019,Teruel,5.0,0
2020,Barcelona,2.0,0
2020,Asturias,7.0,0
2024,Jaén,8.0,0
2024,León,5.0,0
2020,Ciudad Real,7.0,0
2020,Palencia,10.0,0
2022,Ceuta,,0
2021,Lleida,3.0,0
2022,Tarragona,,0
2023,Albacete,8.0,0
2020,Huelva,,0
2019,Girona,7.0,0
2023,Girona,8.0,0
2023,Castellón,8.0,0
2024,Orense,2.0,0
2024,Navarra,7.0,0
2020,Almería,3.0,0
2023,La Rioja,9.0,0
2024,Álava,4.0,0
2025,Albacete,1.0,0
2026,La Coruña,4.0,0
2022,Álava,8.0,0
2020,Segovia,3.0,0
2022,Huelva,6.0,0
2025,Las Palmas,9.0,0
2023,Pontevedra,3.0,0
2020,Navarra,10.0,0
2023,Castellón,,0
2020,Álava,2.0,0
2023,Badajoz,,0
2019,Las Palmas,10.0,0
2020,Castellón,5.0,0
2022,Cádiz,7.0,0
2022,Ciudad Real,3.0,0
2024,Zaragoza,5.0,0
2026,Vizcaya,5.0,0
2021,Orense,,0
2022,Santa Cruz de Tenerife,4.0,0
2025,Cáceres,,0
2026,Navarra,9.0,0
2020,Zamora,7.0,0
2019,Valencia,,0
2024,Vizcaya,,0
2024,Valencia,,0
2022,Málaga,1.0,0
2022,Soria,,0
2025,Soria,5.0,0
2024,León,10.0,0
2019,Toledo,2.0,0
2025,Granada,7.0,0
2025,Pontevedra,7.0,0
2021,Cádiz,7.0,0
2021,Valladolid,6.0,0
2020,Castellón,,0
2022,Alicante,5.0,0
2025,Lleida,1.0,0
2021,Navarra,2.0,0
2022,Madrid,8.0,0
2021,Soria,2.0,0
2021,Lleida,2.0,0
2022,Lleida,8.0,0
2024,Salamanca,2.0,0
2020,Alicante,6.0,0
2019,Girona,1.0,0
2026,Girona,2.0,0
2023,Orense,5.0,0
2025,Murcia,6.0,0
2022,Valladolid,6.0,0
2025,León,7.0,0
2021,Cuenca,10.0,0
2024,Asturias,,0
2022,Palencia,8.0,0
2023,Soria,,0
2022,Lleida,8.0,0
2026,Soria,1.0,0
2025,Cádiz,4.0,0
2022,Asturias,5.0,0
2023,Granada,1.0,0
2019,Girona,5.0,0
2021,Asturias,1.0,0
2021,Valencia,7.0,0
2024,León,,0
2022,Córdoba,,0
2024,Santa Cruz de Tenerife,10.0,0
2019,Barcelona,9.0,0
2021,Pontevedra,3.0,0
2019,Guipúzcoa,6.0,0
2022,Zamora,7.0,0
2022,Murcia,7.0,0
2019,Cádiz,8.0,0
2023,Almería,9.0,0
2022,Las Palmas,9.0,0
2025,Palencia,9.0,0
2025,Málaga,6.0,0
2022,Granada,2.0,0
2023,Cantabria,4.0,0
2024,Valladolid,1.0,0
2023,Lleida,3.0,0
2023,Islas Baleares,10.0,0
2024,Tarragona,9.0,0
2021,Teruel,3.0,0
2024,Las Palmas,4.0,0
2019,Salamanca,8.0,0
2019,Lleida,3.0,0
2021,Navarra,,0
2020,Burgos,,0
2025,Lleida,1.0,0
2026,Álava,7.0,0
2021,Tarragona,1.0,0
2025,Santa Cruz de Tenerife,8.0,0
2020,Toledo,,0
2023,Teruel,5.0,0
2024,Álava,9.0,0
2024,Guadalajara,,0
2026,Salamanca,3.0,0
2023,La Coruña,1.0,0
2024,Tarragona,9.0,0
2024,Segovia,6.0,0
2022,Toledo,8.0,0
2025,Guipúzcoa,1.0,0
2023,Salamanca,9.0,0
2025,Huelva,7.0,0
2021,Lugo,,0
2020,Navarra,2.0,0
2022,Guipúzcoa,4.0,0
2022,Zaragoza,3.0,0
2020,Pontevedra,6.0,0
2022,Girona,8.0,0
2020,Santa Cruz de Tenerife,4.0,0
2022,Granada,,0
2025,Badajoz,9.0,0
2026,Guipúzcoa,6.0,0
2019,Huesca,3.0,0
2022,Castellón,5.0,0
2019,Navarra,6.0,0
2019,Palencia,6.0,0
2025,Cáceres,3.0,0
2021,Tarragona,4.0,0
2022,Lleida,3.0,0
2021,Lleida,3.0,0
2026,Zaragoza,10.0,0
2026,Lugo,9.0,0
2019,Ceuta,6.0,0
2022,Teruel,10.0,0
2024,La Rioja,6.0,0
2025,Salamanca,5.0,0
2023,Teruel,7.0,0
2024,Málaga,,0
2023,Santa Cruz de Tenerife,,0
2024,Huelva,8.0,0
2024,Toledo,6.0,0
2024,Cádiz,5.0,0
2023,Orense,2.0,0
2019,Huesca,3.0,0
2022,Segovia,9.0,0
2022,Melilla,6.0,0
2019,Islas Baleares,7.0,0
2023,Orense,7.0,0
2024,Álava,9.0,0
2024,Alicante,10.0,0
2020,Navarra,,0
2019,Huesca,8.0,0
2020,Huesca,2.0,0
2023,Badajoz,2.0,0
2019,Cádiz,1.0,0
2019,La Coruña,9.0,0
2021,La Rioja,7.0,0
2019,Zamora,,0
2021,Tarragona,2.0,0
2021,Almería,8.0,0
2019,Pontevedra,,0
2025,Santa Cruz de Tenerife,2.0,0
2021,Islas Baleares,3.0,0
2020,Granada,4.0,0
2019,Soria,8.0,0
2024,Palencia,5.0,0
2020,La Rioja,,0
2019,Orense,1.0,0
2021,Segovia,9.0,0
2025,Vizcaya,2.0,0
2023,Murcia,8.0,0
2021,Cádiz,2.0,0
2019,Ávila,6.0,0
2022,Lleida,6.0,0
2025,Huesca,5.0,0
2025,Cantabria,6.0,0
2025,Zaragoza,,0
2026,Huelva,7.0,0
2020,Toledo,10.0,0
2022,Zamora,7.0,0
2022,Burgos,6.0,0
2020,Santa Cruz de Tenerife,,0
2023,Almería,3.0,0
2020,Valencia,8.0,0
2020,Sevilla,5.0,0
2025,Burgos,2.0,0
2023,Santa Cruz de Tenerife,8.0,0
2026,Tarragona,,0
2024,Badajoz,1.0,0
2019,Burgos,4.0,0
2022,Albacete,9.0,0
2024,Segovia,9.0,0
2025,Segovia,2.0,0
2021,Granada,9.0,0
2026,Murcia,,0
2021,Albacete,,0
2025,Málaga,,0
2024,Lleida,,0
2019,Álava,,0
2020,Lleida,,0
2020,Jaén,7.0,0
2023,Almería,4.0,0
2021,Cantabria,5.0,0
2026,Alicante,,0
2022,Barcelona,4.0,0
2022,Ciudad Real,6.0,0
2021,La Coruña,9.0,0
2026,Albacete,10.0,0
2025,Badajoz,,0
2025,Lleida,8.0,0
2025,Granada,,0
2021,Las Palmas,2.0,0
2020,Cáceres,3.0,0
2023,Lleida,,0
2020,Ciudad Real,4.0,0
2022,Girona,5.0,0
2023,Palencia,1.0,0
2020,Burgos,5.0,0
2023,Vizcaya,7.0,0
2024,Almería,,0
2025,Soria,,0
2025,Lleida,9.0,0
2025,Palencia,8.0,0
2023,Guipúzcoa,4.0,0
2025,Madrid,,0
2021,Palencia,10.0,0
2022,Jaén,6.0,0
2022,Santa Cruz de Tenerife,1.0,0
2022,Soria,5.0,0
2019,Jaén,7.0,0
2022,Ávila,2.0,0
2023,Cáceres,7.0,0
2019,Lleida,2.0,0
2025,Castellón,7.0,0
2023,Jaén,1.0,0
2026,Burgos,4.0,0
2025,Girona,2.0,0
2024,Badajoz,9.0,0
2021,Guipúzcoa,5.0,0
2019,Pontevedra,1.0,0
2023,Ceuta,8.0,0
2020,Las Palmas,8.0,0
2026,Lleida,6.0,0
2023,Santa Cruz de Tenerife,10.0,0
2023,Almería,7.0,0
2022,Orense,2.0,0
2023,Cantabria,10.0,0
2020,Cáceres,,0
2020,Huelva,2.0,0
2025,Lleida,2.0,0
2022,Badajoz,,0
2024,Cádiz,6.0,0
2020,Valencia,6.0,0
2024,Melilla,3.0,0
2023,Toledo,10.0,0
2025,Valladolid,8.0,0
2021,Soria,10.0,0
2023,Navarra,10.0,0
2026,Soria,8.0,0
2021,Asturias,10.0,0
2025,Zaragoza,10.0,0
2023,Albacete,9.0,0
2021,Palencia,5.0,0
2020,Navarra,,0
2025,Lleida,7.0,0
2022,La Rioja,,0
2019,Barcelona,,0
2019,Tarragona,5.0,0
2022,La Rioja,4.0,0
2023,Huesca,1.0,0
2019,Barcelona,8.0,0
2020,Huesca,1.0,0
2021,Cádiz,,0
2020,Santa Cruz de Tenerife,1.0,0
2020,Zaragoza,5.0,0
2021,Zaragoza,10.0,0
2019,Girona,,0
2023,Palencia,2.0,0
2023,Guipúzcoa,9.0,0
2020,Ceuta,6.0,0
2022,Guipúzcoa,6.0,0
2022,Ceuta,6.0,0
2022,Castellón,3.0,0
2021,Cantabria,5.0,0
2026,Tarragona,3.0,0
2024,Pontevedra,1.0,0
2023,Santa Cruz de Tenerife,4.0,0
2024,Huesca,2.0,0
2024,Ávila,9.0,0
2024,Salamanca,4.0,0
2021,León,,0
2021,Lleida,3.0,0
2023,Asturias,1.0,0
2019,Barcelona,8.0,0
2022,Pontevedra,4.0,0
2019,La Coruña,2.0,0
2023,Badajoz,9.0,0
2020,Jaén,,0
2020,Valladolid,6.0,0
2021,Segovia,1.0,0
2026,Burgos,4.0,0
2026,Albacete,,0
2021,Valladolid,,0
2026,Segovia,8.0,0
2023,Zaragoza,8.0,0
2021,Alicante,10.0,0
2026,León,10.0,0
2023,Segovia,6.0,0
2019,Zaragoza,8.0,0
2024,Tarragona,3.0,0
2020,Huesca,5.0,0
2022,Girona,7.0,0
2024,Castellón,,0
2023,Zamora,8.0,0
2024,Jaén,,0
2020,Albacete,4.0,0
2020,Álava,,0
2023,Asturias,7.0,0
2021,Alicante,6.0,0
2020,Cádiz,6.0,0
2025,Santa Cruz de Tenerife,5.0,0
2019,Granada,6.0,0
2019,Huelva,7.0,0
2024,Girona,,0
2020,Badajoz,,0
2022,León,,0
2020,Madrid,10.0,0
2025,Las Palmas,7.0,0
2021,Ceuta,,0
2024,Tarragona,8.0,0
2019,Cádiz,4.0,0
2022,Orense,4.0,0
2024,Burgos,7.0,0
2022,Madrid,8.0,0
2021,Guadalajara,,0
2025,Valencia,8.0,0
2022,Ciudad Real,9.0,0
2021,Cuenca,,0
2022,Granada,2.0,0
2023,Guipúzcoa,9.0,0
2025,Castellón,7.0,0
2021,Zaragoza,9.0,0
2025,Santa Cruz de Tenerife,,0
2021,Lugo,6.0,0
2021,Cádiz,6.0,0
2020,Las Palmas,9.0,0
2021,Granada,,0
2021,Córdoba,9.0,0
2021,Álava,3.0,0
2019,Lleida,4.0,0
2020,Vizcaya,4.0,0
2024,Santa Cruz de Tenerife,4.0,0
2022,Barcelona,2.0,0
2026,Valencia,3.0,0
2026,Valladolid,1.0,0
2019,Lleida,7.0,0
2025,Cuenca,6.0,0
2021,Albacete,,0
2022,Santa Cruz de Tenerife,4.0,0
2022,Sevilla,8.0,0
2023,Palencia,10.0,0
2019,Badajoz,3.0,0
2019,Soria,5.0,0
2025,Álava,10.0,0
2021,Huelva,2.0,0
2023,Granada,4.0,0
2023,Zaragoza,7.0,0
2022,Málaga,9.0,0
2021,Guadalajara,5.0,0
2024,Madrid,3.0,0
2025,Teruel,,0
2020,Santa Cruz de Tenerife,7.0,0
2021,Salamanca,10.0,0
2020,Girona,2.0,0
2020,Sevilla,10.0,0
2023,Vizcaya,,0
2025,Alicante,,0
2021,Granada,1.0,0
2022,Zamora,5.0,0
2020,Cádiz,2.0,0
2026,Orense,4.0,0
2022,Burgos,,0
2019,Segovia,10.0,0
2024,Vizcaya,,0
2019,Melilla,10.0,0
2025,Castellón,6.0,0
2023,Albacete,10.0,0
2019,Guipúzcoa,,0
2019,Valladolid,2.0,0
2023,Jaén,10.0,0
2024,Albacete,2.0,0
2023,Zaragoza,9.0,0
2025,Tarragona,1.0,0
2026,Guadalajara,9.0,0
2024,Málaga,1.0,0
2026,Granada,4.0,0
2021,Asturias,9.0,0
2024,Granada,5.0,0
2024,Girona,5.0,0
2019,Málaga,3.0,0
2020,Lugo,5.0,0
2021,Girona,7.0,0
2022,León,5.0,0
2019,Badajoz,8.0,0
2020,Las Palmas,5.0,0
2025,Soria,7.0,0
2019,Albacete,,0
2019,Jaén,6.0,0
2025,Soria,10.0,0
2023,Ceuta,10.0,0
2022,Zaragoza,1.0,0
2020,Lugo,9.0,0
2024,Melilla,7.0,0
2024,Cantabria,2.0,0
2022,Tarragona,,0
2023,Granada,9.0,0
2024,Guadalajara,2.0,0
2020,Segovia,6.0,0
2024,Islas Baleares,8.0,0
2021,Córdoba,9.0,0
2024,Teruel,,0
2024,La Coruña,7.0,0
2023,Guipúzcoa,9.0,0
2024,Cáceres,5.0,0
2019,Barcelona,,0
2026,Burgos,10.0,0
2025,Soria,,0
2019,Sevilla,4.0,0
2022,Segovia,5.0,0
2023,Guadalajara,,0
2019,Zamora,1.0,0
2025,Ciudad Real,7.0,0
2024,Lugo,2.0,0
2024,Murcia,,0
2026,Vizcaya,6.0,0
2019,Girona,6.0,0
2024,Girona,10.0,0
2025,Cáceres,8.0,0
2024,Badajoz,,0
2022,Valladolid,2.0,0
2020,Zamora,,0
2024,Ávila,9.0,0
2025,La Coruña,,0
2022,Orense,10.0,0
2020,Madrid,,0
2024,Navarra,9.0,0
2021,Palencia,,0
2020,Álava,5.0,0
2023,Santa Cruz de Tenerife,4.0,0
2025,Guadalajara,9.0,0
2020,Santa Cruz de Tenerife,1.0,0
2024,Ciudad Real,,0
2022,Ciudad Real,4.0,0
2025,Granada,3.0,0
2019,Islas Baleares,8.0,0
2021,Salamanca,,0
2023,Almería,1.0,0
2025,Córdoba,9.0,0
2022,Sevilla,5.0,0
2023,Albacete,3.0,0
2023,Lleida,10.0,0
2025,Guadalajara,2.0,0
2023,Granada,5.0,0
2022,Soria,2.0,0
2021,Palencia,9.0,0
2025,Lleida,,0
2024,Madrid,,0
2020,Melilla,,0
2025,Valladolid,,0
2019,Lleida,,0
2022,Islas Baleares,10.0,0
2025,Lleida,1.0,0
2025,Albacete,2.0,0
2020,Murcia,2.0,0
2023,Madrid,6.0,0
2024,Cádiz,8.0,0
2021,Lleida,,0
2022,Santa Cruz de Tenerife,2.0,0
2019,León,9.0,0
2020,Sevilla,7.0,0
2022,Navarra,4.0,0
2019,Madrid,3.0,0
2019,Girona,2.0,0
2023,Lleida,1.0,0
2025,Vizcaya,3.0,0
2025,Lleida,,0
2024,Ceuta,2.0,0
2026,Melilla,8.0,0
2024,Valencia,1.0,0
2024,Madrid,9.0,0
2019,Melilla,2.0,0
2023,Vizcaya,8.0,0
2021,Ávila,,0
2022,Islas Baleares,,0
2024,Asturias,1.0,0
2024,Cádiz,5.0,0
2023,Girona,10.0,0
2024,Almería,5.0,0
2020,Ciudad Real,6.0,0
2022,León,9.0,0
2019,La Coruña,7.0,0
2025,Madrid,3.0,0
2019,Córdoba,4.0,0
2021,Cantabria,7.0,0
2024,Valladolid,,0
2020,Teruel,,0
2024,Cáceres,5.0,0
2022,Madrid,,0
2024,Castellón,3.0,0
2025,Álava,,0
2020,Cuenca,,0
2020,Segovia,,0
2022,Álava,8.0,0
2023,Almería,8.0,0
2020,Málaga,10.0,0
2023,Cuenca,,0
2021,Santa Cruz de Tenerife,,0
2023,Santa Cruz de Tenerife,,0
2019,Cádiz,,0
2026,Guipúzcoa,9.0,0
2024,Guadalajara,7.0,0
2021,Zaragoza,,0
2025,Córdoba,,0
2024,Soria,2.0,0
2026,La Coruña,4.0,0
2022,La Rioja,,0
2021,Huesca,,0
2022,Córdoba,3.0,0
2020,Toledo,2.0,0
2023,Cáceres,4.0,0
2020,Almería,3.0,0
2020,Ávila,,0
2022,Girona,1.0,0
2021,Lugo,9.0,0
2019,Alicante,7.0,0
2023,Almería,5.0,0
2021,La Rioja,6.0,0
2022,Murcia,,0
2019,Huesca,4.0,0
2022,Córdoba,7.0,0
2021,Huesca,9.0,0
2020,Santa Cruz de Tenerife,,0
2022,Albacete,,0
2020,Cantabria,4.0,0
2024,Valladolid,,0
2025,Huesca,9.0,0
2023,Álava,4.0,0
2019,Pontevedra,7.0,0
2024,Ávila,3.0,0
2020,Islas Baleares,,0
2022,Álava,,0
2026,Navarra,2.0,0
2022,Zaragoza,,0
2021,Badajoz,,0
2024,Almería,5.0,0
2024,Teruel,2.0,0
2024,Asturias,3.0,0
2024,Zaragoza,2.0,0
2025,Navarra,,0
2019,Toledo,5.0,0
2023,Palencia,8.0,0
2026,Burgos,5.0,0
2022,Guadalajara,4.0,0
2019,Córdoba,5.0,0
2025,Córdoba,10.0,0
2022,Barcelona,,0
2022,Madrid,8.0,0
2024,Zaragoza,9.0,0
2022,Granada,,0
2022,Jaén,6.0,0
2023,Badajoz,,0
2026,Lugo,5.0,0
2021,Murcia,3.0,0
2023,Lugo,7.0,0
2024,Las Palmas,,0
2024,Zaragoza,7.0,0
2019,Huesca,10.0,0
2025,Palencia,,0
2023,Lugo,6.0,0
2019,Jaén,6.0,0
2026,Vizcaya,7.0,0
2020,Toledo,8.0,0
2023,Lleida,6.0,0
2020,Málaga,2.0,0
2020,Santa Cruz de Tenerife,4.0,0
2022,Badajoz,2.0,0
2021,Soria,9.0,0
2021,Murcia,7.0,0
2023,Orense,4.0,0
2024,Málaga,10.0,0
2023,Ávila,,0
2020,Salamanca,,0
2024,Vizcaya,3.0,0
2019,Salamanca,2.0,0
2020,Cáceres,3.0,0
2024,Cáceres,7.0,0
2025,La Coruña,2.0,0
2021,Sevilla,7.0,0
2019,Alicante,,0
2022,Salamanca,6.0,0
2019,Huelva,4.0,0
2025,Álava,4.0,0
2023,Almería,2.0,0
2025,Madrid,2.0,0
2019,Zamora,6.0,0
2024,Ceuta,,0
2021,La Rioja,,0
2023,Navarra,6.0,0
2023,Segovia,10.0,0
2020,Valencia,2.0,0
2021,Ciudad Real,10.0,0
2020,Murcia,5.0,0
2022,La Rioja,7.0,0
2020,Sevilla,8.0,0
2024,Soria,,0
2024,Córdoba,9.0,0
2023,Guipúzcoa,2.0,0
2024,Castellón,5.0,0
2025,Segovia,,0
2024,Huelva,10.0,0
2024,Palencia,4.0,0
2021,Tarragona,4.0,0
2019,Madrid,8.0,0
2025,Lugo,,0
2020,Sevilla,,0
2023,Vizcaya,2.0,0
2025,Lleida,8.0,0
2022,Albacete,,0
2023,Valladolid,7.0,0
2024,Segovia,2.0,0
2023,Asturias,10.0,0
2024,Soria,1.0,0
2024,Cádiz,1.0,0
2023,Córdoba,9.0,0
2024,Lugo,4.0,0
2019,Zaragoza,8.0,0
2025,Teruel,9.0,0
2024,Barcelona,,0
2024,Valladolid,4.0,0
2024,Palencia,9.0,0
2023,Burgos,,0
2025,León,8.0,0
2020,Palencia,,0
2024,Sevilla,,0
2021,Huelva,9.0,0
2025,Zamora,7.0,0
2023,Lugo,7.0,0
2021,Toledo,4.0,0
2024,Cádiz,2.0,0
2024,Orense,9.0,0
2022,Islas Baleares,10.0,0
2020,Jaén,,0
2021,Girona,,0
2024,La Rioja,,0
2024,Murcia,5.0,0
2021,Murcia,,0
2021,Teruel,,0
2019,Asturias,3.0,0
2022,Zaragoza,10.0,0
2024,Santa Cruz de Tenerife,,0
2022,Albacete,,0
2024,Las Palmas,,0
2021,Granada,9.0,0
2023,Barcelona,1.0,0
2021,Ávila,,0
2020,Huelva,5.0,0
2023,Granada,6.0,0
2020,Murcia,4.0,0
2022,Sevilla,4.0,0
2020,Castellón,4.0,0
2024,Albacete,9.0,0
2021,Santa Cruz de Tenerife,,0
2021,Cuenca,5.0,0
2019,Las Palmas,4.0,0
2022,Huelva,7.0,0
2021,Cádiz,4.0,0
2023,Melilla,,0
2023,Pontevedra,8.0,0
2022,Madrid,7.0,0
2025,Zaragoza,10.0,0
2025,Lleida,5.0,0
2020,Melilla,2.0,0
2024,Ceuta,,0
2019,Pontevedra,4.0,0
2019,Teruel,4.0,0
2026,La Rioja,3.0,0
2019,Orense,8.0,0
2023,Lleida,4.0,0
2024,Valencia,9.0,0
2023,Teruel,10.0,0
2022,Salamanca,3.0,0
2022,Tarragona,7.0,0
2023,Navarra,2.0,0
2022,Palencia,5.0,0
2026,Santa Cruz de Tenerife,1.0,0
2024,Albacete,8.0,0
2021,Asturias,1.0,0
2023,Girona,5.0,0
2023,Santa Cruz de Tenerife,1.0,0
2020,Cuenca,9.0,0
2020,Cáceres,1.0,0
2023,Lleida,3.0,0
2019,Zaragoza,,0
2019,Huelva,5.0,0
2025,Ávila,8.0,0
2025,Ciudad Real,4.0,0
2022,Ceuta,,0
2023,Palencia,3.0,0
2019,Valladolid,7.0,0
2021,Melilla,10.0,0
2025,Cuenca,,0
2023,Melilla,2.0,0
2025,Santa Cruz de Tenerife,5.0,0
2026,Cantabria,3.0,0
2020,Alicante,,0
2019,Córdoba,,0
2021,Toledo,10.0,0
2022,Lleida,,0
2020,Girona,2.0,0
2021,Soria,7.0,0
2021,Zaragoza,3.0,0
2025,Ciudad Real,10.0,0
2026,Cantabria,6.0,0
2020,Girona,,0
2021,La Coruña,9.0,0
2024,Navarra,8.0,0
2022,Guadalajara,6.0,0
2026,Santa Cruz de Tenerife,8.0,0
2025,Cantabria,1.0,0
2023,Ávila,10.0,0
2024,Huesca,2.0,0
2019,León,,0
2020,León,6.0,0
2019,Córdoba,6.0,0
2019,León,7.0,0
2019,Almería,6.0,0
2022,León,7.0,0
2025,Almería,,0
2022,Álava,2.0,0
2023,Palencia,9.0,0
2019,Vizcaya,3.0,0
2023,Cantabria,1.0,0
2022,Islas Baleares,2.0,0
2023,Palencia,8.0,0
2024,Palencia,10.0,0
2023,Tarragona,2.0,0
2021,Teruel,4.0,0
2024,Córdoba,4.0,0
2026,Valladolid,3.0,0
2022,Orense,3.0,0
2023,Tarragona,10.0,0
2025,Teruel,8.0,0
2025,Jaén,1.0,0
2023,Melilla,10.0,0
2023,Málaga,1.0,0
2020,Santa Cruz de Tenerife,7.0,0
2023,Badajoz,8.0,0
2022,Tarragona,3.0,0
2023,Ávila,8.0,0
2020,Burgos,8.0,0
2021,Teruel,10.0,0
2024,Vizcaya,,0
2022,Burgos,8.0,0
2024,Valladolid,,0
2021,Vizcaya,7.0,0
2020,Albacete,,0
2024,Salamanca,10.0,0
2022,Álava,8.0,0
2023,Girona,5.0,0
2019,Albacete,8.0,0
2022,Alicante,10.0,0
2026,Ávila,7.0,0
2022,Cádiz,3.0,0
2026,Ciudad Real,7.0,0
2026,Girona,10.0,0
2020,Palencia,7.0,0
2024,Palencia,6.0,0
2019,Álava,9.0,0
2020,Lleida,1.0,0
2020,Lleida,9.0,0
2021,Palencia,8.0,0
2023,Badajoz,2.0,0
2026,Murcia,7.0,0
2025,Salamanca,,0
2024,Sevilla,,0
2020,Ciudad Real,,0
2025,Lugo,1.0,0
2022,Castellón,3.0,0
2022,Tarragona,2.0,0
2020,Lugo,6.0,0
2021,Orense,6.0,0
2025,Barcelona,5.0,0
2022,Álava,7.0,0
2022,Almería,2.0,0
2020,Cantabria,,0
2021,Jaén,5.0,0
2019,Albacete,,0
2022,La Coruña,,0
2023,Navarra,6.0,0
2019,Teruel,5.0,0
2023,Cantabria,9.0,0
2020,Lleida,8.0,0
2022,Islas Baleares,,0
2020,Girona,1.0,0
2026,Málaga,,0
2024,Badajoz,10.0,0
2020,La Coruña,,0
2019,Vizcaya,5.0,0
2020,Cádiz,10.0,0
2021,Almería,5.0,0
2024,Granada,5.0,0
2024,Barcelona,1.0,0
2025,Asturias,1.0,0
2023,Melilla,1.0,0
2024,Córdoba,8.0,0
2020,Tarragona,,0
2019,Burgos,6.0,0
2024,Las Palmas,2.0,0
2026,Huelva,,0
2024,Vizcaya,,0
2020,Zaragoza,10.0,0
2025,Cádiz,,0
2025,Santa Cruz de Tenerife,4.0,0
2021,Albacete,3.0,0
2024,Cantabria,7.0,0
2024,La Rioja,6.0,0
2023,Ciudad Real,,0
2022,Cádiz,5.0,0
2019,Girona,1.0,0
2023,Zamora,,0
2020,Córdoba,9.0,0
2024,Almería,2.0,0
2020,Ávila,,0
2019,Guadalajara,,0
2024,Álava,,0
2022,Soria,1.0,0
2023,Granada,1.0,0
2023,Barcelona,5.0,0
2020,Málaga,5.0,0
2019,Cuenca,6.0,0
2020,Cuenca,3.0,0
2023,Santa Cruz de Tenerife,,0
2021,Toledo,8.0,0
2024,Málaga,6.0,0
2020,Lugo,4.0,0
2025,La Rioja,2.0,0
2025,Asturias,10.0,0
2022,Valladolid,4.0,0
2022,Murcia,5.0,0
2023,Soria,3.0,0
2022,Córdoba,7.0,0
2020,Granada,2.0,0
2025,Islas Baleares,3.0,0
2022,Barcelona,2.0,0
2026,Soria,5.0,0
2021,Navarra,5.0,0
2019,Palencia,,0
2022,Castellón,5.0,0
2025,La Coruña,1.0,0
2021,Burgos,2.0,0
2023,Cáceres,,0
2022,La Coruña,,0
2019,Zaragoza,7.0,0
2020,Palencia,4.0,0
2022,Pontevedra,,0
2021,Barcelona,6.0,0
2024,Orense,10.0,0
2019,Castellón,5.0,0
2024,Lleida,10.0,0
2020,La Rioja,3.0,0
2022,Asturias,,0
2024,Orense,,0
2019,Guipúzcoa,,0
2022,Cantabria,4.0,0
2019,Cantabria,4.0,0
2023,Murcia,9.0,0
2022,Palencia,4.0,0
2021,La Rioja,,0
2021,Cádiz,4.0,0
2019,Burgos,4.0,0
2020,Girona,9.0,0
2023,Pontevedra,2.0,0
2025,Navarra,,0
2019,León,8.0,0
2020,Cantabria,1.0,0
2026,La Coruña,3.0,0
2024,Santa Cruz de Tenerife,3.0,0
2019,Zaragoza,,0
2021,Madrid,6.0,0
2024,Huesca,10.0,0
2021,León,5.0,0
2021,Segovia,,0
2020,Asturias,8.0,0
2026,Albacete,3.0,0
2025,Córdoba,8.0,0
2026,Islas Baleares,,0
2021,Santa Cruz de Tenerife,8.0,0
2021,Zaragoza,1.0,0
2020,Álava,8.0,0
2021,Orense,6.0,0
2022,Santa Cruz de Tenerife,7.0,0
2023,Toledo,,0
2019,Santa Cruz de Tenerife,1.0,0
2021,Segovia,7.0,0
2023,Teruel,,0
2020,Zaragoza,10.0,0
2026,Cáceres,7.0,0
2024,Girona,9.0,0
2024,Segovia,5.0,0
2026,Soria,3.0,0
2024,Santa Cruz de Tenerife,4.0,0
2025,Girona,2.0,0
2023,Guipúzcoa,10.0,0
2023,Badajoz,3.0,0
2021,León,8.0,0
2026,Cuenca,7.0,0
2024,Palencia,9.0,0
2022,Las Palmas,3.0,0
2023,Barcelona,8.0,0
2020,Cantabria,5.0,0
2023,Madrid,5.0,0
2023,Soria,7.0,0
2026,Cáceres,3.0,0
2021,Zamora,4.0,0
2022,Almería,5.0,0
2022,Granada,7.0,0
2019,Guadalajara,3.0,0
2020,Málaga,4.0,0
2023,Álava,1.0,0
2023,Barcelona,,0
2023,Huesca,6.0,0
2024,Asturias,4.0,0
2023,La Rioja,,0
2019,Santa Cruz de Tenerife,5.0,0
2025,Toledo,1.0,0
2024,Cantabria,2.0,0
2021,Pontevedra,4.0,0
2020,Lleida,2.0,0
2020,Huelva,8.0,0
2021,Ceuta,2.0,0
2023,Álava,,0
2022,Palencia,1.0,0
2019,Zaragoza,10.0,0
2023,Cuenca,,0
2021,Las Palmas,5.0,0
2021,Huelva,3.0,0
2019,León,9.0,0
2024,Santa Cruz de Tenerife,,0
2025,Las Palmas,2.0,0
2024,La Rioja,3.0,0
2020,Málaga,1.0,0
2021,Teruel,7.0,0
2023,Castellón,6.0,0
2023,Soria,,0
2026,Lleida,,0
2022,Cádiz,,0
2020,Lugo,,0
2024,Murcia,1.0,0
2021,Ciudad Real,3.0,0
2023,Álava,2.0,0
2021,Huesca,10.0,0
2020,Palencia,7.0,0
2025,Vizcaya,2.0,0
2023,Guipúzcoa,3.0,0
2025,Toledo,7.0,0
2020,Ciudad Real,1.0,0
2024,Soria,,0
2020,Álava,9.0,0
2023,Orense,,0
2021,Asturias,3.0,0
2022,Cáceres,9.0,0
2024,Almería,3.0,0
2021,Córdoba,,0
2025,Badajoz,,0
2019,Ciudad Real,1.0,0
2024,Jaén,,0
2021,Cáceres,4.0,0
2019,Vizcaya,,0
2024,Palencia,7.0,0
2020,Castellón,2.0,0
2024,Castellón,3.0,0
2024,Badajoz,5.0,0
2024,Granada,5.0,0
2022,Tarragona,,0
2019,Zamora,9.0,0
2020,Palencia,1.0,0
2023,Cádiz,3.0,0
2024,Barcelona,1.0,0
2021,La Rioja,8.0,0
2023,Pontevedra,,0
2019,Badajoz,4.0,0
2024,Guipúzcoa,4.0,0
2024,Cantabria,2.0,0
2025,Cáceres,2.0,0
2019,Badajoz,,0
2023,La Rioja,7.0,0
2023,Huesca,5.0,0
2022,Madrid,7.0,0
2022,Cádiz,9.0,0
2022,Barcelona,8.0,0
2024,Córdoba,10.0,0
2022,Segovia,2.0,0
2023,La Coruña,,0
2023,Ciudad Real,6.0,0
2022,Salamanca,3.0,0
2023,Burgos,3.0,0
2023,Lugo,1.0,0
2023,Santa Cruz de Tenerife,7.0,0
2019,Girona,8.0,0
2025,Palencia,9.0,0
2021,Tarragona,,0
2020,Almería,10.0,0
2024,Melilla,6.0,0
2022,Orense,2.0,0
2022,Melilla,9.0,0
2023,Albacete,4.0,0
2023,Santa Cruz de Tenerife,5.0,0
2023,Madrid,4.0,0
2021,Lleida,10.0,0
2019,Lugo,6.0,0
2022,Córdoba,9.0,0
2021,La Rioja,,0
2023,Las Palmas,6.0,0
2024,Cáceres,,0
2024,Guadalajara,7.0,0
2021,Zaragoza,,0
2020,Toledo,1.0,0
2026,Málaga,1.0,0
2022,Navarra,5.0,0
2022,Girona,2.0,0
2019,Islas Baleares,,0
2025,Soria,4.0,0
2020,Navarra,3.0,0
2020,Girona,2.0,0
2020,Girona,5.0,0
2019,Asturias,,0
2025,Girona,2.0,0
2025,Guipúzcoa,8.0,0
2019,Soria,7.0,0
2025,Teruel,7.0,0
2019,Salamanca,1.0,0
2022,Lugo,7.0,0
2022,Cáceres,8.0,0
2020,Guadalajara,2.0,0
2020,Tarragona,9.0,0
2021,Girona,10.0,0
2021,Tarragona,2.0,0
2024,Burgos,,0
2022,Valladolid,,0
2022,Girona,,0
2020,Ceuta,4.0,0
2025,Ceuta,2.0,0
2019,Castellón,10.0,0
2024,Lleida,4.0,0
2026,Girona,2.0,0
2019,Asturias,5.0,0
2023,Guipúzcoa,9.0,0
2019,Albacete,,0
2021,Barcelona,8.0,0
2020,Castellón,,0
2019,Segovia,9.0,0
2022,Girona,3.0,0
2024,Cuenca,1.0,0
2025,Zaragoza,9.0,0
2025,Soria,5.0,0
2019,Albacete,,0
2023,Cáceres,8.0,0
2022,La Coruña,10.0,0
2024,Ciudad Real,2.0,0
2021,Guipúzcoa,4.0,0
2021,Islas Baleares,3.0,0
2020,Guipúzcoa,10.0,0
2024,Cádiz,9.0,0
2019,Huesca,6.0,0
2024,Albacete,6.0,0
2024,Salamanca,3.0,0
2025,Asturias,8.0,0
2022,Jaén,2.0,0
2022,Girona,7.0,0
2024,Huelva,4.0,0
2020,Cantabria,6.0,0
2026,Segovia,9.0,0
2024,Jaén,,0
2022,Álava,,0
2024,Cáceres,8.0,0
2021,Cuenca,5.0,0
2020,Tarragona,5.0,0
2025,La Rioja,1.0,0
2021,Cantabria,3.0,0
2019,Jaén,7.0,0
2025,Palencia,5.0,0
2025,Cádiz,,0
2025,Ciudad Real,2.0,0
2026,Cáceres,7.0,0
2020,Madrid,3.0,0
2022,Badajoz,8.0,0
2022,Asturias,6.0,0
2022,Soria,6.0,0
2021,Lugo,,0
2025,Las Palmas,,0
2026,Huelva,,0
2021,Soria,7.0,0
2023,Córdoba,5.0,0
2026,Jaén,1.0,0
2019,Huelva,4.0,0
2020,Navarra,,0
2024,Badajoz,3.0,0
2021,Madrid,4.0,0
2025,Navarra,10.0,0
2024,Las Palmas,,0
2019,Guadalajara,7.0,0
2026,Melilla,1.0,0
2020,Ciudad Real,1.0,0
2026,Jaén,8.0,0
2025,Salamanca,2.0,0
2023,Madrid,2.0,0
2020,Santa Cruz de Tenerife,1.0,0
2019,Alicante,9.0,0
2024,Valencia,6.0,0
2024,Girona,,0
2019,Cáceres,9.0,0
2022,Córdoba,9.0,0
2024,Murcia,5.0,0
2026,Ceuta,6.0,0
2022,Teruel,7.0,0
2024,Girona,9.0,0
2021,Sevilla,,0
2025,Vizcaya,6.0,0
2022,Salamanca,,0
2022,Cádiz,,0
2020,Córdoba,,0
2023,Asturias,10.0,0
2023,Orense,10.0,0
2021,Vizcaya,8.0,0
2021,Cuenca,5.0,0
2021,Santa Cruz de Tenerife,,0
2019,Valladolid,10.0,0
2020,Huelva,6.0,0
2023,Córdoba,9.0,0
2021,Valencia,,0
2023,Islas Baleares,7.0,0
2024,Melilla,,0
2024,Almería,10.0,0
2021,Asturias,6.0,0
2019,Cuenca,7.0,0
2019,Barcelona,4.0,0
2025,Guadalajara,10.0,0
2025,Cádiz,8.0,0
2025,Badajoz,1.0,0
2025,La Rioja,9.0,0
2023,Asturias,8.0,0
2025,Ceuta,8.0,0
2025,Lleida,1.0,0
2022,Guadalajara,,0
2020,León,,0
2020,Valladolid,4.0,0
2026,Valladolid,4.0,0
2025,Alicante,,0
2024,Ceuta,,0
2020,Cádiz,6.0,0
2023,Cáceres,4.0,0
2024,Cáceres,1.0,0
2020,Las Palmas,,0
2020,Córdoba,,0
2021,Badajoz,,0
2026,Álava,7.0,0
2023,Zamora,4.0,0
2025,Alicante,10.0,0
2021,Asturias,1.0,0
2020,Lleida,,0
2023,Badajoz,6.0,0
2019,Alicante,8.0,0
2025,Cáceres,1.0,0
2025,Girona,,0
2025,Pontevedra,3.0,0
2024,Albacete,6.0,0
2023,Córdoba,10.0,0
2024,Córdoba,1.0,0
2021,Zamora,3.0,0
2021,Alicante,6.0,0
2019,Cádiz,5.0,0
2024,Ceuta,1.0,0
2022,Zamora,6.0,0
2024,Santa Cruz de Tenerife,,0
2020,Teruel,9.0,0
2022,León,2.0,0
2022,Toledo,8.0,0
2025,Ávila,10.0,0
2025,Burgos,,0
2025,León,9.0,0
2024,Castellón,7.0,0
2019,Toledo,2.0,0
2020,Jaén,10.0,0
2023,Zaragoza,9.0,0
2024,Lugo,,0
2019,Murcia,8.0,0
2023,Vizcaya,6.0,0
2024,Asturias,,0
2022,Jaén,4.0,0
2025,Santa Cruz de Tenerife,,0
2022,Castellón,3.0,0
2024,Toledo,9.0,0
2019,Cáceres,3.0,0
2026,La Rioja,1.0,0
2019,Orense,9.0,0
2019,Girona,4.0,0
2020,Álava,3.0,0
2023,Segovia,4.0,0
2025,Ciudad Real,,0
2023,Granada,10.0,0
2025,Melilla,5.0,0
2024,Huesca,,0
2022,Málaga,5.0,0
2020,Álava,4.0,0
2026,Cantabria,,0
2022,Madrid,5.0,0
2023,Alicante,,0
2020,Pontevedra,3.0,0
2020,Vizcaya,5.0,0
2022,Zamora,,0
2021,Guipúzcoa,5.0,0
2023,Alicante,,0
2020,Guipúzcoa,,0
2019,Granada,6.0,0
2021,Tarragona,4.0,0
2020,Valladolid,1.0,0
2021,Cádiz,8.0,0
2022,Salamanca,7.0,0
2025,Barcelona,,0
2023,La Rioja,10.0,0
2024,Girona,,0
2021,Segovia,7.0,0
2021,Guadalajara,6.0,0
2019,Badajoz,,0
2023,Granada,4.0,0
2021,Ciudad Real,9.0,0
2024,La Rioja,5.0,0
2026,Córdoba,,0
2024,Tarragona,1.0,0
2022,Lleida,6.0,0
2019,Ceuta,5.0,0
2023,Murcia,,0
2023,Albacete,7.0,0
2019,Zaragoza,,0
2020,Valencia,10.0,0
2021,Alicante,6.0,0
2021,Girona,8.0,0
2019,La Rioja,,0
2021,Burgos,3.0,0
2021,Granada,4.0,0
2020,Orense,2.0,0
2021,Valencia,8.0,0
2020,Zaragoza,10.0,0
2024,Zamora,,0
2020,Ceuta,2.0,0
2022,Jaén,9.0,0
2026,Albacete,,0
2020,Guadalajara,7.0,0
2023,Lleida,8.0,0
2023,Murcia,3.0,0
2024,Murcia,,0
2021,Alicante,,0
2021,Girona,8.0,0
2020,Sevilla,,0
2020,Pontevedra,6.0,0
2023,Burgos,2.0,0
2019,Alicante,1.0,0
2019,Vizcaya,9.0,0
2024,Soria,2.0,0
2023,Zaragoza,8.0,0
2020,Lugo,10.0,0
2020,Lleida,9.0,0
2021,Navarra,,0
2021,Orense,5.0,0
2022,Ceuta,3.0,0
2023,Soria,6.0,0
2023,Islas Baleares,7.0,0
2026,Cádiz,1.0,0
2024,Guipúzcoa,,0
2026,Salamanca,,0
2021,Guadalajara,4.0,0
2024,Ciudad Real,7.0,0
2022,Santa Cruz de Tenerife,2.0,0
2024,Pontevedra,9.0,0
2022,Teruel,1.0,0
2025,Melilla,5.0,0
2025,Guipúzcoa,10.0,0
2023,León,7.0,0
2020,Zamora,,0
2022,Toledo,3.0,0
2020,Lleida,,0
2020,Salamanca,1.0,0
2019,Asturias,5.0,0
2020,Badajoz,6.0,0
2019,Huesca,3.0,0
2021,Cuenca,1.0,0
2019,Granada,4.0,0
2023,Zaragoza,,0
2025,Valencia,10.0,0
2020,Toledo,,0
2024,Badajoz,10.0,0
2020,Girona,4.0,0
2021,Ceuta,7.0,0
2022,Cáceres,3.0,0
2020,Ceuta,10.0,0
2020,Castellón,9.0,0
2020,Lleida,7.0,0
2019,Santa Cruz de Tenerife,10.0,0
2023,Cantabria,,0
2024,Córdoba,,0
2025,Valladolid,,0
2024,Cantabria,6.0,0
2020,Badajoz,8.0,0
2022,Palencia,7.0,0
2020,Orense,9.0,0
2025,Orense,7.0,0
2020,La Rioja,9.0,0
2019,Huesca,1.0,0
2021,Salamanca,10.0,0
2020,Santa Cruz de Tenerife,2.0,0
2021,Toledo,2.0,0
2023,Valladolid,6.0,0
2019,Valencia,3.0,0
2023,Álava,2.0,0
2022,Girona,5.0,0
2023,Álava,8.0,0
2020,Ávila,5.0,0
2022,Ceuta,9.0,0
2023,Santa Cruz de Tenerife,,0
2024,Sevilla,2.0,0
2021,Guadalajara,7.0,0
2025,Cádiz,8.0,0
2020,Lugo,,0
2021,Vizcaya,9.0,0
2023,Álava,2.0,0
2022,Cantabria,,0
2023,Lleida,,0
2021,Madrid,9.0,0
2020,Granada,6.0,0
2019,Córdoba,3.0,0
2025,Alicante,,0
2023,Zamora,4.0,0
2020,Ávila,1.0,0
2024,Valladolid,4.0,0
2022,La Rioja,8.0,0
2025,Valencia,2.0,0
2026,Cantabria,2.0,0
2020,Cáceres,9.0,0
2025,Huesca,2.0,0
2021,Ávila,,0
2024,La Rioja,10.0,0
2025,Álava,7.0,0
2021,Zaragoza,4.0,0
2019,Orense,7.0,0
2026,Teruel,4.0,0
2020,Zaragoza,1.0,0
2024,Lleida,,0
2024,Santa Cruz de Tenerife,10.0,0
2019,Soria,,0
2022,Valencia,,0
2021,Segovia,3.0,0
2020,Almería,6.0,0
2020,Melilla,5.0,0
2025,Córdoba,,0
2026,Las Palmas,3.0,0
2022,Huesca,1.0,0
2019,Almería,9.0,0
2025,Lleida,5.0,0
2025,Girona,8.0,0
2022,La Rioja,7.0,0
2021,Girona,7.0,0
2022,Madrid,9.0,0
2019,Melilla,8.0,0
2023,Cádiz,6.0,0
2019,Murcia,5.0,0
2023,La Coruña,10.0,0
2019,Zamora,4.0,0
2023,Guipúzcoa,6.0,0
2022,Guipúzcoa,,0
2019,La Coruña,4.0,0
2021,Lleida,1.0,0
2019,Cádiz,4.0,0
2024,Teruel,9.0,0
2020,León,7.0,0
2023,Lleida,7.0,0
2019,Pontevedra,1.0,0
2024,Cáceres,,0
2023,Pontevedra,7.0,0
2019,Huelva,,0
2020,Barcelona,,0
2025,Salamanca,8.0,0
2025,Girona,,0
2025,Jaén,7.0,0
2023,Vizcaya,4.0,0
2020,Jaén,9.0,0
2024,Madrid,5.0,0
2024,Segovia,3.0,0
2019,Madrid,10.0,0
2025,Teruel,1.0,0
2019,Barcelona,9.0,0
2020,Pontevedra,2.0,0
2021,Asturias,,0
2019,Burgos,4.0,0
2023,Vizcaya,10.0,0
2023,Huesca,1.0,0
2025,Santa Cruz de Tenerife,,0
2025,Huesca,,0
2023,Lleida,2.0,0
2022,Ciudad Real,6.0,0
2019,Toledo,10.0,0
2024,Cádiz,3.0,0
2022,Madrid,1.0,0
2022,Zamora,9.0,0
2023,Valencia,5.0,0
2024,Las Palmas,,0
2021,La Rioja,8.0,0
2019,Zamora,,0
2021,Valencia,6.0,0
2022,Toledo,,0
2023,Islas Baleares,2.0,0
2021,Lugo,2.0,0
2021,Jaén,4.0,0
2021,Ciudad Real,2.0,0
2021,Valencia,9.0,0
2020,Zaragoza,8.0,0
2021,Madrid,,0
2023,Santa Cruz de Tenerife,8.0,0
2025,Jaén,1.0,0
2026,Almería,6.0,0
2019,Valladolid,4.0,0
2025,Cantabria,2.0,0
2019,Girona,1.0,0
2023,La Coruña,10.0,0
2020,Teruel,7.0,0
2025,Pontevedra,10.0,0
2021,Badajoz,8.0,0
2025,Segovia,9.0,0
2025,Santa Cruz de Tenerife,2.0,0
2021,Córdoba,8.0,0
2021,Ávila,,0
2024,Alicante,10.0,0
2022,Santa Cruz de Tenerife,8.0,0
2025,Pontevedra,4.0,0
2026,Córdoba,,0
2021,Sevilla,2.0,0
2024,Murcia,9.0,0
2019,Madrid,3.0,0
2020,Cáceres,7.0,0
2025,Melilla,9.0,0
2022,Girona,2.0,0
2021,Cáceres,,0
2019,Sevilla,,0
2023,Lugo,9.0,0
2020,Málaga,4.0,0
2020,Almería,,0
2022,Orense,5.0,0
2025,Vizcaya,7.0,0
2023,Jaén,9.0,0
2023,Girona,9.0,0
2026,Pontevedra,8.0,0
2025,Zaragoza,4.0,0
2021,León,3.0,0
2023,Toledo,4.0,0
2019,Málaga,8.0,0
2025,Guadalajara,6.0,0
2025,Cádiz,1.0,0
2025,Álava,6.0,0
2024,Ceuta,4.0,0
2022,Cantabria,,0
2023,Santa Cruz de Tenerife,4.0,0
2026,Burgos,10.0,0
2025,Teruel,,0
2023,Málaga,5.0,0
2025,Santa Cruz de Tenerife,5.0,0
2024,Madrid,4.0,0
2021,Santa Cruz de Tenerife,10.0,0
2026,Las Palmas,2.0,0
2021,Tarragona,,0
2025,Burgos,4.0,0
2021,Orense,5.0,0
2022,Cuenca,,0
2025,Huesca,,0
2023,Islas Baleares,6.0,0
2023,Almería,4.0,0
2023,Cuenca,4.0,0
2022,Huesca,2.0,0
2021,Tarragona,1.0,0
2025,Ávila,2.0,0
2019,Palencia,8.0,0
2020,Cáceres,1.0,0
2020,Melilla,8.0,0
2022,La Coruña,3.0,0
2020,Madrid,8.0,0
2019,León,5.0,0
2022,Cádiz,5.0,0
2023,Zamora,7.0,0
2023,Islas Baleares,6.0,0
2021,Lugo,6.0,0
2020,Jaén,4.0,0
2023,Ciudad Real,,0
2019,Almería,6.0,0
2020,Sevilla,2.0,0
2021,Lugo,4.0,0
2021,Asturias,,0
2025,Zaragoza,9.0,0
2021,Las Palmas,8.0,0
2022,Santa Cruz de Tenerife,10.0,0
2025,Girona,6.0,0
2019,Córdoba,,0
2020,Santa Cruz de Tenerife,,0
2024,Burgos,1.0,0
2023,Salamanca,8.0,0
2022,Huelva,7.0,0
2023,Santa Cruz de Tenerife,,0
2021,Almería,6.0,0
2019,León,10.0,0
2026,Islas Baleares,,0
2022,La Coruña,5.0,0
2019,Murcia,,0
2023,Segovia,,0
2025,Jaén,,0
2020,Murcia,9.0,0
2020,Orense,9.0,0
2022,León,6.0,0
2023,Toledo,8.0,0
2022,Ávila,,0
2022,Melilla,,0
2020,Lleida,6.0,0
2022,Vizcaya,1.0,0
2023,Melilla,3.0,0
2024,Palencia,7.0,0
2020,Guadalajara,3.0,0
2025,Cáceres,,0
2024,La Coruña,1.0,0
2024,León,4.0,0
2023,Navarra,5.0,0
2026,Valladolid,6.0,0
2020,Cádiz,4.0,0
2021,Valladolid,9.0,0
2024,Cádiz,3.0,0
2023,Huesca,6.0,0
2023,Palencia,2.0,0
2019,Salamanca,9.0,0
2025,Castellón,3.0,0
2019,Burgos,9.0,0
2025,Barcelona,3.0,0
2023,Cádiz,10.0,0
2020,Pontevedra,3.0,0
2020,Tarragona,8.0,0
2022,Asturias,6.0,0
2025,Lleida,,0
2021,Albacete,7.0,0
2022,Asturias,9.0,0
2024,Salamanca,3.0,0
2025,La Coruña,2.0,0
2021,Navarra,8.0,0
2023,Pontevedra,,0
2020,Málaga,,0
2026,Teruel,7.0,0
2021,Guipúzcoa,,0
2020,Salamanca,10.0,0
2026,Burgos,7.0,0
2019,Sevilla,1.0,0
2021,Girona,,0
2021,Pontevedra,,0
2026,Pontevedra,,0
2020,Lleida,1.0,0
2021,Murcia,8.0,0
2021,Murcia,10.0,0
2019,Ceuta,4.0,0
2019,Girona,6.0,0
2025,Santa Cruz de Tenerife,9.0,0
2026,Melilla,9.0,0
2019,Álava,7.0,0
2025,Huesca,,0
2020,Álava,,0
2020,Murcia,3.0,0
2024,Madrid,9.0,0
2024,Sevilla,7.0,0
2023,Murcia,9.0,0
2025,Guipúzcoa,8.0,0
2024,Sevilla,,0
2020,Almería,1.0,0
2024,Murcia,8.0,0
2026,Salamanca,8.0,0
2021,Castellón,10.0,0
2020,Teruel,10.0,0
2024,Burgos,2.0,0
2020,Guadalajara,,0
2023,La Rioja,10.0,0
2020,Cantabria,3.0,0
2023,Pontevedra,9.0,0
2021,Huesca,8.0,0
2020,Huelva,10.0,0
2026,Palencia,6.0,0
2019,Cantabria,6.0,0
2025,Córdoba,5.0,0
2024,Lleida,3.0,0
2019,Orense,2.0,0
2020,Salamanca,10.0,0
2020,Granada,1.0,0
2020,Huesca,1.0,0
2023,Murcia,2.0,0
2023,Ávila,8.0,0
2022,Zaragoza,9.0,0
2020,Cádiz,,0
2023,Orense,3.0,0
2025,Ciudad Real,4.0,0
2024,Toledo,7.0,0
2024,Girona,6.0,0
2021,Islas Baleares,1.0,0
2019,Las Palmas,,0
2023,Córdoba,,0
2021,Las Palmas,,0
2020,Segovia,,0
2022,Teruel,1.0,0
2022,Santa Cruz de Tenerife,5.0,0
2020,Pontevedra,8.0,0
2022,León,1.0,0
2019,León,2.0,0
2022,Cantabria,4.0,0
2019,Alicante,6.0,0
2023,Zamora,3.0,0
2025,Islas Baleares,9.0,0
2023,Melilla,10.0,0
2022,Santa Cruz de Tenerife,,0
2026,Girona,7.0,0
2024,León,8.0,0
2024,Barcelona,8.0,0
2024,Teruel,10.0,0
2023,Barcelona,4.0,0
2020,Castellón,4.0,0
2022,Girona,4.0,0
2023,Girona,,0
2021,Toledo,,0
2021,Castellón,,0
2025,Ávila,9.0,0
2024,Huesca,9.0,0
2025,Burgos,9.0,0
2020,Valladolid,1.0,0
2022,Teruel,8.0,0
2023,Ciudad Real,5.0,0
2023,Valencia,6.0,0
2021,Lugo,2.0,0
2022,Sevilla,9.0,0
2019,Vizcaya,2.0,0
2020,Tarragona,6.0,0
2020,Vizcaya,1.0,0
2023,Vizcaya,9.0,0
2024,Ciudad Real,4.0,0
2019,Valladolid,6.0,0
2025,Lleida,9.0,0
2024,Navarra,,0
2023,Jaén,10.0,0
2024,Santa Cruz de Tenerife,2.0,0
2021,Palencia,,0
2019,Badajoz,8.0,0
2021,Santa Cruz de Tenerife,6.0,0
2020,Córdoba,,0
2021,Huesca,,0
2022,Huesca,,0
2025,Jaén,2.0,0
2020,Jaén,,0
2019,Ávila,9.0,0
2019,Melilla,2.0,0
2022,La Coruña,5.0,0
2022,Cantabria,5.0,0
2025,Valladolid,7.0,0
2021,Islas Baleares,8.0,0
2020,Huelva,2.0,0
2024,Murcia,7.0,0
2023,Pontevedra,,0
2023,Valencia,2.0,0
2024,Ciudad Real,7.0,0
2023,Pontevedra,,0
2025,Valencia,,0
2024,Barcelona,9.0,0
2024,Madrid,,0
2022,Zaragoza,4.0,0
2025,Barcelona,4.0,0
2025,Islas Baleares,2.0,0
2025,Badajoz,7.0,0
2022,Ávila,1.0,0
2022,Santa Cruz de Tenerife,,0
2024,Álava,2.0,0
2020,La Coruña,6.0,0
2021,Girona,10.0,0
2021,Murcia,4.0,0
2019,Castellón,1.0,0
2022,Orense,1.0,0
2025,Segovia,6.0,0
2025,Orense,5.0,0
2022,Sevilla,2.0,0
2023,Granada,,0
2020,Vizcaya,,0
2021,Santa Cruz de Tenerife,8.0,0
2020,Valencia,2.0,0
2025,Badajoz,8.0,0
2023,Álava,,0
2025,Ciudad Real,2.0,0
2021,La Rioja,1.0,0
2025,Málaga,8.0,0
2021,La Rioja,,0
2024,Albacete,2.0,0
2025,Santa Cruz de Tenerife,3.0,0
2019,La Coruña,2.0,0
2020,Cádiz,,0
2023,Ávila,2.0,0
2026,Granada,4.0,0
2022,Albacete,4.0,0
2020,Guadalajara,,0
2022,Lugo,,0
2023,Islas Baleares,8.0,0
2023,León,8.0,0
2020,Valladolid,4.0,0
2024,La Coruña,6.0,0
2025,Santa Cruz de Tenerife,9.0,0
2019,Tarragona,5.0,0
2023,Pontevedra,10.0,0
2020,Santa Cruz de Tenerife,2.0,0
2025,Valladolid,6.0,0
2022,Palencia,3.0,0
2020,Navarra,6.0,0
2020,Las Palmas,3.0,0
2022,Soria,10.0,0
2019,Girona,6.0,0
2022,Lugo,4.0,0
2022,Las Palmas,,0
2019,Tarragona,,0
2020,Asturias,8.0,0
2025,Orense,7.0,0
2024,Asturias,3.0,0
2025,Valladolid,9.0,0
2024,La Coruña,8.0,0
2026,Cantabria,2.0,0
2022,Málaga,10.0,0
2022,Santa Cruz de Tenerife,7.0,0
2024,Cuenca,1.0,0
2020,Lleida,7.0,0
2023,Las Palmas,2.0,0
2025,Albacete,4.0,0
2021,Valencia,,0
2021,Ceuta,1.0,0
2021,Alicante,2.0,0
2020,Teruel,10.0,0
2022,Girona,,0
2022,Las Palmas,7.0,0
2022,Murcia,3.0,0
2022,Castellón,,0
2020,Ávila,,0
2024,Córdoba,,0
2024,Vizcaya,,0
2024,Cáceres,5.0,0
2020,Toledo,,0
2019,León,6.0,0
2021,Granada,,0
2020,Vizcaya,5.0,0
2024,Málaga,4.0,0
2025,Granada,6.0,0
2025,Ávila,2.0,0
2021,Cáceres,,0
2019,Murcia,2.0,0
2019,León,7.0,0
2021,Madrid,7.0,0
2024,Murcia,4.0,0
2019,Alicante,8.0,0
2022,Tarragona,6.0,0
2024,Badajoz,3.0,0
2020,León,8.0,0
2024,Tarragona,,0
2019,Jaén,9.0,0
2019,Guadalajara,3.0,0
2019,Granada,6.0,0
2021,Córdoba,,0
2026,Las Palmas,9.0,0
2023,Zaragoza,10.0,0
2025,Álava,6.0,0
2021,Valencia,9.0,0
2025,Santa Cruz de Tenerife,2.0,0
2023,Málaga,6.0,0
2019,León,10.0,0
2021,Toledo,10.0,0
2020,Orense,5.0,0
2026,Las Palmas,,0
2024,Palencia,7.0,0
2019,Castellón,4.0,0
2020,Almería,,0
2022,Ceuta,8.0,0
2024,Navarra,1.0,0
2025,Álava,,0
2025,Zaragoza,,0
2024,Álava,5.0,0
2019,Córdoba,,0
2019,Segovia,9.0,0
2022,León,9.0,0
2021,Zaragoza,,0
2026,Lugo,9.0,0
2022,Madrid,3.0,0
2019,Almería,,0
2019,Navarra,,0
2020,Ávila,4.0,0
2021,Toledo,7.0,0
2023,León,6.0,0
2020,Zaragoza,8.0,0
2023,Segovia,1.0,0
2021,Murcia,,0
2022,Palencia,5.0,0
2025,Madrid,7.0,0
2021,Albacete,1.0,0
2022,Sevilla,,0
2022,Granada,,0
2019,Ávila,4.0,0
2026,Vizcaya,5.0,0
2020,Barcelona,7.0,0
2025,Huesca,5.0,0
2024,Vizcaya,6.0,0
2022,Palencia,3.0,0
2022,Vizcaya,1.0,0
2022,Teruel,10.0,0
2020,Albacete,7.0,0
2020,Murcia,,0
2026,Girona,6.0,0
2024,Las Palmas,,0
2024,Teruel,4.0,0
2024,Barcelona,1.0,0
2020,Pontevedra,7.0,0
2024,Orense,4.0,0
2020,Burgos,,0
2024,Zaragoza,10.0,0
2021,Soria,10.0,0
2024,Alicante,8.0,0
2022,Jaén,1.0,0
2021,Lugo,,0
2024,La Coruña,,0
2019,Melilla,6.0,0
2026,Teruel,,0
2022,Lugo,7.0,0
2025,Barcelona,5.0,0
2024,Sevilla,7.0,0
2025,Cádiz,6.0,0
2021,Melilla,2.0,0
2023,Albacete,7.0,0
2023,La Rioja,5.0,0
2020,Santa Cruz de Tenerife,3.0,0
2022,Tarragona,7.0,0
2024,Ciudad Real,4.0,0
2020,Navarra,3.0,0
2025,Navarra,5.0,0
2025,La Coruña,5.0,0
2025,Granada,3.0,0
2021,Castellón,3.0,0
2022,Ceuta,8.0,0
2019,Málaga,3.0,0
2021,Teruel,1.0,0
2022,Cádiz,,0
2020,Lleida,,0
2019,Jaén,3.0,0
2022,Álava,8.0,0
2019,Murcia,3.0,0
2021,Pontevedra,8.0,0
2023,Álava,2.0,0
2023,Tarragona,3.0,0
2025,Girona,6.0,0
2022,Tarragona,7.0,0
2023,Cáceres,6.0,0
2023,Girona,1.0,0
2021,Valladolid,5.0,0
2022,Valladolid,6.0,0
2020,La Rioja,,0
2020,Orense,4.0,0
2025,Zaragoza,,0
2020,Santa Cruz de Tenerife,9.0,0
2022,Palencia,3.0,0
2019,Málaga,10.0,0
2019,Valladolid,,0
2021,Valencia,6.0,0
2021,Girona,10.0,0
2020,Cantabria,1.0,0
2021,Pontevedra,2.0,0
2019,Santa Cruz de Tenerife,2.0,0
2024,Guadalajara,7.0,0
2025,Santa Cruz de Tenerife,9.0,0
2025,Albacete,3.0,0
2022,Pontevedra,9.0,0
2019,Murcia,7.0,0
2022,Valencia,5.0,0
2025,Huesca,2.0,0
2023,Lleida,8.0,0
2024,Huelva,4.0,0
2023,Jaén,3.0,0
2020,Albacete,1.0,0
2025,Málaga,,0
2021,Las Palmas,8.0,0
2025,Salamanca,,0
2025,Islas Baleares,,0
2023,Barcelona,4.0,0
2025,Murcia,8.0,0
2019,Albacete,10.0,0
2023,Madrid,4.0,0
2019,Granada,7.0,0
2024,Toledo,5.0,0
2025,Valencia,,0
2022,Jaén,7.0,0
2020,Cantabria,,0
2020,Sevilla,1.0,0
2021,Salamanca,2.0,0
2022,Ceuta,,0
2019,Segovia,8.0,0
2022,Cantabria,4.0,0
2022,Soria,1.0,0
2019,Melilla,6.0,0
2023,Asturias,10.0,0
2022,Cáceres,3.0,0
2023,Navarra,3.0,0
2020,Castellón,7.0,0
2024,Valencia,4.0,0
2020,Lleida,2.0,0
2024,León,4.0,0
2019,Burgos,4.0,0
2024,Cáceres,,0
2022,Sevilla,10.0,0
2025,Lleida,6.0,0
2024,Cantabria,5.0,0
2025,Madrid,10.0,0
2023,Lleida,6.0,0
2020,Murcia,4.0,0
2023,Salamanca,10.0,0
2022,Málaga,5.0,0
2025,Lugo,3.0,0
2025,Castellón,9.0,0
2021,Lleida,1.0,0
2024,Zaragoza,5.0,0
2021,Vizcaya,1.0,0
2023,Alicante,,0
2024,Segovia,2.0,0
2022,Murcia,8.0,0
2023,Almería,8.0,0
2023,Salamanca,7.0,0
2020,Valladolid,3.0,0
2022,Santa Cruz de Tenerife,7.0,0
2023,Melilla,3.0,0
2020,Guipúzcoa,,0
2023,Huesca,7.0,0
2019,Huelva,2.0,0
2023,Burgos,,0
2025,Badajoz,9.0,0
2020,Orense,6.0,0
2020,Segovia,7.0,0
2022,Cuenca,6.0,0
2020,Guipúzcoa,,0
2021,Orense,8.0,0
2020,Navarra,1.0,0
2019,Lugo,4.0,0
2023,Lugo,8.0,0
2023,Ciudad Real,6.0,0
2024,Pontevedra,10.0,0
2022,Valladolid,,0
2021,Cantabria,3.0,0
2019,La Rioja,2.0,0
2024,Islas Baleares,9.0,0
2022,Asturias,8.0,0
2022,Santa Cruz de Tenerife,4.0,0
2023,Segovia,,0
2026,Cádiz,,0
2025,Burgos,9.0,0
2020,Teruel,3.0,0
2023,Lugo,2.0,0
2025,La Coruña,3.0,0
2023,Pontevedra,,0
2021,Ávila,4.0,0
2023,Lleida,10.0,0
2026,Santa Cruz de Tenerife,,0
2023,Navarra,,0
2024,Soria,,0
2023,Soria,9.0,0
2023,Badajoz,5.0,0
2022,Guadalajara,7.0,0
2026,Cádiz,3.0,0
2022,Guipúzcoa,,0
2020,León,4.0,0
2020,Castellón,4.0,0
2023,Álava,2.0,0
2021,Madrid,8.0,0
2024,Salamanca,7.0,0
2020,Palencia,,0
2022,Murcia,4.0,0
2022,Guipúzcoa,8.0,0
2020,Huesca,6.0,0
2019,Lleida,8.0,0
2023,Málaga,4.0,0
2024,Palencia,3.0,0
2023,Asturias,6.0,0
2026,Segovia,,0
2020,Lugo,6.0,0
2022,Salamanca,,0
2025,Huesca,4.0,0
2026,Córdoba,3.0,0
2023,Álava,,0
2019,Islas Baleares,1.0,0
2025,Barcelona,3.0,0
2020,Guadalajara,5.0,0
2024,Cuenca,,0
2021,Zaragoza,9.0,0
2020,Ávila,2.0,0
2021,León,3.0,0
2023,Barcelona,1.0,0
2023,León,4.0,0
2021,Santa Cruz de Tenerife,,0
2025,Cantabria,,0
2019,Valladolid,10.0,0
2019,Santa Cruz de Tenerife,,0
2020,Lugo,3.0,0
2021,Segovia,8.0,0
2024,La Coruña,8.0,0
2020,Cuenca,,0
2019,Burgos,6.0,0
2019,Murcia,10.0,0
2024,Valladolid,8.0,0
2025,Cantabria,9.0,0
2023,Salamanca,3.0,0
2019,Jaén,,0
2024,Asturias,10.0,0
2020,Lleida,7.0,0
2019,Guipúzcoa,6.0,0
2022,Huesca,7.0,0
2020,Álava,2.0,0
2020,Ávila,,0
2022,Cáceres,,0
2025,Guipúzcoa,5.0,0
2020,Madrid,6.0,0
2026,Valencia,7.0,0
2023,Pontevedra,10.0,0
2022,Melilla,2.0,0
2024,Burgos,,0
2021,Murcia,8.0,0
2025,Alicante,,0
2025,Santa Cruz de Tenerife,3.0,0
2019,Castellón,7.0,0
2022,Soria,4.0,0
2024,Girona,5.0,0
2026,Guipúzcoa,4.0,0
2026,Soria,7.0,0
2024,Ávila,3.0,0
2022,Burgos,2.0,0
2020,Orense,,0
2019,Tarragona,7.0,0
2020,Vizcaya,9.0,0
2025,Santa Cruz de Tenerife,5.0,0
2019,Vizcaya,7.0,0
2025,Cáceres,7.0,0
2024,Sevilla,2.0,0
2024,La Rioja,10.0,0
2021,Santa Cruz de Tenerife,8.0,0
2023,Cuenca,1.0,0
2025,Las Palmas,9.0,0
2026,Lleida,6.0,0
2021,Girona,2.0,0
2023,Huelva,4.0,0
2019,Orense,8.0,0
2023,Huesca,9.0,0
2021,Cuenca,10.0,0
2025,Granada,4.0,0
2025,Huelva,2.0,0
2022,Ceuta,,0
2020,Sevilla,7.0,0
2026,La Coruña,1.0,0
2020,Almería,6.0,0
2025,Salamanca,7.0,0
2025,Teruel,8.0,0
2023,Huelva,5.0,0
2021,Islas Baleares,2.0,0
2020,Badajoz,4.0,0
2021,Girona,3.0,0
2022,Cáceres,1.0,0
2024,Santa Cruz de Tenerife,1.0,0
2021,Guipúzcoa,,0
2026,Huelva,4.0,0
2024,La Rioja,4.0,0
2023,Soria,2.0,0
2024,Guadalajara,7.0,0
2020,Córdoba,,0
2021,Islas Baleares,9.0,0
2024,Badajoz,7.0,0
2026,Badajoz,5.0,0
2025,Lugo,1.0,0
2021,Girona,2.0,0
2025,Sevilla,4.0,0
2019,Castellón,2.0,0
2023,Toledo,4.0,0
2025,Salamanca,1.0,0
2021,Lugo,5.0,0
2022,Soria,,0
2020,Las Palmas,9.0,0
2024,Lugo,10.0,0
2025,Girona,,0
2022,Cantabria,6.0,0
2025,Barcelona,6.0,0
2022,Segovia,10.0,0
2024,Cáceres,2.0,0
2022,Badajoz,10.0,0
2025,Cantabria,2.0,0
2020,Girona,5.0,0
2025,La Rioja,3.0,0
2025,Cantabria,10.0,0
2022,Salamanca,,0
2019,Palencia,4.0,0
2021,Ceuta,,0
2023,Toledo,10.0,0
2024,Ceuta,,0
2023,Salamanca,7.0,0
2019,Granada,5.0,0
2021,Palencia,7.0,0
2021,Jaén,6.0,0
2020,Ciudad Real,7.0,0
2022,Jaén,9.0,0
2023,Álava,8.0,0
2025,Teruel,10.0,0
2024,Álava,5.0,0
2022,Burgos,1.0,0
2019,Málaga,2.0,0
2019,Ciudad Real,6.0,0
2020,Cádiz,7.0,0
2021,Pontevedra,3.0,0
2023,Murcia,9.0,0
2021,Granada,5.0,0
2019,Zaragoza,8.0,0
2020,Castellón,2.0,0
2023,Orense,4.0,0
2025,León,5.0,0
2023,Asturias,8.0,0
2026,Lugo,9.0,0
2024,Huesca,6.0,0
2019,Zamora,3.0,0
2025,Málaga,6.0,0
2019,Madrid,6.0,0
2024,Cuenca,4.0,0
2020,Santa Cruz de Tenerife,10.0,0
2020,Málaga,,0
2019,Almería,8.0,0
2020,Toledo,2.0,0
2019,Granada,7.0,0
2023,Córdoba,6.0,0
2025,Santa Cruz de Tenerife,4.0,0
2022,Alicante,,0
2019,Burgos,,0
2025,Navarra,,0
2021,Tarragona,5.0,0
2025,Tarragona,,0
2020,Islas Baleares,8.0,0
2021,Soria,6.0,0
2022,Cantabria,5.0,0
2019,Cádiz,7.0,0
2024,Lleida,,0
2025,Madrid,8.0,0
2020,Álava,3.0,0
2026,Álava,2.0,0
2022,Zaragoza,9.0,0
2021,Girona,10.0,0
2025,Santa Cruz de Tenerife,7.0,0
2021,Jaén,8.0,0
2024,Ávila,5.0,0
2023,Madrid,,0
2025,Barcelona,6.0,0
2019,Córdoba,5.0,0
2022,Girona,2.0,0
2021,Zaragoza,5.0,0
2019,Santa Cruz de Tenerife,10.0,0
2022,Zamora,6.0,0
2023,La Rioja,7.0,0
2021,Valladolid,3.0,0
2022,Murcia,2.0,0
2024,Valladolid,8.0,0
2023,Palencia,7.0,0
2023,Ávila,1.0,0
2020,Santa Cruz de Tenerife,6.0,0
2021,Santa Cruz de Tenerife,,0
2026,Pontevedra,,0
2024,Las Palmas,10.0,0
2023,Cádiz,2.0,0
2022,Islas Baleares,,0
2025,Palencia,,0
2025,Lugo,,0
2025,Huesca,,0
2024,Córdoba,,0
2022,Guadalajara,,0
2020,Orense,3.0,0
2024,Soria,,0
2024,Teruel,,0
2024,Guipúzcoa,,0
2025,Sevilla,1.0,0
2026,Salamanca,,0
2020,La Coruña,8.0,0
2024,Jaén,8.0,0
2024,Santa Cruz de Tenerife,7.0,0
2025,Girona,10.0,0
2019,Lleida,6.0,0
2022,Santa Cruz de Tenerife,,0
2021,Santa Cruz de Tenerife,1.0,0
2021,Segovia,5.0,0
2025,La Rioja,4.0,0
2021,Segovia,,0
2022,Sevilla,3.0,0
2022,Huesca,8.0,0
2024,Soria,,0
2025,Las Palmas,,0
2023,Ávila,,0
2022,Girona,3.0,0
2019,Ceuta,5.0,0
2019,Guipúzcoa,5.0,0
2023,Burgos,3.0,0
2025,Badajoz,8.0,0
2020,Almería,9.0,0
2021,Almería,4.0,0
2024,La Coruña,3.0,0
2019,Islas Baleares,9.0,0
2024,Girona,10.0,0
2021,Córdoba,4.0,0
2025,Las Palmas,,0
2025,Ávila,10.0,0
2022,Las Palmas,2.0,0
2020,Orense,5.0,0
2026,Guadalajara,2.0,0
2025,Tarragona,9.0,0
2024,Valladolid,7.0,0
2022,Albacete,8.0,0
2023,Lleida,3.0,0
2019,Cuenca,2.0,0
2019,Huesca,6.0,0
2019,Palencia,5.0,0
2022,Santa Cruz de Tenerife,7.0,0
2020,Tarragona,9.0,0
2024,Huelva,9.0,0
2024,Badajoz,5.0,0
2022,Almería,2.0,0
2020,Cantabria,1.0,0
2023,Segovia,,0
2019,Ávila,4.0,0
2023,Vizcaya,4.0,0
2025,Valladolid,9.0,0
2022,Ávila,7.0,0
2020,Palencia,8.0,0
2025,Granada,3.0,0
2019,Tarragona,4.0,0
2024,Granada,1.0,0
2025,Alicante,9.0,0
2019,Ávila,6.0,0
2019,Toledo,5.0,0
2020,Málaga,4.0,0
2021,Madrid,,0
2021,Lugo,4.0,0
2020,Málaga,3.0,0
2022,Santa Cruz de Tenerife,8.0,0
2019,Córdoba,9.0,0
2024,Guadalajara,6.0,0
2021,Cádiz,4.0,0
2019,Soria,,0
2021,Guipúzcoa,5.0,0
2025,Cuenca,3.0,0
2020,Madrid,8.0,0
2022,Madrid,3.0,0
2020,Ávila,9.0,0
2020,Jaén,1.0,0
2021,Barcelona,7.0,0
2026,Jaén,,0
2022,Lugo,3.0,0
2020,Almería,4.0,0
2024,Guadalajara,1.0,0
2023,Lugo,1.0,0
2025,Barcelona,7.0,0
2019,La Rioja,9.0,0
2023,Girona,5.0,0
2026,La Rioja,1.0,0
2021,Badajoz,5.0,0
2019,Huelva,,0
2020,Cantabria,6.0,0
2024,Granada,9.0,0
2024,Córdoba,1.0,0
2024,Cantabria,,0
2024,Lleida,7.0,0
2022,Guipúzcoa,8.0,0
2026,Lleida,2.0,0
2023,Zamora,1.0,0
2025,Burgos,1.0,0
2026,Granada,1.0,0
2024,Cádiz,10.0,0
2021,Guipúzcoa,4.0,0
2019,Granada,4.0,0
2024,Almería,2.0,0
2022,Melilla,10.0,0
2021,Cádiz,,0
2025,Santa Cruz de Tenerife,8.0,0
2020,Santa Cruz de Tenerife,3.0,0
2022,Barcelona,7.0,0
2024,Cádiz,,0
2025,Navarra,2.0,0
2025,Asturias,8.0,0
2023,Valencia,3.0,0
2025,Granada,1.0,0
2022,Málaga,10.0,0
2019,Ávila,6.0,0
2024,Ávila,5.0,0
2023,Zamora,,0
2022,Badajoz,,0
2023,Melilla,5.0,0
2021,Santa Cruz de Tenerife,7.0,0
2025,León,,0
2022,Albacete,7.0,0
2022,Ciudad Real,5.0,0
2025,Cuenca,3.0,0
2022,Álava,3.0,0
2019,Segovia,4.0,0
2021,Vizcaya,1.0,0
2026,La Coruña,9.0,0
2023,Badajoz,5.0,0
2023,Cádiz,4.0,0
2021,Navarra,6.0,0
2026,Alicante,,0
2020,Islas Baleares,9.0,0
2025,Málaga,2.0,0
2025,La Coruña,,0
2023,Asturias,6.0,0
2025,Navarra,7.0,0
2021,Madrid,4.0,0
2022,Vizcaya,4.0,0
2019,Barcelona,,0
2024,Vizcaya,6.0,0
2025,Ciudad Real,,0
2019,Albacete,4.0,0
2020,Ávila,2.0,0
2024,Granada,10.0,0
2021,Cuenca,6.0,0
2023,Badajoz,,0
2020,Lleida,10.0,0
2025,Guadalajara,2.0,0
2024,Zamora,5.0,0
2025,Guadalajara,9.0,0
2021,Jaén,10.0,0
2022,Asturias,7.0,0
2025,Barcelona,8.0,0
2025,Zaragoza,3.0,0
2022,Murcia,,0
2019,Islas Baleares,6.0,0
2024,Jaén,2.0,0
2019,Ciudad Real,,0
2021,Córdoba,2.0,0
2023,Guadalajara,,0
2019,Toledo,6.0,0
2024,Málaga,5.0,0
2026,Toledo,,0
2019,Valencia,2.0,0
2024,Barcelona,6.0,0
2026,Murcia,6.0,0
2021,Cádiz,3.0,0
2025,Almería,,0
2019,Teruel,5.0,0
2024,Las Palmas,8.0,0
2022,Castellón,4.0,0
2020,Ceuta,1.0,0
2023,Girona,7.0,0
2021,Zamora,1.0,0
2023,Lleida,5.0,0
2020,Salamanca,7.0,0
2021,Santa Cruz de Tenerife,6.0,0
2025,Lleida,6.0,0
2020,Cuenca,1.0,0
2019,Teruel,10.0,0
2025,Badajoz,9.0,0
2021,La Rioja,8.0,0
2024,Santa Cruz de Tenerife,3.0,0
2020,Castellón,3.0,0
2026,Salamanca,7.0,0
2026,Valladolid,6.0,0
2024,Orense,,0
2019,La Rioja,,0
2019,Islas Baleares,8.0,0
2021,Orense,,0
2024,Málaga,8.0,0
2024,Navarra,,0
2021,Cantabria,,0
2019,Huelva,,0
2023,Badajoz,7.0,0
2020,Barcelona,,0
2020,Islas Baleares,2.0,0
2023,Navarra,,0
2024,Córdoba,5.0,0
2025,Navarra,9.0,0
2023,Ciudad Real,,0
2024,Cáceres,9.0,0
2019,Pontevedra,3.0,0
2024,Zaragoza,,0
2025,Castellón,,0
2022,Segovia,,0
2020,Sevilla,5.0,0
2021,Córdoba,7.0,0
2023,Las Palmas,8.0,0
2023,Cáceres,3.0,0
2021,Burgos,8.0,0
2025,Islas Baleares,5.0,0
2023,Cuenca,4.0,0
2020,Cantabria,8.0,0
2025,Vizcaya,,0
2019,La Coruña,,0
2019,Ciudad Real,9.0,0
2021,La Coruña,,0
2023,Álava,,0
2023,Islas Baleares,10.0,0
2025,Vizcaya,4.0,0
2019,Albacete,7.0,0
2020,Alicante,,0
2023,Segovia,4.0,0
2024,Almería,4.0,0
2023,Ciudad Real,2.0,0
2023,Álava,,0
2022,La Coruña,1.0,0
2023,Sevilla,7.0,0
2022,Cantabria,2.0,0
2019,Salamanca,8.0,0
2020,La Rioja,4.0,0
2019,Lleida,4.0,0
2023,Cáceres,6.0,0
2020,Navarra,5.0,0
2021,Málaga,8.0,0
2020,Segovia,10.0,0
2020,Murcia,7.0,0
2020,Segovia,4.0,0
2020,Ceuta,1.0,0
2019,Lugo,2.0,0
2021,Lleida,5.0,0
2026,Guadalajara,,0
2022,Córdoba,9.0,0
2023,Segovia,8.0,0
2022,Teruel,8.0,0
2024,Alicante,,0
2021,Guadalajara,1.0,0
2021,Lugo,7.0,0
2025,Islas Baleares,8.0,0
2025,Girona,10.0,0
2020,Sevilla,10.0,0
2019,Madrid,2.0,0
2021,Burgos,8.0,0
2021,Cádiz,1.0,0
2020,Badajoz,9.0,0
2022,Sevilla,8.0,0
2019,Santa Cruz de Tenerife,,0
2024,Álava,2.0,0
2022,Alicante,1.0,0
2022,Lugo,1.0,0
2026,Ciudad Real,3.0,0
2024,Vizcaya,8.0,0
2025,Palencia,3.0,0
2024,Soria,1.0,0
2025,Cantabria,10.0,0
2023,Albacete,7.0,0
2021,Melilla,8.0,0
2024,Lugo,4.0,0
2025,Lleida,2.0,0
2021,Badajoz,10.0,0
2022,Islas Baleares,6.0,0
2022,Segovia,8.0,0
2021,Jaén,4.0,0
2021,Lleida,,0
2020,Cuenca,9.0,0
2021,Lugo,1.0,0
2019,Ávila,8.0,0
2020,Badajoz,5.0,0
2023,Granada,,0
2025,Salamanca,7.0,0
2025,Álava,,0
2024,Guadalajara,9.0,0
2023,La Rioja,2.0,0
2019,Sevilla,8.0,0
2024,Segovia,,0
2024,Alicante,2.0,0
2021,Valladolid,1.0,0
2026,Álava,6.0,0
2023,Málaga,2.0,0
2025,Jaén,5.0,0
2025,Vizcaya,,0
2022,Tarragona,5.0,0
2025,Zamora,,0
2023,Soria,10.0,0
2025,Ávila,7.0,0
2023,Santa Cruz de Tenerife,9.0,0
2020,Huelva,1.0,0
2026,Pontevedra,9.0,0
2021,Pontevedra,10.0,0
2024,Toledo,,0
2022,Asturias,1.0,0
2024,Álava,7.0,0
2022,Lleida,,0
2019,Orense,7.0,0
2019,Segovia,,0
2022,Salamanca,7.0,0
2020,Tarragona,10.0,0
2022,Lugo,6.0,0
2021,La Rioja,9.0,0
2024,Murcia,,0
2021,Ávila,,0
2020,Toledo,8.0,0
2022,Ávila,,0
2024,León,9.0,0
2023,Salamanca,7.0,0
2022,Vizcaya,9.0,0
2020,Jaén,,0
2022,Cuenca,,0
2025,Guipúzcoa,1.0,0
2021,Navarra,,0
2019,Toledo,10.0,0
2024,Jaén,5.0,0
2020,Tarragona,7.0,0
2024,La Coruña,1.0,0
2023,La Coruña,9.0,0
2020,Valencia,7.0,0
2023,Cantabria,6.0,0
2019,Almería,,0
2022,Granada,3.0,0
2022,Lleida,10.0,0
2025,Melilla,9.0,0
2022,Segovia,7.0,0
2026,Cuenca,3.0,0
2024,Ávila,3.0,0
2022,Albacete,3.0,0
2020,Ceuta,1.0,0
2021,Orense,6.0,0
2021,Madrid,6.0,0
2019,Lleida,4.0,0
2024,Lugo,8.0,0
2019,Jaén,4.0,0
2020,Orense,3.0,0
2025,Palencia,8.0,0
2024,Murcia,9.0,0
2021,Soria,,0
2019,Badajoz,2.0,0
2025,Ciudad Real,,0
2022,Salamanca,,0
2019,Córdoba,4.0,0
2023,La Rioja,4.0,0
2025,La Coruña,7.0,0
2022,Las Palmas,3.0,0
2025,Castellón,,0
2025,Lleida,1.0,0
2022,Álava,6.0,0
2025,Burgos,5.0,0
2021,Ávila,2.0,0
2023,Teruel,9.0,0
2022,Badajoz,,0
2024,Teruel,8.0,0
2022,Burgos,10.0,0
2023,Badajoz,8.0,0
2020,Segovia,2.0,0
2022,Girona,8.0,0
2020,Zamora,8.0,0
2020,Huesca,10.0,0
2024,Badajoz,4.0,0
2024,Huelva,,0
2019,Granada,10.0,0
2024,Málaga,7.0,0
2025,Lleida,5.0,0
2019,Toledo,,0
2025,Cuenca,2.0,0
2020,Cáceres,5.0,0
2024,Albacete,,0
2021,Sevilla,7.0,0
2025,Córdoba,,0
2019,Álava,5.0,0
2025,Palencia,9.0,0
2021,Zaragoza,,0
2020,Ciudad Real,,0
2020,Girona,1.0,0
2022,Zaragoza,,0
2022,Navarra,1.0,0
2023,Córdoba,3.0,0
2021,Girona,,0
2025,Teruel,8.0,0
2020,Málaga,7.0,0
2022,Ávila,5.0,0
2019,Granada,3.0,0
2019,Lleida,3.0,0
2019,Córdoba,4.0,0
2020,Orense,5.0,0
2022,Las Palmas,5.0,0
2020,La Coruña,5.0,0
2021,Burgos,9.0,0
2019,Valladolid,5.0,0
2020,Ceuta,,0
2020,Segovia,5.0,0
2025,Jaén,5.0,0
2021,Santa Cruz de Tenerife,8.0,0
2020,Melilla,8.0,0
2024,Málaga,1.0,0
2022,Alicante,9.0,0
2020,Lleida,7.0,0
2020,Las Palmas,9.0,0
2020,Teruel,10.0,0
2020,Cuenca,10.0,0
2019,Vizcaya,,0
2021,Granada,6.0,0
2023,Toledo,2.0,0
2026,Jaén,2.0,0
2020,Almería,8.0,0
2020,Burgos,1.0,0
2022,Segovia,,0
2023,Badajoz,,0
2020,Ávila,10.0,0
2024,Asturias,1.0,0
2020,Soria,,0
2021,Granada,,0
2022,Valencia,6.0,0
2019,Badajoz,1.0,0
2019,Barcelona,,0
2023,Ciudad Real,3.0,0
2024,La Rioja,5.0,0
2022,Cantabria,4.0,0
2021,Lleida,6.0,0
2019,Jaén,9.0,0
2019,Pontevedra,,0
2023,Teruel,1.0,0
2020,Huelva,7.0,0
2022,Salamanca,3.0,0
2024,Toledo,1.0,0
2025,Cuenca,8.0,0
2022,Girona,3.0,0
2020,Huesca,,0
2025,Huesca,3.0,0
2026,Albacete,7.0,0
2020,Alicante,9.0,0
2022,Lleida,3.0,0
2019,Teruel,,0
2020,Castellón,3.0,0
2024,Navarra,10.0,0
2025,Cádiz,3.0,0
2023,Melilla,5.0,0
2020,La Coruña,8.0,0
2021,Santa Cruz de Tenerife,,0
2021,Lleida,4.0,0
2019,Islas Baleares,5.0,0
2019,Islas Baleares,2.0,0
2025,Navarra,8.0,0
2025,Ciudad Real,8.0,0
2021,Santa Cruz de Tenerife,10.0,0
2022,Tarragona,2.0,0
2019,Sevilla,3.0,0
2025,Girona,,0
2019,Cantabria,4.0,0
2022,Albacete,,0
2025,Tarragona,3.0,0
2024,Alicante,7.0,0
2024,Albacete,5.0,0
2022,Palencia,6.0,0
2022,Pontevedra,,0
2025,Zaragoza,3.0,0
2022,Huesca,3.0,0
2026,Valladolid,8.0,0
2021,Sevilla,7.0,0
2023,La Rioja,,0
2023,Álava,,0
2022,Badajoz,1.0,0
2022,Valladolid,5.0,0
2025,Soria,7.0,0
2019,Cantabria,10.0,0
2019,Pontevedra,4.0,0
2025,Orense,5.0,0
2019,Badajoz,1.0,0
2019,Pontevedra,2.0,0
2024,Salamanca,10.0,0
2020,Huesca,,0
2023,Lleida,8.0,0
2023,Almería,1.0,0
2024,Lleida,7.0,0
2025,Guipúzcoa,,0
2023,Barcelona,2.0,0
2025,León,7.0,0
2025,Lugo,9.0,0
2020,Toledo,4.0,0
2020,Guipúzcoa,8.0,0
2026,Toledo,4.0,0
2019,Huelva,1.0,0
2020,Almería,7.0,0
2024,Madrid,8.0,0
2019,Ciudad Real,7.0,0
2022,Las Palmas,3.0,0
2026,Ávila,,0
2023,Granada,5.0,0
2019,Girona,2.0,0
2022,Cáceres,9.0,0
2021,Ceuta,9.0,0
2023,Ciudad Real,9.0,0
2023,Cádiz,9.0,0
2024,Pontevedra,4.0,0
2022,Segovia,2.0,0
2020,Murcia,1.0,0
2025,Granada,10.0,0
2021,Vizcaya,,0
2024,Burgos,7.0,0
2019,Girona,3.0,0
2024,Vizcaya,6.0,0
2021,Jaén,1.0,0
2022,La Coruña,10.0,0
2022,Palencia,1.0,0
2020,Asturias,2.0,0
2026,Palencia,,0
2019,Toledo,9.0,0
2023,Melilla,1.0,0
2025,Almería,4.0,0
2019,Santa Cruz de Tenerife,8.0,0
2021,Pontevedra,10.0,0
2026,Albacete,,0
2023,Huesca,4.0,0
2019,Zamora,5.0,0
2023,Guadalajara,8.0,0
2021,Asturias,1.0,0
2026,Álava,7.0,0
2021,Huesca,1.0,0
2022,Guipúzcoa,7.0,0
2026,Ávila,2.0,0
2023,Burgos,9.0,0
2022,Zaragoza,5.0,0
2021,Melilla,8.0,0
2024,Lleida,,0
2025,Guipúzcoa,3.0,0
2023,Salamanca,5.0,0
2021,Madrid,6.0,0
2024,Lugo,2.0,0
2024,Toledo,9.0,0
2022,Islas Baleares,5.0,0
2024,Ciudad Real,5.0,0
2022,Alicante,,0
2023,Málaga,5.0,0
2020,Valladolid,,0
2024,Ceuta,5.0,0
2023,Orense,8.0,0
2019,Jaén,10.0,0
2020,Salamanca,5.0,0
2024,Santa Cruz de Tenerife,8.0,0
2021,Madrid,4.0,0
2024,Guadalajara,,0
2022,Barcelona,,0
2023,Orense,6.0,0
2025,La Coruña,2.0,0
2025,Valencia,,0
2022,Badajoz,,0
2023,Albacete,,0
2023,Huelva,7.0,0
2021,Lugo,,0
2023,Asturias,6.0,0
2024,Lleida,6.0,0
2023,Teruel,3.0,0
2023,Zaragoza,1.0,0
2019,León,1.0,0
2026,Cádiz,9.0,0
2026,Barcelona,7.0,0
2019,Madrid,10.0,0
2025,Navarra,2.0,0
2022,Tarragona,10.0,0
2024,Girona,6.0,0
2026,Ávila,,0
2025,La Rioja,4.0,0
2024,Málaga,9.0,0
2019,Las Palmas,6.0,0
2022,Lleida,6.0,0
2019,Alicante,6.0,0
2025,Toledo,,0
2023,Málaga,6.0,0
2022,Granada,6.0,0
2023,Cuenca,7.0,0
2020,Girona,6.0,0
2026,Huesca,7.0,0
2019,Jaén,2.0,0
2021,Guadalajara,9.0,0
2025,Huesca,5.0,0
2022,León,3.0,0
2024,Albacete,6.0,0
2023,Islas Baleares,9.0,0
2021,Burgos,9.0,0
2023,Soria,,0
2025,Valencia,9.0,0
2025,Barcelona,,0
2024,Ciudad Real,7.0,0
2025,Ávila,8.0,0
2023,Cádiz,8.0,0
2024,Badajoz,3.0,0
2022,Zaragoza,,0
2019,Ceuta,,0
2024,Barcelona,4.0,0
2019,Ceuta,7.0,0
2021,Burgos,4.0,0
2019,Cáceres,9.0,0
2023,Navarra,2.0,0
2024,Toledo,4.0,0
2023,Cantabria,,0
2023,Teruel,10.0,0
2021,Girona,4.0,0
2025,Málaga,10.0,0
2024,Santa Cruz de Tenerife,1.0,0
2021,Málaga,10.0,0
2023,Guipúzcoa,9.0,0
2022,Albacete,6.0,0
2019,Santa Cruz de Tenerife,5.0,0
2021,Navarra,,0
2023,Ciudad Real,5.0,0
2023,Valladolid,8.0,0
2024,Ceuta,10.0,0
2023,Sevilla,8.0,0
2019,Zaragoza,,0
2024,Tarragona,4.0,0
2021,Albacete,9.0,0
2019,Alicante,,0
2019,Ávila,,0
2020,Murcia,9.0,0
2020,Girona,5.0,0
2024,Melilla,,0
2020,Huelva,10.0,0
2019,Alicante,9.0,0
2019,Santa Cruz de Tenerife,6.0,0
2025,Vizcaya,5.0,0
2020,Córdoba,4.0,0
2023,Guipúzcoa,4.0,0
2021,Asturias,,0
2021,Valladolid,,0
2025,Segovia,,0
2019,Castellón,2.0,0
2025,Ceuta,3.0,0
2021,Asturias,8.0,0
2023,Lugo,,0
2021,Albacete,1.0,0
2026,Murcia,1.0,0
2023,Almería,7.0,0
2023,Cádiz,5.0,0
2023,Almería,10.0,0
2022,Ciudad Real,3.0,0
2025,Islas Baleares,1.0,0
2023,Burgos,6.0,0
2022,Teruel,,0
2024,Almería,4.0,0
2022,Salamanca,8.0,0
2022,Girona,6.0,0
2019,Badajoz,8.0,0
2022,Las Palmas,2.0,0
2022,Sevilla,3.0,0
2025,Las Palmas,10.0,0
2019,Segovia,1.0,0
2023,Santa Cruz de Tenerife,4.0,0
2023,Cantabria,10.0,0
2023,Salamanca,6.0,0
2019,Ciudad Real,6.0,0
2025,Castellón,5.0,0
2019,Granada,4.0,0
2023,Ceuta,8.0,0
2023,La Coruña,9.0,0
2022,Toledo,4.0,0
2022,Málaga,3.0,0
2026,Madrid,3.0,0
2020,Navarra,9.0,0
2025,Teruel,3.0,0
2023,Córdoba,3.0,0
2024,Islas Baleares,3.0,0
2021,Zamora,6.0,0
2025,Girona,10.0,0
2023,Jaén,4.0,0
2024,Álava,5.0,0
2023,La Rioja,1.0,0
2021,Pontevedra,4.0,0
2020,Cuenca,2.0,0
2022,Santa Cruz de Tenerife,9.0,0
2019,Lleida,7.0,0
2020,Zaragoza,,0
2019,Asturias,6.0,0
2021,Madrid,4.0,0
2022,Valencia,7.0,0
2023,León,5.0,0
2026,Vizcaya,6.0,0
2023,Lugo,5.0,0
2020,Guadalajara,9.0,0
2023,Cuenca,3.0,0
2020,Ciudad Real,3.0,0
2021,Castellón,,0
2020,Cuenca,8.0,0
2024,Navarra,,0
2023,Valencia,1.0,0
2021,Córdoba,2.0,0
2019,Tarragona,,0
2019,Toledo,8.0,0
2020,Huelva,3.0,0
2020,Islas Baleares,5.0,0
2025,Albacete,8.0,0
2022,Lleida,8.0,0
2021,Asturias,7.0,0
2023,Teruel,1.0,0
2021,Santa Cruz de Tenerife,3.0,0
2025,Navarra,6.0,0
2023,Girona,4.0,0
2021,Castellón,,0
2020,Burgos,9.0,0
2024,Las Palmas,4.0,0
2020,Castellón,2.0,0
2026,Pontevedra,6.0,0
2022,Valencia,,0
2022,Barcelona,10.0,0
2021,Murcia,,0
2026,Cantabria,8.0,0
2024,Álava,2.0,0
2025,León,10.0,0
2020,Lleida,7.0,0
2025,Zaragoza,1.0,0
2024,Huelva,2.0,0
2025,Ceuta,4.0,0
2020,Santa Cruz de Tenerife,7.0,0
2020,Navarra,,0
2020,Asturias,5.0,0
2022,Santa Cruz de Tenerife,6.0,0
2025,Soria,9.0,0
2026,Ciudad Real,3.0,0
2021,Jaén,3.0,0
2022,Santa Cruz de Tenerife,8.0,0
2019,Cáceres,6.0,0
2026,Navarra,1.0,0
2021,Vizcaya,10.0,0
2025,Cantabria,5.0,0
2021,Ávila,3.0,0
2025,Valencia,1.0,0
2024,Lleida,8.0,0
2021,Lleida,5.0,0
2023,Santa Cruz de Tenerife,5.0,0
2024,Palencia,1.0,0
2025,Cuenca,10.0,0
2023,Las Palmas,2.0,0
2022,Cuenca,3.0,0
2023,Ciudad Real,3.0,0
2023,La Rioja,5.0,0
2021,Madrid,,0
2024,Murcia,1.0,0
2023,Salamanca,8.0,0
2024,Santa Cruz de Tenerife,2.0,0
2020,León,6.0,0
2021,Valencia,,0
2022,Álava,9.0,0
2023,Jaén,2.0,0
2019,Ceuta,,0
2019,Castellón,,0
2025,Burgos,,0
2019,Granada,9.0,0
2022,Murcia,7.0,0
2026,Soria,9.0,0
2019,Córdoba,,0
2024,Alicante,,0
2024,Toledo,,0
2026,León,,0
2020,Badajoz,6.0,0
2025,Navarra,8.0,0
2020,Barcelona,1.0,0
2025,Zamora,1.0,0
2019,Palencia,,0
2021,Guipúzcoa,5.0,0
2021,Cáceres,7.0,0
2022,La Coruña,2.0,0
2026,Burgos,5.0,0
2019,Segovia,5.0,0
2019,Cantabria,,0
2020,Palencia,,0
2025,Asturias,7.0,0
2019,Navarra,4.0,0
2019,Córdoba,7.0,0
2019,Islas Baleares,7.0,0
2025,Cantabria,5.0,0
2025,Álava,6.0,0
2025,Vizcaya,,0
2019,Málaga,4.0,0
2025,Zamora,6.0,0
2021,Guipúzcoa,10.0,0
2023,Zamora,10.0,0
2021,Girona,2.0,0
2022,Alicante,5.0,0
2020,Cádiz,6.0,0
2021,Álava,2.0,0
2022,Guadalajara,6.0,0
2023,Ciudad Real,8.0,0
2023,La Coruña,9.0,0
2023,Segovia,7.0,0
2024,Álava,8.0,0
2022,Almería,,0
2020,Tarragona,4.0,0
2024,Islas Baleares,3.0,0
2023,Girona,3.0,0
2019,Cuenca,2.0,0
2026,Vizcaya,,0
2021,Valladolid,,0
2019,Santa Cruz de Tenerife,6.0,0
2022,Cantabria,9.0,0
2023,Alicante,7.0,0
2022,Burgos,10.0,0
2019,Granada,6.0,0
2021,Santa Cruz de Tenerife,8.0,0
2024,Salamanca,2.0,0
2019,Lugo,1.0,0
2025,Girona,9.0,0
2021,Las Palmas,5.0,0
2019,Granada,10.0,0
2020,Cantabria,7.0,0
2019,Soria,8.0,0
2019,Islas Baleares,3.0,0
2024,Cádiz,4.0,0
2020,Guipúzcoa,8.0,0
2025,Castellón,,0
2019,Salamanca,,0
2025,Santa Cruz de Tenerife,7.0,0
2023,La Coruña,3.0,0
2020,Cantabria,,0
2023,Almería,4.0,0
2021,Teruel,5.0,0
2019,Lleida,3.0,0
2025,Girona,7.0,0
2019,Ciudad Real,6.0,0
2021,Girona,3.0,0
2026,Ciudad Real,9.0,0
2025,Girona,3.0,0
2025,Girona,8.0,0
2021,Valencia,9.0,0
2024,Almería,9.0,0
2024,Guadalajara,,0
2025,Almería,2.0,0
2023,Girona,8.0,0
2020,Ceuta,1.0,0
2024,Girona,8.0,0
2019,Cuenca,1.0,0
2025,Badajoz,3.0,0
2023,Las Palmas,4.0,0
2023,Santa Cruz de Tenerife,2.0,0
2021,Girona,9.0,0
2020,Islas Baleares,,0
2022,La Rioja,7.0,0
2020,Córdoba,5.0,0
2021,Navarra,4.0,0
2023,Álava,9.0,0
2025,Ávila,10.0,0
2022,Melilla,2.0,0
2021,Burgos,1.0,0
2021,Salamanca,4.0,0
2019,La Rioja,10.0,0
2023,Teruel,5.0,0
2022,Soria,1.0,0
2021,Guipúzcoa,1.0,0
2020,Segovia,,0
2024,Soria,,0
2026,Albacete,8.0,0
2025,Vizcaya,10.0,0
2022,Málaga,5.0,0
2025,Guipúzcoa,9.0,0
2023,Valencia,2.0,0
2025,Toledo,2.0,0
2021,Granada,3.0,0
2021,Alicante,4.0,0
2024,Huelva,3.0,0
2021,Córdoba,5.0,0
2023,Tarragona,10.0,0
2022,Murcia,2.0,0
2023,Alicante,,0
2023,Albacete,5.0,0
2021,Huesca,2.0,0
2026,Islas Baleares,4.0,0
2020,Córdoba,3.0,0
2024,Huelva,9.0,0
2020,Toledo,2.0,0
2025,Salamanca,8.0,0
2024,Melilla,,0
2021,Cantabria,5.0,0
2019,La Rioja,,0
2019,La Rioja,10.0,0
2024,Guipúzcoa,8.0,0
2019,Badajoz,2.0,0
2022,Vizcaya,2.0,0
2023,Cádiz,7.0,0
2023,Murcia,1.0,0
2023,La Rioja,5.0,0
2022,Tarragona,2.0,0
2021,Melilla,3.0,0
2025,Orense,,0
2024,Cuenca,,0
2021,Pontevedra,9.0,0
2024,Castellón,3.0,0
2020,Valencia,,0
2022,Teruel,4.0,0
2026,León,1.0,0
2023,Las Palmas,6.0,0
2022,Badajoz,5.0,0
2026,Burgos,4.0,0
2020,Málaga,,0
2026,Álava,4.0,0
2024,Granada,3.0,0
2022,León,2.0,0
2023,Girona,9.0,0
2025,Lleida,9.0,0
2019,Ceuta,9.0,0
2025,Huesca,7.0,0
2023,Murcia,5.0,0
2023,Granada,8.0,0
2022,Castellón,7.0,0
2020,Lugo,,0
2023,Sevilla,8.0,0
2024,Palencia,,0
2025,Girona,7.0,0
2019,Zamora,2.0,0
2023,Barcelona,7.0,0
2022,Zaragoza,1.0,0
2025,Lleida,6.0,0
2023,Cádiz,9.0,0
2019,Castellón,8.0,0
2023,Ciudad Real,6.0,0
2024,Cádiz,3.0,0
2021,Toledo,3.0,0
2025,Granada,2.0,0
2019,Castellón,5.0,0
2020,Cáceres,3.0,0
2025,Lleida,3.0,0
2023,Cáceres,1.0,0
2023,La Coruña,7.0,0
2025,Jaén,4.0,0
2023,Cantabria,5.0,0
2022,Segovia,6.0,0
2022,Segovia,,0
2024,Santa Cruz de Tenerife,3.0,0
2020,Santa Cruz de Tenerife,4.0,0
2025,La Coruña,6.0,0
2026,Palencia,,0
2021,Ávila,4.0,0
2023,Álava,10.0,0
2025,La Rioja,7.0,0
2020,Teruel,,0
2025,Orense,6.0,0
2020,Castellón,7.0,0
2020,Salamanca,,0
2023,La Coruña,10.0,0
2025,Palencia,2.0,0
2020,Palencia,9.0,0
2025,Santa Cruz de Tenerife,4.0,0
2021,Córdoba,6.0,0
2023,Córdoba,,0
2021,Valladolid,10.0,0
2024,Cáceres,4.0,0
2019,Cáceres,8.0,0
2023,Málaga,9.0,0
2019,Málaga,9.0,0
2019,Sevilla,5.0,0
2023,Valladolid,5.0,0
2026,Álava,,0
2020,Almería,8.0,0
2025,Soria,10.0,0
2024,Guipúzcoa,6.0,0
2023,La Coruña,5.0,0
2025,Badajoz,7.0,0
2025,Soria,1.0,0
2020,Córdoba,,0
2020,Navarra,8.0,0
2022,Lugo,5.0,0
2023,Guipúzcoa,4.0,0
2022,Huesca,,0
2023,Zamora,8.0,0
2022,Lugo,3.0,0
2023,Ciudad Real,3.0,0
2021,Alicante,3.0,0
2022,Álava,,0
2020,Badajoz,,0
2023,Cuenca,9.0,0
2020,Valencia,4.0,0
2024,Lleida,2.0,0
2020,Ávila,5.0,0
2019,Asturias,6.0,0
2019,Badajoz,5.0,0
2023,Ceuta,,0
2021,Lugo,3.0,0
2025,Zaragoza,2.0,0
2025,La Rioja,,0
2023,Ciudad Real,2.0,0
2021,Lleida,,0
2020,Segovia,4.0,0
2022,Sevilla,,0
2025,Girona,,0
2022,Ávila,8.0,0
2019,Cáceres,9.0,0
2021,Tarragona,3.0,0
2025,Soria,8.0,0
2025,Melilla,5.0,0
2020,Girona,,0
2021,La Rioja,2.0,0
2020,Ávila,5.0,0
2023,Toledo,3.0,0
2023,Lugo,7.0,0
2019,La Rioja,2.0,0
2019,Soria,,0
2020,Palencia,,0
2019,Albacete,8.0,0
2019,Asturias,,0
2019,Barcelona,5.0,0
2023,León,8.0,0
2025,Málaga,4.0,0
2024,Albacete,1.0,0
2023,Cantabria,4.0,0
2023,Madrid,,0
2022,Badajoz,9.0,0
2020,Tarragona,9.0,0
2024,Huesca,5.0,0
2023,La Coruña,1.0,0
2023,Soria,8.0,0
2025,Albacete,1.0,0
2022,Guipúzcoa,10.0,0
2026,Guipúzcoa,2.0,0
2022,Vizcaya,,0
2021,Cáceres,4.0,0
2023,Valladolid,4.0,0
2024,Guadalajara,,0
2019,Islas Baleares,,0
2023,Palencia,8.0,0
2023,Valladolid,10.0,0
2022,Cantabria,5.0,0
2024,Badajoz,1.0,0
2022,Ávila,7.0,0
2022,Orense,,0
2025,Castellón,8.0,0
2021,Vizcaya,,0
2025,Huesca,6.0,0
2023,Cuenca,,0
2026,Álava,5.0,0
2023,Jaén,9.0,0
2025,Valladolid,1.0,0
2024,Soria,1.0,0
2025,Palencia,,0
2022,Álava,6.0,0
2021,Ciudad Real,,0
2024,Cantabria,6.0,0
2024,Córdoba,9.0,0
2023,Cantabria,,0
2021,Lleida,2.0,0
2019,Pontevedra,5.0,0
2020,Las Palmas,8.0,0
2025,León,10.0,0
2021,Albacete,6.0,0
2024,Álava,2.0,0
2020,Cáceres,,0
2020,Cantabria,6.0,0
2020,Córdoba,,0
2019,Huelva,,0
2020,Guadalajara,9.0,0
2023,Ávila,5.0,0
2024,Lleida,,0
2020,Cádiz,6.0,0
2019,Guadalajara,8.0,0
2019,Pontevedra,7.0,0
2024,Barcelona,6.0,0
2023,Badajoz,7.0,0
2021,Segovia,,0
2025,Melilla,9.0,0
2022,Teruel,7.0,0
2021,Córdoba,6.0,0
2025,Cantabria,6.0,0
2019,Lugo,5.0,0
2023,Ciudad Real,6.0,0
2025,Badajoz,,0
2025,Girona,1.0,0
2022,Cantabria,8.0,0
2025,Pontevedra,,0
2021,Zaragoza,,0
2023,Huelva,,0
2025,Santa Cruz de Tenerife,7.0,0
2023,Almería,,0
2020,Pontevedra,9.0,0
2023,Álava,,0
2021,Lleida,,0
2022,Ávila,9.0,0
2019,La Rioja,,0
2022,Barcelona,10.0,0
2022,Sevilla,10.0,0
2019,Alicante,7.0,0
2021,Orense,6.0,0
2024,Ciudad Real,7.0,0
2019,Valencia,,0
2024,Girona,4.0,0
2021,Cádiz,2.0,0
2020,Santa Cruz de Tenerife,7.0,0
2019,Tarragona,7.0,0
2024,Murcia,1.0,0
2024,Zamora,7.0,0
2023,La Rioja,9.0,0
2023,Cantabria,,0
2022,Valencia,9.0,0
2026,Barcelona,6.0,0
2019,León,9.0,0
2024,Ceuta,10.0,0
2022,Tarragona,6.0,0
2024,Sevilla,10.0,0
2021,Toledo,6.0,0
2021,Guadalajara,3.0,0
2025,Albacete,10.0,0
2021,Toledo,6.0,0
2023,Segovia,6.0,0
2023,Lugo,,0
2022,Granada,1.0,0
2019,Valladolid,10.0,0
2025,Pontevedra,2.0,0
2020,León,2.0,0
2024,Ávila,,0
2025,Guipúzcoa,,0
2022,Navarra,1.0,0
2019,Valladolid,3.0,0
2020,Madrid,5.0,0
2019,Vizcaya,6.0,0
2019,Cantabria,5.0,0
2021,Toledo,,0
2025,Pontevedra,7.0,0
2020,Lleida,10.0,0
2021,Teruel,8.0,0
2022,Cáceres,10.0,0
2021,Salamanca,1.0,0
2022,Burgos,9.0,0
2022,Pontevedra,10.0,0
2026,Pontevedra,8.0,0
2022,Valladolid,8.0,0
2021,Valencia,9.0,0
2020,León,9.0,0
2019,Girona,1.0,0
2024,Zaragoza,10.0,0
2024,Granada,8.0,0
2019,Melilla,8.0,0
2023,Cuenca,6.0,0
2022,Santa Cruz de Tenerife,7.0,0
2022,Guipúzcoa,2.0,0
2025,Ciudad Real,1.0,0
2019,Alicante,,0
2025,Almería,,0
2022,Cantabria,5.0,0
2024,Salamanca,1.0,0
2022,Islas Baleares,,0
2019,Cuenca,2.0,0
2024,Santa Cruz de Tenerife,3.0,0
2021,Zaragoza,1.0,0
2021,Granada,8.0,0
2023,Ávila,,0
2020,Cantabria,5.0,0
2020,Córdoba,4.0,0
2022,Murcia,4.0,0
2022,Zaragoza,,0
2023,Soria,,0
2023,Toledo,,0
2025,Albacete,2.0,0
2026,Valencia,6.0,0
2019,Ávila,7.0,0
2021,Islas Baleares,2.0,0
2019,Cuenca,7.0,0
2020,Albacete,9.0,0
2020,Teruel,8.0,0
2021,Badajoz,6.0,0
2024,Guadalajara,6.0,0
2019,Islas Baleares,3.0,0
2025,Málaga,10.0,0
2023,Ciudad Real,,0
2024,Sevilla,9.0,0
2023,Navarra,2.0,0
2023,Teruel,2.0,0
2019,Barcelona,5.0,0
2026,Girona,10.0,0
2022,Badajoz,,0
2024,Guipúzcoa,3.0,0
2023,Ciudad Real,7.0,0
2022,Tarragona,4.0,0
2024,Barcelona,,0
2020,Santa Cruz de Tenerife,1.0,0
2026,Santa Cruz de Tenerife,10.0,0
2021,Cádiz,5.0,0
2022,Teruel,,0
2023,Sevilla,7.0,0
2021,Jaén,2.0,0
2021,Lugo,9.0,0
2021,Santa Cruz de Tenerife,,0
2023,Asturias,10.0,0
2022,Murcia,,0
2019,Almería,4.0,0
2026,Girona,6.0,0
2025,Álava,,0
2024,Badajoz,,0
2026,Orense,9.0,0
2023,Teruel,6.0,0
2019,Murcia,4.0,0
2024,Navarra,,0
2024,Palencia,3.0,0
2022,Girona,5.0,0
2020,Lleida,5.0,0
2025,Huesca,9.0,0
2023,Orense,,0
2019,Ávila,1.0,0
2021,Valladolid,,0
2019,Asturias,5.0,0
2023,Melilla,8.0,0
2019,Soria,10.0,0
2024,Segovia,8.0,0
2022,Córdoba,3.0,0
2022,Castellón,10.0,0
2019,Albacete,6.0,0
2020,Huelva,8.0,0
2023,Santa Cruz de Tenerife,8.0,0
2021,Santa Cruz de Tenerife,8.0,0
2019,Barcelona,5.0,0
2025,Almería,6.0,0
2022,Pontevedra,9.0,0
2019,Pontevedra,,0
2023,Tarragona,4.0,0
2021,Granada,3.0,0
2024,La Coruña,,0
2024,Albacete,5.0,0
2022,Córdoba,9.0,0
2025,Córdoba,8.0,0
2024,Barcelona,5.0,0
2019,Sevilla,2.0,0
2022,Cantabria,7.0,0
2022,Melilla,2.0,0
2023,Valladolid,4.0,0
2021,Badajoz,10.0,0
2019,Cáceres,7.0,0
2019,León,10.0,0
2019,Badajoz,9.0,0
2019,Valladolid,2.0,0
2021,Madrid,,0
2026,Girona,,0
2019,Guadalajara,9.0,0
2026,Lleida,3.0,0
2024,Lleida,7.0,0
2021,Zamora,7.0,0
2021,Cuenca,3.0,0
2021,Alicante,9.0,0
2023,Huelva,9.0,0
2020,Teruel,8.0,0
2019,Asturias,1.0,0
2021,Badajoz,5.0,0
2023,Vizcaya,5.0,0
2023,Teruel,7.0,0
2025,Sevilla,1.0,0
2019,Melilla,1.0,0
2024,Jaén,4.0,0
2022,Navarra,9.0,0
2021,Tarragona,7.0,0
2024,Ciudad Real,,0
2022,Granada,1.0,0
2019,Almería,3.0,0
2024,Valencia,1.0,0
2023,Sevilla,,0
2023,Zamora,5.0,0
2023,Islas Baleares,9.0,0
2019,Ávila,10.0,0
2025,Asturias,6.0,0
2023,Las Palmas,9.0,0
2019,Guadalajara,4.0,0
2023,Almería,7.0,0
2022,Málaga,10.0,0
2020,Girona,,0
2024,Santa Cruz de Tenerife,7.0,0
2019,La Coruña,7.0,0
2022,Islas Baleares,,0
2025,Zamora,,0
2022,Lleida,5.0,0
2020,Murcia,7.0,0
2024,La Coruña,,0
2019,Burgos,2.0,0
2024,Ceuta,,0
2023,Castellón,,0
2023,Almería,2.0,0
2019,La Coruña,9.0,0
2022,Orense,6.0,0
2021,Girona,1.0,0
2020,Palencia,5.0,0
2019,Cádiz,6.0,0
2026,Murcia,3.0,0
2021,Cantabria,,0
2023,Granada,2.0,0
2025,Palencia,4.0,0
2023,Murcia,10.0,0
2021,Lleida,10.0,0
2022,Lleida,,0
2022,Girona,6.0,0
2026,Santa Cruz de Tenerife,4.0,0
2023,Jaén,4.0,0
2021,Huesca,8.0,0
2020,Cáceres,3.0,0
2025,Valencia,4.0,0
2023,Castellón,1.0,0
2025,Álava,4.0,0
2026,Toledo,4.0,0
2019,Valencia,7.0,0
2024,Cantabria,8.0,0
2024,Cádiz,9.0,0
2025,Valencia,,0
2020,Álava,10.0,0
2022,Sevilla,5.0,0
2023,Tarragona,1.0,0
2019,La Rioja,3.0,0
2019,Islas Baleares,,0
2026,Ciudad Real,8.0,0
2024,León,3.0,0
2019,Zaragoza,5.0,0
2023,Toledo,5.0,0
2023,Huesca,7.0,0
2021,Cantabria,2.0,0
2024,Barcelona,1.0,0
2026,Zaragoza,6.0,0
2021,Toledo,4.0,0
2025,Santa Cruz de Tenerife,5.0,0
2023,Pontevedra,10.0,0
2024,Soria,,0
2019,Madrid,1.0,0
2019,Palencia,,0
2019,Lleida,1.0,0
2023,Murcia,3.0,0
2022,Asturias,,0
2020,Cádiz,2.0,0
2021,Burgos,4.0,0
2024,Tarragona,10.0,0
2024,Huesca,4.0,0
2019,Huesca,,0
2021,Las Palmas,6.0,0
2020,Barcelona,2.0,0
2020,Asturias,5.0,0
2020,Zaragoza,,0
2023,Madrid,6.0,0
2021,Cuenca,7.0,0
2025,Ceuta,9.0,0
2025,Cádiz,,0
2022,Burgos,8.0,0
2021,Cáceres,4.0,0
2023,Cuenca,8.0,0
2021,Valladolid,7.0,0
2024,Barcelona,6.0,0
2020,Sevilla,4.0,0
2019,Albacete,,0
2023,Melilla,2.0,0
2019,Madrid,2.0,0
2022,Cádiz,,0
2026,Lleida,4.0,0
2019,Álava,9.0,0
2023,Girona,6.0,0
2023,Huesca,4.0,0
2020,Zamora,6.0,0
2023,Girona,6.0,0
2021,Lleida,9.0,0
2019,Castellón,5.0,0
2021,Orense,2.0,0
2023,Albacete,5.0,0
2021,Segovia,,0
2024,Badajoz,,0
2021,Las Palmas,4.0,0
2019,Navarra,4.0,0
2024,La Rioja,7.0,0
2020,Almería,1.0,0
2020,Madrid,1.0,0
2021,Teruel,2.0,0
2020,Segovia,9.0,0
2024,Lugo,,0
2021,Girona,3.0,0
2024,Santa Cruz de Tenerife,2.0,0
2020,Barcelona,5.0,0
2019,Girona,4.0,0
2025,Vizcaya,8.0,0
2021,Salamanca,,0
2024,Cantabria,4.0,0
2022,Guadalajara,4.0,0
2026,Salamanca,3.0,0
2022,Burgos,,0
2022,Castellón,,0
2023,Soria,7.0,0
2023,Palencia,7.0,0
2019,Zaragoza,6.0,0
2025,La Rioja,4.0,0
2019,Tarragona,2.0,0
2020,Valencia,4.0,0
2020,Ávila,8.0,0
2023,Pontevedra,2.0,0
2023,Melilla,6.0,0
2023,Granada,6.0,0
2023,Cantabria,2.0,0
2023,Guadalajara,6.0,0
2019,Girona,4.0,0
2021,León,10.0,0
2025,Ceuta,4.0,0
2019,Melilla,7.0,0
2021,Las Palmas,9.0,0
2020,Lleida,8.0,0
2024,Huesca,3.0,0
2024,Cáceres,9.0,0
2023,Zaragoza,,0
2020,Madrid,,0
2026,Ceuta,2.0,0
2020,Álava,,0
2023,Málaga,5.0,0
2023,Cádiz,10.0,0
2022,Islas Baleares,2.0,0
2023,Orense,3.0,0
2020,Sevilla,7.0,0
2026,Madrid,5.0,0
2022,Ceuta,1.0,0
2019,Burgos,7.0,0
2022,Guipúzcoa,8.0,0
2022,Cáceres,2.0,0
2024,Soria,10.0,0
2021,Córdoba,6.0,0
2025,Segovia,3.0,0
2023,Teruel,1.0,0
2020,Huelva,7.0,0
2024,Segovia,9.0,0
2020,Segovia,10.0,0
2021,Teruel,9.0,0
2021,Jaén,2.0,0
2021,Zamora,8.0,0
2019,Santa Cruz de Tenerife,4.0,0
2023,Asturias,2.0,0
2021,Granada,4.0,0
2021,Islas Baleares,,0
2025,Pontevedra,7.0,0
2024,Barcelona,,0
2026,La Rioja,1.0,0
2019,Guipúzcoa,8.0,0
2019,Álava,9.0,0
2022,Santa Cruz de Tenerife,10.0,0
2019,Melilla,8.0,0
2021,La Coruña,,0
2026,Soria,1.0,0
2025,Sevilla,3.0,0
2023,Lugo,5.0,0
2025,Ceuta,1.0,0
2023,Cantabria,,0
2024,Jaén,3.0,0
2019,Zamora,,0
2023,Jaén,5.0,0
2022,Burgos,,0
2024,Almería,8.0,0
2019,Cuenca,,0
2025,Álava,5.0,0
2019,Soria,,0
2019,Navarra,1.0,0
2025,Soria,8.0,0
2021,La Rioja,6.0,0
2022,Guadalajara,9.0,0
2023,Toledo,,0
2021,Sevilla,8.0,0
2026,Zaragoza,4.0,0
2023,Guadalajara,2.0,0
2025,Girona,1.0,0
2025,Zamora,5.0,0
2020,Pontevedra,10.0,0
2021,La Rioja,2.0,0
2019,Málaga,10.0,0
2021,Santa Cruz de Tenerife,,0
2024,Zaragoza,10.0,0
2020,Jaén,10.0,0
2024,Cuenca,,0
2024,Albacete,10.0,0
2022,Cuenca,5.0,0
2020,Toledo,5.0,0
2024,Salamanca,2.0,0
2019,Jaén,9.0,0
2021,Asturias,8.0,0
2021,Álava,8.0,0
2024,Soria,6.0,0
2019,Ceuta,9.0,0
2022,Castellón,,0
2019,Lugo,,0
2020,La Coruña,9.0,0
2019,Santa Cruz de Tenerife,,0
2025,Segovia,5.0,0
2022,Santa Cruz de Tenerife,8.0,0
2020,Girona,,0
2025,Granada,9.0,0
2021,Burgos,,0
2021,Huesca,,0
2021,Cádiz,2.0,0
2022,Las Palmas,9.0,0
2023,Santa Cruz de Tenerife,,0
2025,Asturias,,0
2020,Barcelona,1.0,0
2023,Murcia,6.0,0
2023,Ávila,3.0,0
2022,Cantabria,4.0,0
2022,Cádiz,1.0,0
2020,Salamanca,6.0,0
2025,Melilla,9.0,0
2019,Huelva,9.0,0
2020,Las Palmas,5.0,0
2021,Soria,10.0,0
2024,Zaragoza,1.0,0
2024,Navarra,9.0,0
2025,Huelva,10.0,0
2023,Segovia,8.0,0
2023,Cádiz,6.0,0
2020,Segovia,7.0,0
2020,Girona,,0
2023,Valencia,1.0,0
2024,Toledo,6.0,0
2019,Pontevedra,3.0,0
2019,Murcia,10.0,0
2025,Burgos,8.0,0
2023,Melilla,9.0,0
2020,Badajoz,8.0,0
2023,Burgos,9.0,0
2024,Toledo,9.0,0
2024,Palencia,4.0,0
2024,Soria,,0
2024,Teruel,8.0,0
2022,Palencia,7.0,0
2026,Toledo,,0
2023,Málaga,1.0,0
2020,Murcia,5.0,0
2025,Burgos,6.0,0
2021,Albacete,6.0,0
2025,Santa Cruz de Tenerife,4.0,0
2021,Guipúzcoa,6.0,0
2020,Burgos,,0
2020,Guipúzcoa,4.0,0
2025,Murcia,7.0,0
2021,Alicante,10.0,0
2024,Orense,4.0,0
2021,Cantabria,3.0,0
2025,Madrid,5.0,0
2021,Murcia,9.0,0
2023,Huelva,3.0,0
2024,Salamanca,3.0,0
2019,Soria,4.0,0
2026,Tarragona,8.0,0
2023,Islas Baleares,5.0,0
2025,Lugo,,0
2025,Zaragoza,,0
2026,Asturias,5.0,0
2019,Ávila,4.0,0
2020,Navarra,3.0,0
2019,Guipúzcoa,8.0,0
2024,Valencia,10.0,0
2019,Jaén,8.0,0
2023,Ávila,,0
2025,Santa Cruz de Tenerife,,0
2023,Alicante,2.0,0
2022,Girona,10.0,0
2019,Cáceres,8.0,0
2021,Badajoz,7.0,0
2019,Ciudad Real,,0
2019,Lleida,,0
2023,Santa Cruz de Tenerife,2.0,0
2019,Melilla,4.0,0
2023,Granada,9.0,0
2025,Cantabria,6.0,0
2023,Teruel,,0
2024,Santa Cruz de Tenerife,4.0,0
2022,Navarra,9.0,0
2023,Almería,9.0,0
2022,Córdoba,7.0,0
2024,Burgos,7.0,0
2025,Melilla,3.0,0
2022,León,9.0,0
2024,Girona,10.0,0
2019,Melilla,,0
2024,Cáceres,,0
2022,Melilla,,0
2020,Murcia,2.0,0
2025,Asturias,1.0,0
2022,Girona,,0
2026,Madrid,2.0,0
2022,Cantabria,9.0,0
2022,Toledo,6.0,0
2023,Las Palmas,,0
2020,Ciudad Real,9.0,0
2022,Murcia,2.0,0
2019,Salamanca,,0
2020,Salamanca,3.0,0
2024,Segovia,1.0,0
2021,Valencia,6.0,0
2025,Cádiz,9.0,0
2023,Álava,7.0,0
2019,Melilla,4.0,0
2024,Santa Cruz de Tenerife,5.0,0
2023,Palencia,5.0,0
2023,Huesca,,0
2024,Cuenca,9.0,0
2021,Santa Cruz de Tenerife,,0
2020,Guadalajara,4.0,0
2021,Málaga,1.0,0
2019,Pontevedra,4.0,0
2020,Badajoz,2.0,0
2020,La Coruña,4.0,0
2024,Cantabria,10.0,0
2021,Toledo,6.0,0
2022,La Coruña,8.0,0
2023,Madrid,2.0,0
2020,Lleida,5.0,0
2020,Islas Baleares,,0
2022,Vizcaya,9.0,0
2025,Guipúzcoa,,0
2021,Álava,8.0,0
2023,Asturias,2.0,0
2019,Pontevedra,,0
2019,Santa Cruz de Tenerife,8.0,0
2024,Guipúzcoa,6.0,0
2023,Badajoz,7.0,0
2024,Ceuta,5.0,0
2022,Lugo,5.0,0
2025,Ávila,,0
2023,Toledo,2.0,0
2019,Jaén,5.0,0
2019,Lleida,,0
2025,Santa Cruz de Tenerife,9.0,0
2020,Guadalajara,9.0,0
2023,Almería,6.0,0
2019,Vizcaya,8.0,0
2024,Zaragoza,3.0,0
2024,Granada,,0
2019,La Coruña,6.0,0
2023,Palencia,10.0,0
2019,Albacete,,0
2024,Toledo,,0
2025,Alicante,8.0,0
2021,Granada,10.0,0
2022,Almería,3.0,0
2024,Barcelona,4.0,0
2024,Guipúzcoa,,0
2019,Castellón,9.0,0
2026,Melilla,1.0,0
2021,Ciudad Real,1.0,0
2026,Cáceres,7.0,0
2019,La Coruña,7.0,0
2019,Girona,6.0,0
2023,León,,0
2025,Girona,2.0,0
2020,Cuenca,4.0,0
2022,Murcia,8.0,0
2023,Huesca,,0
2024,Cáceres,9.0,0
2020,Zamora,7.0,0
2021,Asturias,,0
2020,Vizcaya,,0
2022,Segovia,7.0,0
2025,Santa Cruz de Tenerife,2.0,0
2024,Huelva,3.0,0
2020,Orense,2.0,0
2024,Sevilla,9.0,0
2020,Alicante,5.0,0
2025,Málaga,5.0,0
2022,Ciudad Real,,0
2023,Madrid,2.0,0
2026,Pontevedra,4.0,0
2025,Murcia,4.0,0
2019,Jaén,,0
2020,León,1.0,0
2024,Asturias,1.0,0
2023,Islas Baleares,,0
2021,Lugo,2.0,0
2022,Badajoz,3.0,0
2024,Almería,6.0,0
2023,Málaga,1.0,0
2020,Zamora,9.0,0
2022,Teruel,,0
2022,Zamora,9.0,0
2020,Cuenca,9.0,0
2025,Badajoz,5.0,0
2025,Barcelona,4.0,0
2022,Santa Cruz de Tenerife,,0
2024,Cantabria,9.0,0
2022,Lugo,,0
2023,Sevilla,1.0,0
2023,Teruel,5.0,0
2019,Málaga,,0
2025,Toledo,7.0,0
2022,Segovia,8.0,0
2023,Guipúzcoa,3.0,0
2022,Castellón,9.0,0
2021,Tarragona,5.0,0
2021,La Coruña,6.0,0
2020,Córdoba,,0
2025,Navarra,,0
2019,Badajoz,6.0,0
2024,Valencia,3.0,0
2024,La Coruña,6.0,0
2022,Navarra,8.0,0
2024,Segovia,4.0,0
2024,Huelva,10.0,0
2019,Las Palmas,6.0,0
2020,Almería,3.0,0
2019,Murcia,6.0,0
2023,La Rioja,2.0,0
2021,Málaga,4.0,0
2019,Teruel,6.0,0
2022,Zamora,2.0,0
2022,Las Palmas,9.0,0
2023,Salamanca,4.0,0
2025,Santa Cruz de Tenerife,,0
2022,Las Palmas,1.0,0
2023,Palencia,4.0,0
2021,Ceuta,,0
2021,Palencia,,0
2022,Granada,2.0,0
2022,Valencia,10.0,0
2020,Almería,7.0,0
2023,Orense,2.0,0
2022,Orense,1.0,0
2026,Barcelona,,0
2019,La Coruña,,0
2022,Granada,1.0,0
2022,León,4.0,0
2022,Huelva,5.0,0
2022,Santa Cruz de Tenerife,,0
2024,Zaragoza,3.0,0
2021,Pontevedra,7.0,0
2021,León,,0
2022,Girona,7.0,0
2022,Cáceres,4.0,0
2023,La Rioja,6.0,0
2019,Almería,6.0,0
2021,Girona,1.0,0
2025,Santa Cruz de Tenerife,,0
2019,Cáceres,3.0,0
2021,Ávila,5.0,0
2025,Lleida,1.0,0
2022,Zaragoza,,0
2025,Navarra,6.0,0
2023,Girona,5.0,0
2024,Madrid,10.0,0
2020,Santa Cruz de Tenerife,4.0,0
2020,Orense,10.0,0
2020,Islas Baleares,2.0,0
2019,La Rioja,5.0,0
2019,Toledo,6.0,0
2026,Orense,2.0,0
2022,Navarra,1.0,0
2024,Cantabria,5.0,0
2019,Lugo,8.0,0
2023,Zaragoza,,0
2021,Lleida,,0
2024,Tarragona,6.0,0
2025,Guipúzcoa,10.0,0
2024,La Rioja,6.0,0
2023,Valencia,3.0,0
2022,Cáceres,6.0,0
2023,La Rioja,10.0,0
2020,Lugo,2.0,0
2023,Ávila,,0
2019,Salamanca,10.0,0
2022,Valladolid,7.0,0
2024,Almería,9.0,0
2021,Zaragoza,5.0,0
2023,Álava,6.0,0
2026,Las Palmas,,0
2021,Barcelona,5.0,0
2023,Cuenca,10.0,0
2024,Ciudad Real,7.0,0
2025,Cádiz,3.0,0
2019,Soria,6.0,0
2019,Segovia,5.0,0
2019,Madrid,6.0,0
2020,Badajoz,4.0,0
2020,Salamanca,,0
2024,Lleida,4.0,0
2023,Asturias,6.0,0
2026,Navarra,6.0,0
2022,Ciudad Real,4.0,0
2020,Tarragona,,0
2025,Málaga,,0
2024,Lugo,3.0,0
2024,Ávila,,0
2019,Lugo,,0
2025,Álava,5.0,0
2020,Sevilla,8.0,0
2019,Badajoz,10.0,0
2023,Madrid,,0
2020,Cádiz,2.0,0
2025,Ciudad Real,6.0,0
2020,La Rioja,4.0,0
2023,Santa Cruz de Tenerife,2.0,0
2026,Almería,8.0,0
2022,Castellón,4.0,0
2026,Álava,,0
2022,León,1.0,0
2026,Ávila,9.0,0
2025,Sevilla,9.0,0
2019,Toledo,,0
2020,Lleida,,0
2022,Zamora,4.0,0
2021,Ávila,6.0,0
2026,La Rioja,4.0,0
2020,Lleida,,0
2021,Ciudad Real,,0
2025,Lleida,10.0,0
2024,Burgos,2.0,0
2019,Zaragoza,1.0,0
2023,Melilla,9.0,0
2025,Las Palmas,7.0,0
2021,Cantabria,2.0,0
2022,Lleida,4.0,0
2025,León,9.0,0
2020,Córdoba,6.0,0
2019,Santa Cruz de Tenerife,,0
2021,Castellón,7.0,0
2019,Lugo,1.0,0
2025,Girona,5.0,0
2023,León,7.0,0
2020,Zamora,4.0,0
2021,Melilla,5.0,0
2022,Álava,,0
2022,Valladolid,10.0,0
2021,Ceuta,4.0,0
2025,Melilla,,0
2024,Asturias,10.0,0
2022,Castellón,1.0,0
2023,Santa Cruz de Tenerife,9.0,0
2022,Madrid,1.0,0
2022,Salamanca,7.0,0
2023,Huelva,,0
2021,La Coruña,9.0,0
2025,Navarra,6.0,0
2023,Lugo,8.0,0
2026,Teruel,10.0,0
2025,Álava,9.0,0
2019,Álava,4.0,0
2019,Sevilla,8.0,0
2022,La Coruña,3.0,0
2021,Barcelona,10.0,0
2024,Valladolid,2.0,0
2024,Cáceres,,0
2022,León,10.0,0
2022,Almería,3.0,0
2024,Tarragona,1.0,0
2022,Zamora,3.0,0
2022,Vizcaya,,0
2023,La Rioja,9.0,0
2020,Granada,5.0,0
2023,Málaga,5.0,0
2024,Girona,3.0,0
2024,Asturias,2.0,0
2023,La Rioja,6.0,0
2025,Teruel,4.0,0
2019,Granada,,0
2020,Murcia,4.0,0
2026,Sevilla,10.0,0
2022,Valladolid,,0
2022,Álava,2.0,0
2019,Vizcaya,,0
2025,León,8.0,0
2019,Córdoba,8.0,0
2020,Badajoz,4.0,0
2024,Burgos,10.0,0
2023,Castellón,10.0,0
2020,Ciudad Real,7.0,0
2025,Valladolid,6.0,0
2021,Vizcaya,8.0,0
2020,Granada,9.0,0
2025,Burgos,5.0,0
2024,Ceuta,5.0,0
2023,Huelva,6.0,0
2019,Burgos,6.0,0
2019,Zamora,3.0,0
2022,Santa Cruz de Tenerife,,0
2022,Alicante,,0
2019,Salamanca,9.0,0
2025,Pontevedra,7.0,0
2024,Burgos,,0
2021,Zamora,10.0,0
2023,Islas Baleares,4.0,0
2026,Castellón,9.0,0
2022,Cuenca,4.0,0
2021,Las Palmas,,0
2023,Málaga,8.0,0
2021,Lugo,6.0,0
2022,Sevilla,1.0,0
2024,Alicante,,0
2024,La Rioja,7.0,0
2024,Málaga,,0
2024,Alicante,4.0,0
2021,Cáceres,1.0,0
2023,Segovia,1.0,0
2020,Madrid,4.0,0
2019,Badajoz,4.0,0
2023,Granada,1.0,0
2020,Toledo,3.0,0
2023,Zaragoza,,0
2024,La Rioja,10.0,0
2020,Ceuta,7.0,0
2024,Melilla,9.0,0
2023,Orense,5.0,0
2024,Cantabria,4.0,0
2022,Girona,1.0,0
2025,Barcelona,8.0,0
2024,Álava,5.0,0
2022,Málaga,9.0,0
2019,Lleida,8.0,0
2020,Segovia,6.0,0
2023,Asturias,,0
2023,Valladolid,9.0,0
2022,Las Palmas,9.0,0
2019,Palencia,5.0,0
2023,Guadalajara,,0
2026,Guipúzcoa,2.0,0
2022,Málaga,,0
2020,Málaga,,0
2026,Álava,6.0,0
2019,Segovia,9.0,0
2025,Ceuta,9.0,0
2024,Navarra,8.0,0
2023,Badajoz,4.0,0
2019,Ávila,3.0,0
2021,Castellón,,0
2023,Huesca,8.0,0
2022,Navarra,1.0,0
2020,Asturias,8.0,0
2020,Málaga,6.0,0
2021,Valencia,5.0,0
2022,Barcelona,4.0,0
2023,León,5.0,0
2019,Alicante,6.0,0
2025,Lleida,8.0,0
2020,Ciudad Real,,0
2025,Lugo,1.0,0
2022,Cantabria,1.0,0
2022,Valencia,9.0,0
2026,Orense,,0
2024,Palencia,,0
2024,Las Palmas,2.0,0
2025,Tarragona,9.0,0
2020,Ciudad Real,4.0,0
2025,León,8.0,0
2023,Islas Baleares,8.0,0
2025,León,1.0,0
2020,Orense,6.0,0
2022,Ceuta,7.0,0
2022,Girona,,0
2023,Lleida,,0
2022,Huelva,,0
2020,Girona,3.0,0
2019,Sevilla,,0
2020,Zamora,7.0,0
2024,Tarragona,6.0,0
2022,Jaén,,0
2025,Las Palmas,9.0,0
2023,Santa Cruz de Tenerife,4.0,0
2019,Lugo,8.0,0
2019,Murcia,,0
2023,Sevilla,,0
2023,Asturias,10.0,0
2022,Islas Baleares,8.0,0
2022,Tarragona,,0
2025,Sevilla,1.0,0
2022,Valladolid,7.0,0
2023,Islas Baleares,9.0,0
2023,Guipúzcoa,,0
2024,Valladolid,4.0,0
2023,La Coruña,2.0,0
2019,Murcia,8.0,0
2025,Albacete,9.0,0
2019,Valencia,,0
2022,Málaga,6.0,0
2022,Orense,,0
2019,Girona,,0
2020,Teruel,2.0,0
2019,Ceuta,3.0,0
2022,Cádiz,,0
2019,Lleida,6.0,0
2024,Teruel,10.0,0
2024,Tarragona,8.0,0
2022,Zaragoza,8.0,0
2024,Granada,,0
2020,Segovia,,0
2021,Barcelona,6.0,0
2024,Ceuta,7.0,0
2026,Cáceres,1.0,0
2025,Álava,,0
2019,Cuenca,4.0,0
2023,Sevilla,8.0,0
2019,Girona,2.0,0
2019,Ciudad Real,1.0,0
2023,Pontevedra,4.0,0
2024,Lugo,3.0,0
2019,Navarra,3.0,0
2025,Girona,1.0,0
2023,Alicante,4.0,0
2019,Ávila,5.0,0
2023,Castellón,,0
2022,Girona,6.0,0
2020,Guadalajara,5.0,0
2024,Badajoz,,0
2021,Orense,,0
2019,Cuenca,,0
2024,Teruel,,0
2024,Burgos,9.0,0
2024,Castellón,,0
2023,Girona,7.0,0
2024,Burgos,4.0,0
2025,Alicante,8.0,0
2022,Navarra,7.0,0
2024,Álava,4.0,0
2021,Melilla,9.0,0
2020,Ceuta,9.0,0
2020,Teruel,,0
2025,Salamanca,5.0,0
2021,Huelva,,0
2022,La Rioja,9.0,0
2021,Teruel,,0
2020,Cantabria,6.0,0
2021,Cádiz,10.0,0
2021,Madrid,4.0,0
2026,Córdoba,5.0,0
2022,Asturias,1.0,0
2025,Zamora,8.0,0
2020,Teruel,4.0,0
2026,Lleida,5.0,0
2020,Sevilla,2.0,0
2019,Islas Baleares,,0
2020,Huesca,9.0,0
2020,Murcia,8.0,0
2019,Asturias,5.0,0
2021,Santa Cruz de Tenerife,2.0,0
2025,Lleida,2.0,0
2020,Álava,9.0,0
2025,Salamanca,2.0,0
2025,Santa Cruz de Tenerife,1.0,0
2021,Orense,5.0,0
2025,Zaragoza,1.0,0
2024,Valladolid,7.0,0
2026,Palencia,5.0,0
2025,Sevilla,6.0,0
2020,Huesca,6.0,0
2024,Madrid,7.0,0
2020,Ceuta,9.0,0
2022,Santa Cruz de Tenerife,2.0,0
2024,Santa Cruz de Tenerife,9.0,0
2025,Ciudad Real,,0
2023,Lleida,5.0,0
2019,Toledo,7.0,0
2021,Las Palmas,7.0,0
2021,Lleida,,0
2021,Jaén,8.0,0
2024,Málaga,,0
2023,Zaragoza,,0
2020,Cáceres,10.0,0
2025,Burgos,6.0,0
2019,Almería,1.0,0
2024,Soria,10.0,0
2023,Burgos,7.0,0
2021,Ciudad Real,6.0,0
2023,Orense,10.0,0
2019,Lleida,,0
2021,Alicante,,0
2025,Cáceres,6.0,0
2020,Huelva,6.0,0
2022,Barcelona,6.0,0
2019,Huesca,,0
2024,Lleida,2.0,0
2020,Segovia,6.0,0
2020,Melilla,,0
2021,León,6.0,0
2020,Granada,9.0,0
2020,Ceuta,5.0,0
2025,Burgos,10.0,0
2025,Albacete,1.0,0
2024,Burgos,9.0,0
2021,Cuenca,8.0,0
2021,Santa Cruz de Tenerife,9.0,0
2024,Córdoba,,0
2019,Murcia,8.0,0
2023,Almería,1.0,0
2023,Guadalajara,2.0,0
2025,Las Palmas,10.0,0
2025,Islas Baleares,5.0,0
2025,Sevilla,,0
2025,Jaén,4.0,0
2025,Orense,10.0,0
2021,Cuenca,5.0,0
2019,Ciudad Real,10.0,0
2020,Castellón,8.0,0
2023,Las Palmas,5.0,0
2019,Huelva,,0
2026,Cantabria,5.0,0
2021,Toledo,6.0,0
2019,Las Palmas,7.0,0
2022,Madrid,3.0,0
2020,Segovia,7.0,0
2023,Granada,8.0,0
2021,Jaén,1.0,0
2022,Barcelona,4.0,0
2024,Salamanca,6.0,0
2024,Las Palmas,,0
2024,Zaragoza,10.0,0
2020,Huelva,5.0,0
2021,Santa Cruz de Tenerife,,0
2023,Castellón,5.0,0
2024,Ávila,4.0,0
2021,Salamanca,,0
2020,Lleida,5.0,0
2026,Sevilla,3.0,0
2024,Melilla,2.0,0
2025,Murcia,3.0,0
2025,Jaén,5.0,0
2025,Huelva,6.0,0
2023,Salamanca,10.0,0
2023,Lleida,3.0,0
2020,Tarragona,9.0,0
2021,Burgos,,0
2025,Vizcaya,8.0,0
2023,Sevilla,10.0,0
2020,Vizcaya,1.0,0
2022,Lleida,3.0,0
2020,Zaragoza,2.0,0
2023,Cantabria,,0
2022,Albacete,10.0,0
2021,Tarragona,5.0,0
2022,Jaén,8.0,0
2022,Toledo,10.0,0
2019,Pontevedra,6.0,0
2025,Álava,5.0,0
2021,Albacete,2.0,0
2025,Santa Cruz de Tenerife,6.0,0
2024,Soria,6.0,0
2024,Zaragoza,1.0,0
2026,Burgos,3.0,0
2023,Almería,10.0,0
2023,Granada,9.0,0
2022,Segovia,6.0,0
2019,Córdoba,5.0,0
2019,Guadalajara,3.0,0
2026,Barcelona,9.0,0
2020,Castellón,3.0,0
2023,Cuenca,10.0,0
2025,Castellón,5.0,0
2024,Las Palmas,10.0,0
2022,Melilla,6.0,0
2019,Granada,4.0,0
2022,Córdoba,,0
2023,Santa Cruz de Tenerife,2.0,0
2024,Madrid,7.0,0
2025,Jaén,6.0,0
2019,Cádiz,9.0,0
2023,Ceuta,3.0,0
2021,Castellón,5.0,0
2021,La Coruña,,0
2020,Teruel,8.0,0
2024,Cantabria,3.0,0
2026,Girona,7.0,0
2025,Asturias,2.0,0
2023,Valencia,2.0,0
2023,Cantabria,6.0,0
2019,Murcia,8.0,0
2024,Zaragoza,7.0,0
2021,Cádiz,5.0,0
2023,Cuenca,10.0,0
2021,Cáceres,8.0,0
2022,Castellón,,0
2025,Zamora,10.0,0
2019,Burgos,1.0,0
2019,Ávila,2.0,0
2020,Alicante,4.0,0
2023,Valladolid,8.0,0
2020,Guadalajara,9.0,0
2021,Almería,,0
2024,La Rioja,,0
2025,Álava,3.0,0
2025,Álava,3.0,0
2021,Salamanca,6.0,0
2022,Valencia,9.0,0
2024,Albacete,10.0,0
2019,Almería,10.0,0
2022,Valencia,3.0,0
2023,Cantabria,8.0,0
2023,Guadalajara,,0
2020,Almería,4.0,0
2025,Badajoz,9.0,0
2023,Valencia,6.0,0
2024,Pontevedra,10.0,0
2021,Huelva,9.0,0
2021,Zamora,10.0,0
2023,Palencia,6.0,0
2023,Vizcaya,2.0,0
2023,Castellón,8.0,0
2026,Ávila,1.0,0
2019,La Rioja,2.0,0
2021,Toledo,5.0,0
2021,Córdoba,5.0,0
2023,Navarra,7.0,0
2021,Málaga,6.0,0
2022,Lugo,9.0,0
2019,Las Palmas,6.0,0
2025,Huesca,5.0,0
2025,Cádiz,,0
2021,Guipúzcoa,2.0,0
2025,Las Palmas,,0
2019,Navarra,1.0,0
2022,Albacete,8.0,0
2019,Tarragona,4.0,0
2025,Granada,9.0,0
2024,Málaga,,0
2022,Zamora,,0
2025,Jaén,9.0,0
2020,Vizcaya,1.0,0
2020,Girona,,0
2020,Álava,4.0,0
2020,Cantabria,,0
2022,Ciudad Real,6.0,0
2020,Lleida,,0
2020,Huelva,3.0,0
2021,Soria,,0
2021,Navarra,,0
2024,Madrid,7.0,0
2020,Albacete,10.0,0
2019,Madrid,4.0,0
2022,Madrid,2.0,0
2025,Segovia,3.0,0
2021,Islas Baleares,,0
2024,Islas Baleares,10.0,0
2025,Soria,7.0,0
2022,Zamora,4.0,0
2024,La Coruña,3.0,0
2022,Lleida,4.0,0
2019,Córdoba,,0
2022,Ceuta,,0
2019,Segovia,9.0,0
2019,Álava,10.0,0
2024,Jaén,7.0,0
2023,Santa Cruz de Tenerife,9.0,0
2024,Cuenca,3.0,0
2022,Cáceres,3.0,0
2019,La Rioja,2.0,0
2026,Lleida,1.0,0
2025,Murcia,4.0,0
2024,Valencia,,0
2019,Salamanca,5.0,0
2024,Teruel,4.0,0
2019,Badajoz,3.0,0
2019,Orense,10.0,0
2021,León,6.0,0
2025,Badajoz,4.0,0
2024,Ciudad Real,9.0,0
2025,Zamora,,0
2025,Guadalajara,5.0,0
2020,Cantabria,,0
2024,Alicante,10.0,0
2024,Sevilla,5.0,0
2020,Almería,9.0,0
2021,Murcia,9.0,0
2019,Segovia,6.0,0
2019,Huesca,2.0,0
2019,Álava,5.0,0
2019,Granada,4.0,0
2024,Guadalajara,,0
2020,Castellón,4.0,0
2023,Santa Cruz de Tenerife,10.0,0
2020,Santa Cruz de Tenerife,5.0,0
2020,Cuenca,,0
2024,Vizcaya,9.0,0
2020,Toledo,4.0,0
2022,Salamanca,2.0,0
2020,Santa Cruz de Tenerife,9.0,0
2023,Soria,8.0,0
2019,Asturias,,0
2025,Murcia,10.0,0
2025,Málaga,6.0,0
2024,Huelva,,0
2019,Lleida,7.0,0
2023,La Coruña,8.0,0
2019,Córdoba,3.0,0
2023,Ciudad Real,10.0,0
2022,Navarra,9.0,0
2019,Lleida,5.0,0
2024,Lugo,2.0,0
2023,Cádiz,9.0,0
2026,Sevilla,3.0,0
2021,Cantabria,,0
2019,Segovia,,0
2026,Sevilla,,0
2023,Murcia,8.0,0
2024,Ceuta,10.0,0
2024,Valencia,8.0,0
2024,La Rioja,4.0,0
2020,Lugo,2.0,0
2020,Girona,9.0,0
2025,Toledo,2.0,0
2023,Santa Cruz de Tenerife,10.0,0
2022,Soria,7.0,0
2021,Teruel,10.0,0
2026,Málaga,10.0,0
2021,La Coruña,10.0,0
2024,Lleida,8.0,0
2022,Burgos,7.0,0
2025,Cuenca,5.0,0
2026,La Rioja,1.0,0
2025,Girona,1.0,0
2026,Ciudad Real,6.0,0
2023,Albacete,,0
2019,Lleida,,0
2022,Islas Baleares,10.0,0
2023,Santa Cruz de Tenerife,9.0,0
2020,Tarragona,9.0,0
2025,Guipúzcoa,9.0,0
2022,Cuenca,4.0,0
2022,Cáceres,2.0,0
2023,Orense,,0
2026,Navarra,7.0,0
2023,León,6.0,0
2025,Navarra,7.0,0
2021,Pontevedra,6.0,0
2020,Teruel,6.0,0
2020,Soria,9.0,0
2019,Cuenca,,0
2025,Valencia,10.0,0
2020,Las Palmas,2.0,0
2025,Soria,2.0,0
2019,Málaga,2.0,0
2023,Asturias,6.0,0
2022,Ceuta,10.0,0
2020,Álava,8.0,0
2022,Girona,,0
2024,Ávila,1.0,0
2024,Orense,10.0,0
2024,Córdoba,10.0,0
2024,Huesca,5.0,0
2024,Teruel,2.0,0
2019,Navarra,1.0,0
2023,Pontevedra,6.0,0
2025,Navarra,9.0,0
2021,Lleida,9.0,0
2025,Teruel,4.0,0
2021,León,5.0,0
2023,Lugo,,0
2024,Guadalajara,8.0,0
2025,Burgos,3.0,0
2022,Córdoba,4.0,0
2023,Albacete,1.0,0
2022,Cáceres,8.0,0
2020,Santa Cruz de Tenerife,4.0,0
2020,Cuenca,10.0,0
2023,Salamanca,2.0,0
2022,Ciudad Real,4.0,0
2023,Las Palmas,9.0,0
2020,Huesca,,0
2026,Lleida,1.0,0
2020,Lugo,4.0,0
2019,Albacete,9.0,0
2022,Jaén,4.0,0
2021,Cuenca,2.0,0
2021,La Coruña,5.0,0
2020,Badajoz,9.0,0
2024,La Coruña,1.0,0
2025,Huesca,,0
2021,León,,0
2019,Burgos,10.0,0
2024,Lleida,10.0,0
2022,Santa Cruz de Tenerife,1.0,0
2024,Valladolid,,0
2021,Valladolid,3.0,0
2019,Vizcaya,,0
2024,Toledo,10.0,0
2021,Cantabria,7.0,0
2025,Orense,6.0,0
2021,Toledo,1.0,0
2021,Alicante,3.0,0
2019,Toledo,6.0,0
2019,Santa Cruz de Tenerife,6.0,0
2025,Jaén,9.0,0
2023,Valencia,4.0,0
2023,Almería,4.0,0
2020,Burgos,9.0,0
2023,Tarragona,3.0,0
2021,Burgos,,0
2022,Madrid,10.0,0
2020,Las Palmas,3.0,0
2025,Palencia,7.0,0
2024,Barcelona,3.0,0
2019,Jaén,5.0,0
2024,Valencia,,0
2020,Madrid,2.0,0
2024,Badajoz,,0
2020,Ceuta,5.0,0
2023,Santa Cruz de Tenerife,3.0,0
2019,Valencia,10.0,0
2020,Guipúzcoa,5.0,0
2023,Alicante,,0
2022,Badajoz,,0
2023,Sevilla,8.0,0
2024,Palencia,2.0,0
2025,Castellón,,0
2019,Madrid,1.0,0
2025,Girona,3.0,0
2026,Zamora,4.0,0
2022,Sevilla,4.0,0
2022,Lleida,3.0,0
2024,Zaragoza,,0
2022,Teruel,10.0,0
2023,Burgos,3.0,0
2021,Huesca,5.0,0
2022,Las Palmas,6.0,0
2019,Huelva,,0
2023,Alicante,10.0,0
2023,Álava,,0
2025,Córdoba,9.0,0
2020,Palencia,1.0,0
2019,Lleida,7.0,0
2020,Albacete,,0
2020,Burgos,5.0,0
2022,Islas Baleares,4.0,0
2019,Valencia,3.0,0
2024,Burgos,7.0,0
2023,Las Palmas,4.0,0
2024,Valladolid,3.0,0
2022,La Rioja,5.0,0
2025,Sevilla,,0
2025,La Rioja,7.0,0
2019,Zamora,,0
2021,La Coruña,10.0,0
2025,Ceuta,6.0,0
2025,Segovia,9.0,0
2021,Huesca,6.0,0
2024,Zaragoza,,0
2019,Pontevedra,,0
2026,Ciudad Real,1.0,0
2023,Soria,9.0,0
2025,Melilla,3.0,0
2020,Huelva,4.0,0
2022,Albacete,4.0,0
2026,Almería,,0
2024,Barcelona,1.0,0
2020,Lugo,5.0,0
2026,Huelva,2.0,0
2022,Cantabria,5.0,0
2022,Valencia,3.0,0
2021,Melilla,4.0,0
2020,Albacete,7.0,0
2019,Álava,,0
2020,Navarra,5.0,0
2026,Girona,,0
2024,Cuenca,,0
2025,Jaén,7.0,0
2022,Cantabria,9.0,0
2025,Melilla,2.0,0
2021,Lleida,,0
2025,Barcelona,2.0,0
2023,Teruel,7.0,0
2022,Castellón,,0
2022,Lleida,4.0,0
2023,La Rioja,5.0,0
2024,Orense,,0
2019,Cádiz,,0
2025,Asturias,,0
2020,Melilla,,0
2026,Cuenca,1.0,0
2021,Valencia,,0
2025,La Coruña,1.0,0
2020,Jaén,6.0,0
2024,Cuenca,10.0,0
2024,León,1.0,0
2022,Toledo,8.0,0
2020,Palencia,3.0,0
2025,Málaga,2.0,0
2022,Sevilla,3.0,0
2021,Salamanca,,0
2024,Valencia,4.0,0
2021,Cuenca,6.0,0
2019,Palencia,2.0,0
2024,Soria,8.0,0
2022,Las Palmas,2.0,0
2020,Ávila,4.0,0
2019,Cantabria,1.0,0
2019,Guadalajara,6.0,0
2026,Sevilla,9.0,0
2026,Valencia,4.0,0
2020,Castellón,6.0,0
2025,Madrid,4.0,0
2019,La Coruña,,0
2019,Cuenca,3.0,0
2020,Albacete,5.0,0
2020,Asturias,5.0,0
2021,Cantabria,1.0,0
2026,Navarra,10.0,0
2023,Sevilla,2.0,0
2026,Navarra,10.0,0
2019,Granada,10.0,0
2025,Tarragona,4.0,0
2022,Granada,,0
2021,Asturias,5.0,0
2020,Santa Cruz de Tenerife,5.0,0
2022,Granada,3.0,0
2023,Zamora,5.0,0
2024,Lleida,6.0,0
2024,Guadalajara,1.0,0
2019,Granada,8.0,0
2020,Córdoba,1.0,0
2022,Girona,,0
2023,Cádiz,,0
2025,Cantabria,5.0,0
2019,La Rioja,,0
2020,Vizcaya,7.0,0
2026,Segovia,6.0,0
2019,Tarragona,2.0,0
2021,Cáceres,,0
2026,Álava,10.0,0
2021,Segovia,1.0,0
2020,Jaén,5.0,0
2019,León,9.0,0
2019,Lleida,4.0,0
2020,La Rioja,,0
2020,Asturias,3.0,0
2022,Navarra,,0
2024,Zaragoza,9.0,0
2022,Burgos,5.0,0
2020,Albacete,2.0,0
2024,Salamanca,7.0,0
2024,Navarra,6.0,0
2024,Huesca,10.0,0
2021,Barcelona,,0
2023,La Coruña,,0
2022,León,4.0,0
2023,Castellón,,0
2024,Cantabria,8.0,0
2025,Málaga,7.0,0
2020,Guadalajara,,0
2023,Huelva,,0
2021,Islas Baleares,7.0,0
2022,Murcia,4.0,0
2022,La Coruña,,0
2022,Sevilla,2.0,0
2020,Lugo,3.0,0
2025,Zaragoza,8.0,0
2025,Salamanca,7.0,0
2020,León,4.0,0
2023,Pontevedra,6.0,0
2021,Granada,6.0,0
2019,Burgos,5.0,0
2023,Salamanca,,0
2024,Toledo,6.0,0
2019,Castellón,3.0,0
2020,Cuenca,6.0,0
2019,Girona,5.0,0
2026,Navarra,9.0,0
2023,Salamanca,8.0,0
2022,León,2.0,0
2020,Santa Cruz de Tenerife,,0
2021,Madrid,1.0,0
2024,Córdoba,,0
2022,Cuenca,7.0,0
2023,Lleida,,0
2020,Granada,5.0,0
2024,Cuenca,6.0,0
2025,Zaragoza,1.0,0
2019,Albacete,,0
2021,Álava,10.0,0
2024,La Coruña,6.0,0
2025,Toledo,2.0,0
2019,Toledo,9.0,0
2019,Asturias,,0
2024,Almería,,0
2023,La Rioja,8.0,0
2020,Granada,3.0,0
2024,Cantabria,3.0,0
2022,Sevilla,8.0,0
2025,Granada,7.0,0
2026,Orense,,0
2024,Burgos,9.0,0
2022,Santa Cruz de Tenerife,3.0,0
2023,Toledo,1.0,0
2024,Zamora,,0
2026,Lleida,4.0,0
2025,Palencia,6.0,0
2020,Cáceres,8.0,0
2022,Teruel,2.0,0
2025,Granada,3.0,0
2022,La Coruña,6.0,0
2019,Las Palmas,1.0,0
2019,La Rioja,3.0,0
2023,Valladolid,4.0,0
2025,Guadalajara,4.0,0
2024,Badajoz,7.0,0
2023,Guadalajara,2.0,0
2023,Tarragona,3.0,0
2020,Vizcaya,4.0,0
2019,Zamora,6.0,0
2021,Las Palmas,4.0,0
2022,Ávila,10.0,0
2023,Guipúzcoa,5.0,0
2025,Ceuta,3.0,0
2021,Asturias,4.0,0
2019,Cádiz,,0
2021,Alicante,3.0,0
2025,Asturias,,0
2021,Girona,10.0,0
2022,Navarra,,0
2023,Ávila,7.0,0
2020,Islas Baleares,,0
2020,Lleida,10.0,0
2022,Navarra,9.0,0
2019,Ceuta,10.0,0
2021,La Rioja,6.0,0
2024,Murcia,6.0,0
2022,Guipúzcoa,7.0,0
2019,Palencia,9.0,0
2024,Santa Cruz de Tenerife,2.0,0
2022,Cáceres,4.0,0
2022,Vizcaya,3.0,0
2024,Pontevedra,7.0,0
2022,Lugo,4.0,0
2024,Burgos,9.0,0
2025,Las Palmas,,0
2021,Granada,10.0,0
2019,La Rioja,,0
2026,Almería,6.0,0
2023,Almería,2.0,0
2020,Valencia,9.0,0
2022,Orense,10.0,0
2020,Madrid,,0
2024,Lugo,5.0,0
2026,Lugo,5.0,0
2023,Málaga,3.0,0
2020,Vizcaya,5.0,0
2021,Córdoba,,0
2019,Córdoba,3.0,0
2019,Girona,2.0,0
2021,Sevilla,,0
2025,Granada,8.0,0
2020,Albacete,3.0,0
2023,La Rioja,3.0,0
2025,Castellón,1.0,0
2024,Asturias,7.0,0
2022,Cádiz,9.0,0
2023,Cuenca,,0
2022,Córdoba,4.0,0
2019,Orense,10.0,0
2026,Cuenca,2.0,0
2025,Jaén,,0
2025,Melilla,8.0,0
2025,Cádiz,10.0,0
2024,Zamora,,0
2021,Valladolid,5.0,0
2021,Lleida,6.0,0
2023,Lugo,4.0,0
2022,Asturias,4.0,0
2020,Valencia,10.0,0
2022,Albacete,7.0,0
2024,Girona,8.0,0
2020,Zaragoza,3.0,0
2025,Tarragona,7.0,0
2022,Valladolid,8.0,0
2021,Castellón,,0
2026,Barcelona,9.0,0
2025,Melilla,2.0,0
2024,Jaén,1.0,0
2023,Valencia,10.0,0
2020,Lleida,10.0,0
2026,Cantabria,2.0,0
2020,Álava,6.0,0
2022,Valladolid,3.0,0
2021,Granada,6.0,0
2023,Palencia,1.0,0
2022,León,10.0,0
2022,Albacete,,0
2024,Albacete,,0
2019,Guipúzcoa,6.0,0
2022,Guipúzcoa,10.0,0
2020,Soria,,0
2022,Teruel,8.0,0
2021,Granada,10.0,0
2023,Girona,10.0,0
2024,Teruel,10.0,0
2025,Almería,4.0,0
2020,Lleida,,0
2023,Badajoz,5.0,0
2022,Cádiz,5.0,0
2026,Segovia,10.0,0
2025,Ciudad Real,8.0,0
2022,Zaragoza,5.0,0
2022,Castellón,2.0,0
2024,Lugo,,0
2021,Girona,7.0,0
2023,Toledo,9.0,0
2023,Valladolid,2.0,0
2022,Pontevedra,1.0,0
2021,Badajoz,10.0,0
2022,Girona,9.0,0
2024,Palencia,5.0,0
2023,Valladolid,7.0,0
2024,Cantabria,7.0,0
2023,Jaén,,0
2024,Ávila,7.0,0
2024,Zamora,,0
2025,Álava,,0
2022,Burgos,,0
2025,Las Palmas,,0
2025,Lleida,10.0,0
2021,Zamora,2.0,0
2022,Granada,7.0,0
2024,Teruel,6.0,0
2025,Alicante,,0
2025,Pontevedra,,0
2023,Barcelona,4.0,0
2026,Cáceres,,0
2025,Barcelona,8.0,0
2021,La Coruña,9.0,0
2023,Álava,,0
2019,Badajoz,,0
2020,Valladolid,,0
2020,Madrid,5.0,0
2022,Valladolid,1.0,0
2022,La Rioja,5.0,0
2025,Castellón,2.0,0
2023,Islas Baleares,1.0,0
2021,Sevilla,9.0,0
2023,Cuenca,5.0,0
2023,Zamora,,0
2023,Guadalajara,10.0,0
2019,Asturias,2.0,0
2026,Zaragoza,,0
2020,Salamanca,10.0,0
2024,Huesca,9.0,0
2022,Huelva,4.0,0
2019,Valencia,7.0,0
2023,Santa Cruz de Tenerife,,0
2021,Cuenca,8.0,0
2025,Toledo,10.0,0
2023,Ciudad Real,10.0,0
2020,Navarra,10.0,0
2021,Santa Cruz de Tenerife,1.0,0
2020,Córdoba,4.0,0
2019,Santa Cruz de Tenerife,2.0,0
2021,Málaga,,0
2019,Cáceres,,0
2025,Soria,1.0,0
2020,La Coruña,,0
2021,Girona,10.0,0
2023,La Rioja,10.0,0
2019,Girona,2.0,0
2023,Málaga,,0
2021,Valladolid,8.0,0
2026,Madrid,7.0,0
2024,Vizcaya,9.0,0
2023,Cantabria,,0
2024,Huelva,5.0,0
2022,Sevilla,,0
2024,Girona,6.0,0
2019,Santa Cruz de Tenerife,2.0,0
2025,La Coruña,10.0,0
2023,Lleida,5.0,0
2024,Las Palmas,10.0,0
2022,Toledo,8.0,0
2021,Ceuta,2.0,0
2020,Castellón,,0
2025,Islas Baleares,3.0,0
2024,Barcelona,,0
2025,Lleida,9.0,0
2025,Asturias,8.0,0
2024,Santa Cruz de Tenerife,2.0,0
2021,Barcelona,5.0,0
2020,Castellón,,0
2021,Navarra,,0
2025,Álava,4.0,0
2023,Guipúzcoa,,0
2025,Cádiz,4.0,0
2021,Alicante,8.0,0
2021,La Rioja,9.0,0
2023,La Coruña,6.0,0
2026,Guipúzcoa,2.0,0
2023,Cantabria,,0
2022,Zaragoza,1.0,0
2019,Alicante,7.0,0
2025,Cádiz,1.0,0
2022,Ciudad Real,,0
2021,Segovia,2.0,0
2025,Santa Cruz de Tenerife,5.0,0
2024,Islas Baleares,4.0,0
2026,Burgos,10.0,0
2024,Guadalajara,2.0,0
2026,Lugo,3.0,0
2020,Cantabria,,0
2026,Santa Cruz de Tenerife,,0
2020,Álava,8.0,0
2022,Salamanca,2.0,0
2019,Castellón,5.0,0
2024,Teruel,,0
2020,Cantabria,3.0,0
2022,Lleida,3.0,0
2024,Ciudad Real,4.0,0
2021,Huesca,5.0,0
2024,Ávila,9.0,0
2019,Cádiz,2.0,0
2026,Cáceres,5.0,0
2024,Castellón,,0
2022,Cádiz,7.0,0
2024,Huesca,4.0,0
2025,Cádiz,5.0,0
2025,Murcia,,0
2024,Córdoba,,0
2020,Guadalajara,3.0,0
2021,La Rioja,1.0,0
2022,Cuenca,8.0,0
2019,Tarragona,,0
2025,Madrid,1.0,0
2019,La Rioja,9.0,0
2024,Alicante,4.0,0
2025,Lleida,7.0,0
2019,Cáceres,,0
2025,Valladolid,3.0,0
2024,Salamanca,,0
2020,Burgos,8.0,0
2024,Lleida,9.0,0
2020,Zamora,9.0,0
2022,Zaragoza,,0
2024,Alicante,5.0,0
2022,Salamanca,8.0,0
2025,Guadalajara,,0
2023,Murcia,7.0,0
2026,Murcia,3.0,0
2021,Guadalajara,5.0,0
2019,Santa Cruz de Tenerife,3.0,0
2021,Alicante,9.0,0
2019,Melilla,2.0,0
2021,La Rioja,3.0,0
2022,Zaragoza,10.0,0
2021,Cantabria,4.0,0
2023,Teruel,8.0,0
2024,Alicante,10.0,0
2021,Huesca,7.0,0
2023,Valladolid,,0
2022,Burgos,4.0,0
2021,Valladolid,1.0,0
2021,Murcia,,0
2021,Madrid,6.0,0
2024,Girona,,0
2019,Ciudad Real,8.0,0
2024,Toledo,,0
2019,Ceuta,,0
2020,Jaén,2.0,0
2020,Sevilla,,0
2023,Huelva,6.0,0
2025,Alicante,,0
2020,Navarra,3.0,0
2025,Las Palmas,4.0,0
2021,Badajoz,10.0,0
2021,Islas Baleares,1.0,0
2019,Palencia,,0
2019,Córdoba,4.0,0
2023,Segovia,6.0,0
2020,León,7.0,0
2022,Huesca,4.0,0
2023,Guadalajara,5.0,0
2019,Santa Cruz de Tenerife,8.0,0
2022,Santa Cruz de Tenerife,,0
2021,Las Palmas,10.0,0
2026,Cantabria,3.0,0
2021,Ceuta,6.0,0
2021,Islas Baleares,5.0,0
2025,Pontevedra,,0
2020,Orense,1.0,0
2024,Asturias,2.0,0
2019,Lleida,7.0,0
2024,Zamora,,0
2019,Lleida,6.0,0
2025,Zamora,9.0,0
2025,Zamora,4.0,0
2024,Melilla,8.0,0
2022,Badajoz,2.0,0
2026,Ávila,,0
2023,León,6.0,0
2020,Santa Cruz de Tenerife,6.0,0
2019,Granada,9.0,0
2021,Melilla,4.0,0
2024,Teruel,2.0,0
2022,Madrid,8.0,0
2019,Segovia,,0
2022,Sevilla,7.0,0
2025,Las Palmas,6.0,0
2020,Málaga,9.0,0
2022,Girona,3.0,0
2024,Las Palmas,4.0,0
2020,Sevilla,,0
2020,Valencia,7.0,0
2022,Soria,1.0,0
2021,Córdoba,,0
2022,Jaén,6.0,0
2026,Granada,3.0,0
2020,Ávila,2.0,0
2026,Santa Cruz de Tenerife,6.0,0
2019,Las Palmas,9.0,0
2021,La Rioja,7.0,0
2026,Salamanca,4.0,0
2025,La Coruña,6.0,0
2025,Granada,2.0,0
2021,Cádiz,9.0,0
2023,Jaén,8.0,0
2024,Huelva,1.0,0
2022,Islas Baleares,1.0,0
2022,Badajoz,9.0,0
2019,Las Palmas,,0
2020,Cuenca,,0
2021,Cuenca,8.0,0
2025,Murcia,10.0,0
2020,Lleida,8.0,0
2025,Álava,9.0,0
2024,Málaga,2.0,0
2019,Cuenca,,0
2023,Cádiz,,0
2019,Almería,10.0,0
2021,Zaragoza,9.0,0
2024,Santa Cruz de Tenerife,9.0,0
2025,Girona,1.0,0
2019,Lleida,,0
2022,Ávila,,0
2020,Toledo,6.0,0
2020,Cádiz,8.0,0
2024,La Rioja,3.0,0
2026,Lugo,,0
2019,Málaga,7.0,0
2024,Málaga,3.0,0
2025,Ciudad Real,6.0,0
2023,Girona,3.0,0
2019,Albacete,,0
2024,Lleida,10.0,0
2020,Tarragona,6.0,0
2024,Soria,4.0,0
2019,Castellón,4.0,0
2021,La Rioja,3.0,0
2020,Girona,5.0,0
2024,Sevilla,,0
2021,Zaragoza,6.0,0
2025,La Rioja,2.0,0
2021,Alicante,8.0,0
2024,Ávila,7.0,0
2021,Melilla,10.0,0
2026,Almería,,0
2019,Salamanca,1.0,0
2022,Lugo,6.0,0
2025,Guipúzcoa,3.0,0
2023,Cádiz,,0
2025,Valladolid,,0
2025,Salamanca,5.0,0
2019,Soria,10.0,0
2024,La Coruña,5.0,0
2023,Lleida,1.0,0
2021,Santa Cruz de Tenerife,,0
2024,Albacete,3.0,0
2026,Vizcaya,,0
2022,Albacete,3.0,0
2019,Salamanca,6.0,0
2019,Palencia,2.0,0
2021,Soria,8.0,0
2020,Valladolid,10.0,0
2024,Palencia,6.0,0
2019,Ciudad Real,,0
2022,Cáceres,6.0,0
2021,Huesca,,0
2024,Madrid,2.0,0
2020,Cantabria,6.0,0
2023,Almería,4.0,0
2019,Lugo,9.0,0
2025,Lleida,,0
2019,Lleida,7.0,0
2020,Palencia,7.0,0
2025,Lleida,9.0,0
2019,Palencia,3.0,0
2019,Álava,,0
2020,Melilla,4.0,0
2019,León,4.0,0
2022,Navarra,1.0,0
2022,Ávila,2.0,0
2025,León,8.0,0
2023,Tarragona,,0
2021,Lugo,1.0,0
2024,Lugo,7.0,0
2019,Ciudad Real,8.0,0
2020,Castellón,2.0,0
2021,Murcia,9.0,0
2021,Murcia,,0
2025,Huelva,10.0,0
2020,Girona,9.0,0
2023,Ávila,6.0,0
2019,Girona,,0
2019,Las Palmas,9.0,0
2023,Cáceres,,0
2022,Ciudad Real,8.0,0
2024,Zamora,4.0,0
2022,Cuenca,7.0,0
2019,Valencia,,0
2019,Salamanca,,0
2019,Guadalajara,4.0,0
2019,Zaragoza,1.0,0
2022,Teruel,10.0,0
2026,Zamora,,0
2026,Alicante,,0
2024,Salamanca,4.0,0
2019,Girona,2.0,0
2025,Valladolid,10.0,0
2019,Burgos,4.0,0
2025,Castellón,3.0,0
2023,Zaragoza,,0
2022,León,1.0,0
2026,Melilla,6.0,0
2025,Melilla,,0
2024,Valencia,7.0,0
2025,Huesca,8.0,0
2023,Melilla,1.0,0
2021,La Coruña,,0
2022,Cuenca,1.0,0
2019,Girona,5.0,0
2020,Lleida,2.0,0
2025,Palencia,6.0,0
2020,Guadalajara,2.0,0
2023,Álava,6.0,0
2026,Orense,7.0,0
2026,Soria,6.0,0
2026,La Rioja,4.0,0
2022,Asturias,2.0,0
2025,Lleida,7.0,0
2022,Cantabria,3.0,0
2020,Badajoz,,0
2022,Asturias,5.0,0
2021,Santa Cruz de Tenerife,6.0,0
2026,La Rioja,,0
2023,Islas Baleares,,0
2025,Cantabria,,0
2023,Cáceres,2.0,0
2020,Melilla,8.0,0
2023,Girona,3.0,0
2019,León,9.0,0
2020,Cádiz,4.0,0
2024,Tarragona,,0
2024,Álava,8.0,0
2024,Barcelona,5.0,0
2023,Las Palmas,,0
2021,Islas Baleares,3.0,0
2020,Málaga,5.0,0
2020,Barcelona,3.0,0
2023,Toledo,,0
2020,Segovia,5.0,0
2019,Toledo,2.0,0
2024,Lleida,6.0,0
2020,Córdoba,7.0,0
2024,Cádiz,,0
2023,Almería,6.0,0
2025,Lugo,9.0,0
2024,Granada,6.0,0
2022,Teruel,8.0,0
2024,Santa Cruz de Tenerife,6.0,0
2025,Valencia,5.0,0
2023,Ceuta,2.0,0
2020,Zamora,5.0,0
2020,Islas Baleares,3.0,0
2022,Valladolid,6.0,0
2020,Valladolid,9.0,0
2019,Zamora,8.0,0
2025,Lleida,8.0,0
2023,Valladolid,8.0,0
2020,Tarragona,1.0,0
2021,Barcelona,,0
2024,Orense,2.0,0
2021,Santa Cruz de Tenerife,6.0,0
2022,Jaén,,0
2024,Guadalajara,6.0,0
2026,Ávila,4.0,0
2025,Ciudad Real,9.0,0
2019,Huesca,10.0,0
2023,Barcelona,3.0,0
2021,Alicante,10.0,0
2022,Alicante,,0
2019,Girona,5.0,0
2025,Alicante,9.0,0
2022,Santa Cruz de Tenerife,8.0,0
2022,Girona,5.0,0
2022,Guadalajara,1.0,0
2019,Badajoz,1.0,0
2025,Huelva,7.0,0
2020,Girona,6.0,0
2025,Islas Baleares,4.0,0
2025,Cádiz,1.0,0
2025,Burgos,7.0,0
2025,Lleida,9.0,0
2022,Zamora,2.0,0
2020,Lugo,3.0,0
2021,Lugo,6.0,0
2019,Ciudad Real,5.0,0
2021,Cuenca,5.0,0
2024,Zamora,,0
2022,Ciudad Real,2.0,0
2021,Zamora,8.0,0
2020,Málaga,8.0,0
2022,Segovia,10.0,0
2020,Navarra,,0
2020,Palencia,1.0,0
2019,Las Palmas,5.0,0
2026,Ceuta,9.0,0
2019,Girona,10.0,0
2024,Soria,3.0,0
2019,Granada,8.0,0
2024,Sevilla,9.0,0
2021,Sevilla,,0
2023,Almería,7.0,0
2024,Madrid,6.0,0
2023,Almería,9.0,0
2023,Segovia,,0
2024,Melilla,3.0,0
2026,Tarragona,,0
2024,Barcelona,9.0,0
2024,Asturias,3.0,0
2021,Lugo,10.0,0
2021,Ciudad Real,6.0,0
2019,Castellón,5.0,0
2022,León,,0
2024,Guipúzcoa,,0
2022,Teruel,5.0,0
2025,Santa Cruz de Tenerife,4.0,0
2019,Lugo,10.0,0
2025,Almería,9.0,0
2021,Soria,9.0,0
2025,Lugo,7.0,0
2021,Pontevedra,4.0,0
2023,Alicante,2.0,0
2019,Zaragoza,8.0,0
2022,León,4.0,0
2023,Castellón,8.0,0
2022,Álava,2.0,0
2019,Guadalajara,10.0,0
2025,Badajoz,5.0,0
2022,Lugo,2.0,0
2021,Melilla,8.0,0
2024,Madrid,8.0,0
2022,Soria,,0
2025,Guadalajara,3.0,0
2019,Soria,,0
2026,Alicante,8.0,0
2021,Málaga,10.0,0
2024,Badajoz,8.0,0
2022,Álava,8.0,0
2022,Castellón,10.0,0
2021,Cádiz,3.0,0
2026,La Coruña,2.0,0
2022,Navarra,5.0,0
2025,Girona,,0
2024,Ávila,3.0,0
2021,Santa Cruz de Tenerife,,0
2021,Málaga,6.0,0
2019,Madrid,2.0,0
2022,Barcelona,5.0,0
2024,Islas Baleares,7.0,0
2021,Valencia,6.0,0
2022,Sevilla,,0
2022,Santa Cruz de Tenerife,7.0,0
2022,Madrid,7.0,0
2023,Girona,1.0,0
2022,Navarra,10.0,0
2022,Granada,,0
2026,Sevilla,,0
2024,Cáceres,8.0,0
2024,Cantabria,6.0,0
2019,Badajoz,1.0,0
2023,Málaga,,0
2022,Murcia,,0
2019,Murcia,3.0,0
2024,Burgos,6.0,0
2024,Valencia,3.0,0
2019,Tarragona,7.0,0
2025,Guipúzcoa,3.0,0
2019,Islas Baleares,2.0,0
2025,León,6.0,0
2023,Vizcaya,10.0,0
2026,Ávila,,0
2025,Santa Cruz de Tenerife,,0
2025,Lleida,10.0,0
2020,Granada,1.0,0
2025,Toledo,,0
2023,Huelva,1.0,0
2025,Álava,,0
2022,Valencia,,0
2024,Zamora,4.0,0
2019,Vizcaya,4.0,0
2019,Barcelona,,0
2023,Cádiz,,0
2019,Asturias,1.0,0
2023,Soria,,0
2025,Córdoba,1.0,0
2021,Lugo,7.0,0
2024,Palencia,6.0,0
2024,Zaragoza,9.0,0
2021,Cuenca,,0
2025,Málaga,4.0,0
2020,Ávila,,0
2020,Burgos,4.0,0
2020,Girona,6.0,0
2021,Santa Cruz de Tenerife,,0
2019,Ávila,6.0,0
2024,Zaragoza,1.0,0
2026,Zaragoza,,0
2020,Cáceres,1.0,0
2024,Santa Cruz de Tenerife,5.0,0
2026,Santa Cruz de Tenerife,9.0,0
2022,Cuenca,3.0,0
2024,Tarragona,10.0,0
2019,Lleida,10.0,0
2024,Valladolid,1.0,0
2020,Pontevedra,,0
2023,Madrid,4.0,0
2022,Ávila,2.0,0
2020,Palencia,6.0,0
2019,Murcia,7.0,0
2021,Santa Cruz de Tenerife,2.0,0
2019,Salamanca,1.0,0
2019,Melilla,5.0,0
2025,Burgos,4.0,0
2022,Albacete,9.0,0
2021,Girona,,0
2019,Lleida,,0
2025,Jaén,,0
2019,Castellón,,0
2026,Cádiz,,0
2020,Granada,5.0,0
2020,Cuenca,10.0,0
2022,Murcia,3.0,0
2020,Tarragona,,0
2025,Orense,2.0,0
2024,Guipúzcoa,8.0,0
2019,Barcelona,6.0,0
2020,Asturias,5.0,0
2025,Cantabria,2.0,0
2022,Murcia,2.0,0
2022,Pontevedra,,0
2019,Segovia,4.0,0
2025,Guadalajara,8.0,0
2024,Valencia,,0
2023,Huesca,6.0,0
2020,Ceuta,3.0,0
2020,Valencia,9.0,0
2025,Cáceres,,0
2023,Valencia,9.0,0
2024,Zaragoza,6.0,0
2022,Girona,3.0,0
2023,Huesca,,0
2020,Granada,2.0,0
2024,Sevilla,,0
2024,Murcia,2.0,0
2022,Salamanca,5.0,0
2023,Toledo,3.0,0
2022,Melilla,10.0,0
2019,Salamanca,6.0,0
2024,Ciudad Real,2.0,0
2019,Lugo,7.0,0
2025,Zamora,1.0,0
2021,Cuenca,,0
2019,Tarragona,,0
2022,León,3.0,0
2025,Álava,,0
2022,Lleida,5.0,0
2025,Murcia,5.0,0
2025,Las Palmas,,0
2022,Santa Cruz de Tenerife,8.0,0
2022,Barcelona,2.0,0
2019,Cáceres,5.0,0
2024,Badajoz,3.0,0
2020,Las Palmas,8.0,0
2024,Soria,5.0,0
2020,Zamora,,0
2022,Pontevedra,10.0,0
2024,Almería,2.0,0
2024,Murcia,,0
2021,Huelva,5.0,0
2021,La Rioja,5.0,0
2026,Salamanca,,0
2019,Sevilla,8.0,0
2022,Cáceres,5.0,0
2020,Girona,9.0,0
2023,Guadalajara,4.0,0
2019,Cáceres,5.0,0
2024,Orense,3.0,0
2019,Jaén,6.0,0
2021,Las Palmas,10.0,0
2022,Granada,,0
2019,Ciudad Real,3.0,0
2026,Valencia,,0
2019,Ávila,,0
2019,Girona,9.0,0
2020,Badajoz,8.0,0
2022,Asturias,2.0,0
2025,Salamanca,9.0,0
2019,León,10.0,0
2021,Burgos,10.0,0
2022,Orense,10.0,0
2019,Navarra,5.0,0
2024,Sevilla,6.0,0
2026,Soria,5.0,0
2024,Soria,10.0,0
2024,Lleida,9.0,0
2022,Cádiz,4.0,0
2025,Zaragoza,1.0,0
2022,Salamanca,7.0,0
2024,La Coruña,5.0,0
2019,Zaragoza,10.0,0
2025,Badajoz,2.0,0
2022,Sevilla,9.0,0
2022,Cádiz,4.0,0
2022,Madrid,,0
2023,Valencia,4.0,0
2020,La Coruña,,0
2020,Álava,,0
2025,Jaén,5.0,0
2023,Cuenca,,0
2026,Lugo,8.0,0
2020,Santa Cruz de Tenerife,10.0,0
2025,Cantabria,,0
2022,Navarra,6.0,0
2019,Teruel,5.0,0
2019,Ciudad Real,2.0,0
2019,Santa Cruz de Tenerife,4.0,0
2023,Segovia,2.0,0
2021,Santa Cruz de Tenerife,4.0,0
2019,Santa Cruz de Tenerife,6.0,0
2023,Guadalajara,2.0,0
2021,Huelva,8.0,0
2022,Ciudad Real,,0
2024,Segovia,9.0,0
2023,Melilla,,0
2026,Toledo,4.0,0
2025,León,3.0,0
2022,Teruel,5.0,0
2024,Córdoba,1.0,0
2024,Burgos,2.0,0
2023,Pontevedra,2.0,0
2025,Cantabria,6.0,0
2021,Lugo,5.0,0
2021,Guipúzcoa,3.0,0
2021,Asturias,1.0,0
2019,Las Palmas,7.0,0
2023,La Coruña,10.0,0
2024,Huesca,,0
2021,Guipúzcoa,,0
2023,Cuenca,5.0,0
2019,Girona,,0
2022,Zaragoza,9.0,0
2022,Albacete,10.0,0
2023,Salamanca,9.0,0
2025,Almería,4.0,0
2025,Vizcaya,10.0,0
2022,Pontevedra,7.0,0
2023,Guipúzcoa,10.0,0
2019,Sevilla,,0
2026,Vizcaya,4.0,0
2023,Toledo,,0
2024,Sevilla,5.0,0
2021,Burgos,2.0,0
2024,Alicante,2.0,0
2021,Cantabria,,0
2023,Almería,2.0,0
2022,Ciudad Real,1.0,0
2021,Soria,,0
2023,Córdoba,6.0,0
2025,Cantabria,6.0,0
2024,Murcia,10.0,0
2024,Guipúzcoa,8.0,0
2021,Granada,9.0,0
2022,Murcia,10.0,0
2026,Cuenca,4.0,0
2019,La Coruña,5.0,0
2023,Valladolid,5.0,0
2023,Segovia,5.0,0
2022,Huelva,2.0,0
2026,Sevilla,9.0,0
2023,Sevilla,10.0,0
2019,Murcia,7.0,0
2023,Sevilla,,0
2022,La Rioja,10.0,0
2020,Teruel,2.0,0
2026,Cantabria,7.0,0
2021,Badajoz,8.0,0
2020,La Coruña,10.0,0
2023,Cuenca,9.0,0
2025,Ceuta,5.0,0
2024,Cáceres,10.0,0
2020,Islas Baleares,2.0,0
2021,Guadalajara,2.0,0
2022,Almería,1.0,0
2023,Santa Cruz de Tenerife,3.0,0
2019,Orense,4.0,0
2025,Vizcaya,7.0,0
2023,Toledo,,0
2022,Sevilla,5.0,0
2026,Zaragoza,5.0,0
2024,Almería,10.0,0
2025,Cádiz,,0
2019,Lleida,4.0,0
2021,Huelva,3.0,0
2023,Salamanca,10.0,0
2026,Málaga,6.0,0
2023,Vizcaya,6.0,0
2026,Huesca,9.0,0
2023,Navarra,7.0,0
2025,Lleida,1.0,0
2026,Badajoz,2.0,0
2022,Cantabria,2.0,0
2024,Toledo,8.0,0
2023,Girona,3.0,0
2025,Toledo,8.0,0
2019,Salamanca,8.0,0
2022,Orense,,0
2019,Guipúzcoa,3.0,0
2025,Palencia,2.0,0
2025,Huesca,,0
2023,Huelva,,0
2022,Jaén,,0
2023,Huelva,4.0,0
2020,Castellón,7.0,0
2023,León,3.0,0
2022,Islas Baleares,,0
2021,Islas Baleares,,0
2019,Girona,7.0,0
2023,Cádiz,,0
2020,Cádiz,8.0,0
2021,Córdoba,10.0,0
2019,Teruel,5.0,0
2022,Murcia,,0
2021,Castellón,6.0,0
2020,Ceuta,2.0,0
2021,Almería,4.0,0
2020,Albacete,6.0,0
2020,Lleida,6.0,0
2019,Salamanca,6.0,0
2021,Alicante,9.0,0
2021,Murcia,9.0,0
2024,Segovia,2.0,0
2021,Salamanca,,0
2025,Cantabria,7.0,0
2024,Toledo,5.0,0
2023,Islas Baleares,4.0,0
2025,Lleida,2.0,0
2026,Huesca,2.0,0
2022,Soria,1.0,0
2026,Girona,8.0,0
2025,Girona,2.0,0
2023,Segovia,4.0,0
2022,Valencia,7.0,0
2019,Alicante,9.0,0
2025,Pontevedra,,0
2021,Barcelona,6.0,0
2019,Ávila,,0
2024,Pontevedra,7.0,0
2022,Granada,,0
2020,Asturias,2.0,0
2023,Córdoba,5.0,0
2023,Albacete,4.0,0
2026,Guadalajara,4.0,0
2021,Sevilla,8.0,0
2022,Santa Cruz de Tenerife,5.0,0
2021,Murcia,10.0,0
2024,Santa Cruz de Tenerife,2.0,0
2025,Salamanca,2.0,0
2025,Zamora,5.0,0
2020,Murcia,,0
2024,Granada,4.0,0
2026,Valencia,2.0,0
2023,Castellón,2.0,0
2025,Ciudad Real,8.0,0
2020,Vizcaya,8.0,0
2024,Jaén,,0
2023,Badajoz,1.0,0
2020,Badajoz,,0
2023,Albacete,2.0,0
2024,La Rioja,3.0,0
2024,Palencia,9.0,0
2019,Toledo,1.0,0
2022,Melilla,8.0,0
2020,Cádiz,10.0,0
2019,Islas Baleares,5.0,0
2021,Valencia,8.0,0
2021,Sevilla,10.0,0
2019,Cantabria,5.0,0
2023,Ávila,,0
2025,Castellón,4.0,0
2022,Las Palmas,9.0,0
2019,Islas Baleares,,0
2019,Las Palmas,9.0,0
2024,Zaragoza,3.0,0
2020,Salamanca,7.0,0
2023,Orense,,0
2020,Zamora,10.0,0
2020,Córdoba,5.0,0
2021,Huelva,,0
2019,Girona,10.0,0
2020,Orense,,0
2023,Zaragoza,6.0,0
2026,Cantabria,4.0,0
2023,Sevilla,7.0,0
2024,Girona,1.0,0
2021,Albacete,4.0,0
2020,Guipúzcoa,9.0,0
2019,La Rioja,,0
2023,Burgos,6.0,0
2023,Valladolid,7.0,0
2025,Lugo,1.0,0
2022,León,,0
2020,Ávila,3.0,0
2023,Ceuta,,0
2025,Cuenca,9.0,0
2020,Jaén,7.0,0
2025,Badajoz,9.0,0
2024,Asturias,5.0,0
2025,Guipúzcoa,2.0,0
2024,Vizcaya,4.0,0
2021,Cantabria,10.0,0
2024,Cáceres,4.0,0
2021,Segovia,7.0,0
2021,Málaga,1.0,0
2024,Girona,7.0,0
2022,Islas Baleares,7.0,0
2021,Segovia,8.0,0
2019,Ceuta,4.0,0
2022,Salamanca,6.0,0
2020,Ciudad Real,,0
2019,Alicante,9.0,0
2021,Teruel,2.0,0
2023,Badajoz,1.0,0
2020,Barcelona,6.0,0
2022,Lugo,3.0,0
2019,Teruel,2.0,0
2019,Guadalajara,3.0,0
2019,La Rioja,1.0,0
2020,Jaén,1.0,0
2025,Asturias,7.0,0
2023,Girona,10.0,0
2022,Orense,6.0,0
2020,Orense,3.0,0
2021,Álava,5.0,0
2019,Islas Baleares,,0
2026,Ciudad Real,2.0,0
2022,Córdoba,2.0,0
2020,Cáceres,3.0,0
2025,Lleida,7.0,0
2025,Almería,8.0,0
2021,Cádiz,7.0,0
2023,Soria,1.0,0
2024,Valencia,9.0,0
2021,Lleida,10.0,0
2022,Lleida,10.0,0
2020,Almería,9.0,0
2020,Murcia,1.0,0
2026,Huelva,,0
2022,Valencia,5.0,0
2020,Ávila,4.0,0
2019,Valladolid,3.0,0
2020,Badajoz,2.0,0
2019,Almería,,0
2019,Almería,7.0,0
2019,Pontevedra,,0
2023,Badajoz,2.0,0
2024,Las Palmas,,0
2020,Girona,8.0,0
2021,Ciudad Real,3.0,0
2025,Toledo,1.0,0
2022,Granada,8.0,0
2025,Burgos,2.0,0
2022,Pontevedra,7.0,0
2024,Pontevedra,8.0,0
2021,Lleida,3.0,0
2024,Zamora,7.0,0
2023,Teruel,,0
2020,La Rioja,1.0,0
2025,Orense,2.0,0
2025,Lugo,5.0,0
2021,Cáceres,2.0,0
2026,León,9.0,0
2025,Islas Baleares,,0
2019,Teruel,7.0,0
2020,Asturias,3.0,0
2026,Cáceres,6.0,0
2022,Alicante,8.0,0
2021,Alicante,6.0,0
2020,Soria,10.0,0
2025,Cádiz,7.0,0
2024,Zaragoza,10.0,0
2024,Salamanca,1.0,0
2019,Alicante,9.0,0
2022,La Rioja,2.0,0
2025,Alicante,,0
2026,Guipúzcoa,9.0,0
2019,Lugo,4.0,0
2024,Málaga,4.0,0
2022,Valencia,2.0,0
2019,Orense,4.0,0
2025,Ceuta,8.0,0
2022,Ávila,,0
2025,Segovia,6.0,0
2022,Valencia,10.0,0
2021,Navarra,7.0,0
2024,Pontevedra,9.0,0
2019,Ciudad Real,8.0,0
2019,Girona,,0
2025,Granada,4.0,0
2023,Santa Cruz de Tenerife,,0
2025,Barcelona,10.0,0
2025,Alicante,8.0,0
2019,Asturias,9.0,0
2024,Navarra,10.0,0
2025,Santa Cruz de Tenerife,10.0,0
2022,Granada,3.0,0
2022,Huesca,9.0,0
2025,Albacete,10.0,0
2023,Huelva,10.0,0
2022,Huelva,7.0,0
2023,Islas Baleares,8.0,0
2023,Pontevedra,8.0,0
2024,Teruel,,0
2024,Jaén,6.0,0
2025,Castellón,,0
2019,Jaén,4.0,0
2025,Zaragoza,2.0,0
2023,Jaén,4.0,0
2023,León,10.0,0
2019,Badajoz,6.0,0
2024,Segovia,,0
2022,Teruel,4.0,0
2019,Segovia,2.0,0
2019,Lleida,3.0,0
2019,Santa Cruz de Tenerife,,0
2025,Lleida,3.0,0
2023,Toledo,,0
2023,Sevilla,1.0,0
2021,Castellón,10.0,0
2021,Girona,3.0,0
2024,Córdoba,,0
2020,Palencia,7.0,0
2026,Granada,,0
2019,Burgos,6.0,0
2022,Alicante,10.0,0
2024,Ceuta,3.0,0
2019,León,1.0,0
2019,Zamora,7.0,0
2020,Ávila,6.0,0
2019,Palencia,9.0,0
2023,Burgos,6.0,0
2025,Tarragona,2.0,0
2023,Alicante,3.0,0
2025,Valladolid,1.0,0
2023,Vizcaya,7.0,0
2026,Murcia,8.0,0
2023,Girona,10.0,0
2020,Girona,7.0,0
2022,Islas Baleares,10.0,0
2025,Almería,7.0,0
2021,Soria,3.0,0
2022,Huesca,7.0,0
2022,Tarragona,6.0,0
2019,Madrid,2.0,0
2019,Las Palmas,8.0,0
2022,Badajoz,6.0,0
2024,Palencia,2.0,0
2020,Ciudad Real,7.0,0
2023,Cádiz,,0
2021,Madrid,,0
2023,Guipúzcoa,5.0,0
2019,Salamanca,,0
2024,Cuenca,6.0,0
2023,Santa Cruz de Tenerife,,0
2020,Palencia,1.0,0
2025,Vizcaya,8.0,0
2021,Islas Baleares,10.0,0
2021,Murcia,9.0,0
2022,Huesca,4.0,0
2021,Ciudad Real,7.0,0
2023,Málaga,5.0,0
2020,Pontevedra,2.0,0
2026,Huesca,1.0,0
2020,Huelva,4.0,0
2020,Álava,1.0,0
2022,Álava,6.0,0
2024,Palencia,9.0,0
2020,Ávila,4.0,0
2019,Las Palmas,6.0,0
2021,Málaga,1.0,0
2021,Alicante,10.0,0
2020,Santa Cruz de Tenerife,4.0,0
2023,Álava,8.0,0
2024,Lleida,5.0,0
2026,Huesca,1.0,0
2023,Cuenca,3.0,0
2019,Soria,7.0,0
2019,Santa Cruz de Tenerife,1.0,0
2022,Las Palmas,8.0,0
2020,Teruel,5.0,0
2020,Lleida,2.0,0
2020,Toledo,6.0,0
2025,Zamora,9.0,0
2025,Asturias,,0
2023,Cádiz,5.0,0
2020,Murcia,5.0,0
2022,Lleida,8.0,0
2023,Madrid,2.0,0
2022,Las Palmas,3.0,0
2023,Jaén,8.0,0
2023,Cantabria,3.0,0
2024,Álava,3.0,0
2021,Pontevedra,4.0,0
2024,Salamanca,7.0,0
2021,Albacete,7.0,0
2023,Las Palmas,,0
2021,Salamanca,10.0,0
2024,Badajoz,,0
2019,Castellón,4.0,0
2020,Soria,3.0,0
2022,Las Palmas,6.0,0
2020,Sevilla,10.0,0
2025,Cantabria,,0
2026,Toledo,7.0,0
2019,Murcia,3.0,0
2024,Ciudad Real,2.0,0
2020,Toledo,5.0,0
2024,Córdoba,2.0,0
2023,Lugo,4.0,0
2024,Cuenca,6.0,0
2024,Alicante,6.0,0
2024,Zaragoza,7.0,0
2023,Ávila,8.0,0
2025,Murcia,,0
2025,Valencia,1.0,0
2020,Huesca,10.0,0
2020,Badajoz,2.0,0
2021,Cuenca,7.0,0
2020,Guipúzcoa,,0
2024,Girona,,0
2020,Pontevedra,10.0,0
2024,Murcia,8.0,0
2021,Orense,10.0,0
2025,Girona,,0
2024,Alicante,1.0,0
2021,Jaén,1.0,0
2024,Girona,,0
2023,Badajoz,3.0,0
2020,Lleida,2.0,0
2023,Álava,7.0,0
2024,Ceuta,10.0,0
2023,La Rioja,4.0,0
2025,Zaragoza,7.0,0
2025,Toledo,3.0,0
2021,Lugo,3.0,0
2020,Álava,3.0,0
2020,Barcelona,,0
2021,Badajoz,1.0,0
2025,Zaragoza,5.0,0
2023,Valladolid,7.0,0
2021,Soria,3.0,0
2019,Valladolid,5.0,0
2023,Palencia,6.0,0
2023,Girona,3.0,0
2025,Santa Cruz de Tenerife,2.0,0
2025,Navarra,,0
2025,Pontevedra,,0
2022,Zaragoza,4.0,0
2021,Jaén,7.0,0
2022,Alicante,,0
2025,Girona,6.0,0
2025,Lleida,7.0,0
2020,Ceuta,4.0,0
2022,Asturias,8.0,0
2021,Barcelona,,0
2023,Madrid,,0
2022,Alicante,3.0,0
2020,La Coruña,4.0,0
2021,León,7.0,0
2019,Castellón,,0
2021,Cuenca,8.0,0
2019,Teruel,5.0,0
2025,Ceuta,4.0,0
2020,Huelva,2.0,0
2022,Segovia,3.0,0
2019,Burgos,4.0,0
2020,Toledo,6.0,0
2019,Guipúzcoa,,0
2026,Islas Baleares,6.0,0
2025,Soria,6.0,0
2026,La Coruña,3.0,0
2021,Burgos,10.0,0
2024,Vizcaya,5.0,0
2021,Ávila,3.0,0
2019,Soria,5.0,0
2022,Vizcaya,,0
2023,La Rioja,,0
2019,Las Palmas,7.0,0
2024,Huesca,1.0,0
2021,Burgos,1.0,0
2021,Navarra,5.0,0
2022,Ciudad Real,3.0,0
2025,Madrid,10.0,0
2022,Jaén,,0
2025,Ceuta,1.0,0
2026,Las Palmas,1.0,0
2024,Teruel,7.0,0
2019,Ciudad Real,,0
2021,Ciudad Real,6.0,0
2021,Zamora,6.0,0
2019,Girona,8.0,0
2022,Zamora,,0
2024,Zamora,2.0,0
2025,Toledo,3.0,0
2022,Cantabria,5.0,0
2020,Santa Cruz de Tenerife,2.0,0
2020,Badajoz,2.0,0
2025,Segovia,4.0,0
2019,Teruel,1.0,0
2019,Castellón,10.0,0
2019,Lleida,,0
2020,Santa Cruz de Tenerife,3.0,0
2025,Soria,4.0,0
2023,León,2.0,0
2021,Almería,4.0,0
2023,Melilla,3.0,0
2022,Teruel,2.0,0
2021,Salamanca,2.0,0
2022,Pontevedra,6.0,0
2020,Valladolid,,0
2025,Guadalajara,3.0,0
2024,Toledo,10.0,0
2024,Lugo,5.0,0
2025,Santa Cruz de Tenerife,9.0,0
2021,Tarragona,9.0,0
2021,Girona,,0
2021,Álava,,0
2020,Teruel,8.0,0
2020,Cuenca,4.0,0
2025,Córdoba,5.0,0
2023,Melilla,4.0,0
2022,Orense,2.0,0
2022,Barcelona,7.0,0
2022,Álava,3.0,0
2022,Granada,5.0,0
2025,Ávila,,0
2020,Teruel,9.0,0
2020,Tarragona,,0
2021,Zamora,10.0,0
2023,Valencia,1.0,0
2022,Valencia,,0
2019,Orense,10.0,0
2022,Lugo,2.0,0
2019,Orense,2.0,0
2025,Córdoba,,0
2025,Zaragoza,,0
2019,Huelva,2.0,0
2024,Córdoba,8.0,0
2024,Zamora,4.0,0
2023,Huesca,7.0,0
2026,Valencia,10.0,0
2019,Almería,5.0,0
2025,Zaragoza,,0
2023,Cantabria,6.0,0
2020,Murcia,,0
2020,Huelva,1.0,0
2025,Las Palmas,,0
2025,Toledo,3.0,0
2019,Cuenca,5.0,0
2023,Badajoz,6.0,0
2024,Soria,7.0,0
2024,Málaga,7.0,0
2025,Lugo,1.0,0
2025,Castellón,,0
2020,Teruel,8.0,0
2024,Córdoba,2.0,0
2024,Cuenca,6.0,0
2022,Granada,10.0,0
2023,Castellón,7.0,0
2021,Orense,9.0,0
2023,Segovia,7.0,0
2024,Zamora,7.0,0
2019,Cantabria,4.0,0
2020,Guipúzcoa,7.0,0
2020,Córdoba,4.0,0
2026,Tarragona,4.0,0
2025,Pontevedra,1.0,0
2023,Cádiz,8.0,0
2022,Huelva,5.0,0
2019,Girona,8.0,0
2025,Valladolid,9.0,0
2021,Ceuta,10.0,0
2019,Lugo,7.0,0
2021,Santa Cruz de Tenerife,2.0,0
2020,Melilla,7.0,0
2025,Segovia,,0
2022,Sevilla,9.0,0
2021,Palencia,7.0,0
2019,Zaragoza,4.0,0
2025,Cantabria,7.0,0
2023,Cantabria,,0
2019,Guipúzcoa,9.0,0
2021,Cáceres,4.0,0
2024,Huelva,5.0,0
2022,Valencia,6.0,0
2020,Ávila,1.0,0
2022,La Coruña,1.0,0
2026,Ciudad Real,4.0,0
2025,Ciudad Real,3.0,0
2025,Soria,5.0,0
2025,Orense,6.0,0
2021,Zamora,10.0,0
2026,Ávila,6.0,0
2026,Tarragona,,0
2022,Santa Cruz de Tenerife,3.0,0
2021,Ciudad Real,10.0,0
2022,Girona,3.0,0
2019,Zaragoza,10.0,0
2021,Castellón,,0
2024,Santa Cruz de Tenerife,10.0,0
2023,Málaga,10.0,0
2022,Salamanca,8.0,0
2023,Albacete,8.0,0
2020,Murcia,10.0,0
2025,Castellón,,0
2023,Las Palmas,10.0,0
2019,Murcia,,0
2021,Badajoz,4.0,0
2021,Ávila,5.0,0
2021,Sevilla,9.0,0
2021,Segovia,7.0,0
2023,Cáceres,,0
2023,Santa Cruz de Tenerife,7.0,0
2020,León,8.0,0
2022,Islas Baleares,8.0,0
2022,Cuenca,5.0,0
2025,Asturias,4.0,0
2025,Zaragoza,5.0,0
2021,Málaga,2.0,0
2019,Ceuta,8.0,0
2022,Guipúzcoa,3.0,0
2023,La Rioja,5.0,0
2019,Álava,6.0,0
2024,Pontevedra,2.0,0
2024,Cáceres,1.0,0
2023,Islas Baleares,4.0,0
2025,Vizcaya,8.0,0
2023,Asturias,5.0,0
2019,Jaén,8.0,0
2026,Islas Baleares,,0
2019,Teruel,8.0,0
2021,Zamora,4.0,0
2024,La Coruña,9.0,0
2025,León,,0
2019,Vizcaya,5.0,0
2019,Lleida,9.0,0
2019,Málaga,9.0,0
2025,Huelva,5.0,0
2019,Islas Baleares,7.0,0
2024,Lleida,,0
2023,Cuenca,4.0,0
2019,Santa Cruz de Tenerife,4.0,0
2020,Melilla,6.0,0
2022,Guadalajara,7.0,0
2024,La Rioja,4.0,0
2021,Soria,,0
2020,Salamanca,3.0,0
2020,Alicante,3.0,0
2022,Melilla,8.0,0
2021,Alicante,,0
2022,Orense,8.0,0
2021,Santa Cruz de Tenerife,2.0,0
2019,Salamanca,,0
2024,Zaragoza,1.0,0
2024,Álava,5.0,0
2021,Cantabria,6.0,0
2023,Salamanca,,0
2022,Girona,,0
2023,Navarra,3.0,0
2020,Huesca,2.0,0
2024,La Rioja,3.0,0
2020,Teruel,4.0,0
2019,Granada,3.0,0
2024,Ciudad Real,5.0,0
2025,La Coruña,9.0,0
2020,Cádiz,,0
2025,Melilla,9.0,0
2026,Álava,,0
2026,La Coruña,,0
2022,Girona,8.0,0
2023,Alicante,1.0,0
2022,Asturias,,0
2025,Huelva,5.0,0
2023,Segovia,9.0,0
2019,Melilla,10.0,0
2020,Sevilla,1.0,0
2019,Tarragona,1.0,0
2025,Soria,4.0,0
2021,Cáceres,5.0,0
2019,Girona,7.0,0
2026,Girona,10.0,0
2019,Valencia,1.0,0
2022,Pontevedra,4.0,0
2024,Salamanca,8.0,0
2023,Castellón,8.0,0
2021,Girona,,0
2025,Melilla,,0
2023,Madrid,5.0,0
2021,Ceuta,7.0,0
2024,Soria,1.0,0
2019,Las Palmas,6.0,0
2019,Valencia,,0
2023,Pontevedra,7.0,0
2024,Melilla,6.0,0
2024,Tarragona,7.0,0
2019,Álava,,0
2022,Albacete,1.0,0
2023,Salamanca,10.0,0
2023,Santa Cruz de Tenerife,3.0,0
2019,Santa Cruz de Tenerife,1.0,0
2020,Guipúzcoa,7.0,0
2022,Palencia,,0
2019,Cuenca,9.0,0
2024,Guipúzcoa,1.0,0
2021,Badajoz,,0
2019,Cáceres,9.0,0
2023,Cádiz,6.0,0
2020,Badajoz,,0
2025,Asturias,7.0,0
2025,Murcia,3.0,0
2025,Palencia,10.0,0
2023,Badajoz,4.0,0
2019,Las Palmas,1.0,0
2019,Orense,,0
2020,La Coruña,9.0,0
2022,Lugo,3.0,0
2019,Vizcaya,,0
2024,Navarra,7.0,0
2024,Orense,10.0,0
2023,Vizcaya,8.0,0
2019,Lleida,6.0,0
2023,Tarragona,6.0,0
2025,Zamora,4.0,0
2021,Madrid,1.0,0
2025,Zaragoza,6.0,0
2022,Alicante,4.0,0
2026,Santa Cruz de Tenerife,4.0,0
2019,Jaén,,0
2024,Soria,7.0,0
2024,Sevilla,3.0,0
2023,León,,0
2021,Las Palmas,1.0,0
2022,Melilla,1.0,0
2020,Málaga,1.0,0
2021,Albacete,1.0,0
2020,Vizcaya,,0
2023,Santa Cruz de Tenerife,5.0,0
2026,Castellón,4.0,0
2022,Santa Cruz de Tenerife,1.0,0
2025,Valencia,9.0,0
2020,Ávila,7.0,0
2019,La Coruña,,0
2020,Castellón,,0
2019,Badajoz,4.0,0
2019,Murcia,6.0,0
2026,Tarragona,5.0,0
2021,Soria,5.0,0
2020,La Rioja,3.0,0
2022,Santa Cruz de Tenerife,8.0,0
2020,Ceuta,8.0,0
2026,Segovia,4.0,0
2019,Islas Baleares,6.0,0
2026,Barcelona,1.0,0
2025,Guadalajara,5.0,0
2022,Valencia,1.0,0
2025,Salamanca,6.0,0
2021,Granada,3.0,0
2022,Orense,5.0,0
2021,Jaén,7.0,0
2020,Badajoz,3.0,0
2023,Lleida,2.0,0
2026,La Coruña,9.0,0
2025,Navarra,9.0,0
2023,Pontevedra,2.0,0
2022,Girona,,0
2024,Girona,7.0,0
2021,Málaga,,0
2020,Ciudad Real,3.0,0
2026,Alicante,8.0,0
2024,La Rioja,1.0,0
2021,León,1.0,0
2025,Jaén,2.0,0
2019,Salamanca,2.0,0
2019,Cantabria,7.0,0
2019,Navarra,1.0,0
2023,Toledo,2.0,0
2019,Las Palmas,1.0,0
2019,Cuenca,9.0,0
2019,Pontevedra,3.0,0
2020,Ceuta,6.0,0
2021,Lleida,7.0,0
2020,Zamora,2.0,0
2025,Zamora,6.0,0
2021,Cuenca,7.0,0
2022,Islas Baleares,9.0,0
2023,Alicante,3.0,0
2019,Orense,8.0,0
2019,Segovia,2.0,0
2024,Girona,1.0,0
2019,Guipúzcoa,4.0,0
2021,Islas Baleares,4.0,0
2022,Cantabria,1.0,0
2023,Murcia,9.0,0
2024,Córdoba,,0
2020,Alicante,4.0,0
2023,Murcia,3.0,0
2019,Guadalajara,,0
2021,Ciudad Real,8.0,0
2024,Cáceres,5.0,0
2024,Cáceres,8.0,0
2022,Las Palmas,,0
2023,Álava,10.0,0
2024,Girona,6.0,0
2024,Teruel,9.0,0
2021,Cádiz,6.0,0
2023,Granada,,0
2020,Granada,1.0,0
2025,Huelva,4.0,0
2023,Ceuta,10.0,0
2019,Badajoz,10.0,0
2021,La Rioja,1.0,0
2019,Vizcaya,10.0,0
2025,León,10.0,0
2020,Guadalajara,1.0,0
2019,Ciudad Real,5.0,0
2021,Navarra,5.0,0
2022,Segovia,,0
2020,Cádiz,9.0,0
2025,Valladolid,10.0,0
2023,Málaga,6.0,0
2022,Castellón,5.0,0
2020,Palencia,8.0,0
2019,Girona,6.0,0
2021,Lleida,5.0,0
2021,Navarra,9.0,0
2020,Barcelona,7.0,0
2022,Asturias,5.0,0
2021,Córdoba,7.0,0
2026,Barcelona,10.0,0
2023,Burgos,,0
2023,Cuenca,,0
2019,Teruel,3.0,0
2024,Burgos,7.0,0
2022,Huesca,9.0,0
2019,Madrid,5.0,0
2021,León,4.0,0
2022,Teruel,2.0,0
2025,Huelva,,0
2024,Islas Baleares,2.0,0
2021,Melilla,1.0,0
2024,Vizcaya,7.0,0
2025,Zamora,9.0,0
2021,León,6.0,0
2023,Barcelona,7.0,0
2024,Albacete,7.0,0
2022,Cuenca,8.0,0
2025,Huesca,4.0,0
2021,Segovia,7.0,0
2019,Álava,5.0,0
2021,Almería,6.0,0
2020,Huesca,7.0,0
2019,León,2.0,0
2024,Ceuta,9.0,0
2024,Santa Cruz de Tenerife,5.0,0
2020,Córdoba,8.0,0
2021,Vizcaya,4.0,0
2021,Soria,5.0,0
2022,Madrid,6.0,0
2025,Burgos,7.0,0
2019,Vizcaya,4.0,0
2022,Melilla,7.0,0
2023,Ceuta,1.0,0
2022,Ciudad Real,6.0,0
2021,Guadalajara,3.0,0
2022,Lugo,5.0,0
2022,Córdoba,4.0,0
2022,Ceuta,6.0,0
2021,Castellón,,0
2022,Girona,9.0,0
2021,Islas Baleares,5.0,0
2022,Cáceres,1.0,0
2019,Madrid,3.0,0
2026,Pontevedra,10.0,0
2025,Alicante,1.0,0
2022,Islas Baleares,,0
2019,Islas Baleares,,0
2026,Barcelona,,0
2023,Tarragona,6.0,0
2020,Cuenca,2.0,0
2022,Valencia,9.0,0
2025,Teruel,7.0,0
2025,La Rioja,4.0,0
2021,Castellón,9.0,0
2024,Guipúzcoa,3.0,0
2019,Ciudad Real,6.0,0
2021,Alicante,,0
2021,Almería,6.0,0
2024,Zaragoza,8.0,0
2022,Málaga,3.0,0
2020,Huesca,5.0,0
2025,Lugo,1.0,0
2022,Tarragona,4.0,0
2021,Huelva,3.0,0
2021,Guipúzcoa,1.0,0
2023,Alicante,,0
2021,Guipúzcoa,10.0,0
2019,Cádiz,3.0,0
2021,Albacete,7.0,0
2023,Vizcaya,7.0,0
2023,La Coruña,,0
2025,Lleida,4.0,0
2021,Guadalajara,,0
2021,Cádiz,1.0,0
2023,Huesca,9.0,0
2019,Cádiz,,0
2019,Teruel,7.0,0
2023,Teruel,9.0,0
2020,Islas Baleares,1.0,0
2021,Girona,4.0,0
2022,Cádiz,,0
2020,Salamanca,,0
2021,León,7.0,0
2025,Valladolid,2.0,0
2023,Sevilla,,0
2025,Girona,2.0,0
2023,Albacete,4.0,0
2022,Almería,8.0,0
2022,Girona,,0
2025,Zaragoza,7.0,0
2022,Asturias,3.0,0
2020,Alicante,3.0,0
2019,Girona,9.0,0
2020,Ceuta,2.0,0
2020,Barcelona,2.0,0
2026,Lugo,9.0,0
2023,Valencia,,0
2021,Córdoba,,0
2025,Guipúzcoa,,0
2025,Huelva,,0
2025,Segovia,7.0,0
2019,Girona,10.0,0
2022,Vizcaya,9.0,0
2019,Zaragoza,6.0,0
2020,León,2.0,0
2024,Valencia,,0
2019,Zaragoza,1.0,0
2023,Valladolid,,0
2023,León,4.0,0
2023,Murcia,1.0,0
2019,Granada,,0
2024,Ávila,,0
2020,Zaragoza,,0
2023,Valencia,4.0,0
2019,Cáceres,3.0,0
2021,Santa Cruz de Tenerife,9.0,0
2019,Barcelona,1.0,0
2019,Burgos,1.0,0
2025,Huesca,10.0,0
2020,Granada,4.0,0
2020,Salamanca,2.0,0
2025,Valencia,3.0,0
2020,Valladolid,3.0,0
2024,Jaén,8.0,0
2023,Albacete,9.0,0
2024,Segovia,,0
2019,Barcelona,5.0,0
2022,Asturias,1.0,0
2023,Navarra,9.0,0
2022,Castellón,10.0,0
2022,Islas Baleares,7.0,0
2022,Soria,2.0,0
2025,Ciudad Real,2.0,0
2026,Córdoba,9.0,0
2022,Ceuta,2.0,0
2024,Navarra,5.0,0
2022,Pontevedra,8.0,0
2020,Soria,9.0,0
2019,Valencia,8.0,0
2020,Huelva,2.0,0
2023,Navarra,9.0,0
2023,Huelva,8.0,0
2021,Huelva,,0
2021,Cádiz,9.0,0
2024,Girona,2.0,0
2023,Alicante,9.0,0
2022,Zaragoza,3.0,0
2019,Navarra,,0
2020,Las Palmas,9.0,0
2021,Palencia,9.0,0
2022,Cádiz,10.0,0
2024,Segovia,,0
2021,Albacete,3.0,0
2024,Albacete,,0
2022,Alicante,,0
2023,Las Palmas,2.0,0
2021,Lleida,10.0,0
2023,Barcelona,4.0,0
2023,Teruel,4.0,0
2019,Asturias,,0
2023,Girona,6.0,0
2024,Cádiz,,0
2020,Cáceres,3.0,0
2024,Ciudad Real,,0
2025,Cuenca,8.0,0
2023,León,3.0,0
2023,Cáceres,7.0,0
2020,León,3.0,0
2023,Zaragoza,4.0,0
2019,Pontevedra,,0
2025,Castellón,2.0,0
2019,Valencia,7.0,0
2019,Barcelona,4.0,0
2023,Valladolid,10.0,0
2021,Cáceres,6.0,0
2024,Albacete,3.0,0
2025,Albacete,6.0,0
2024,Islas Baleares,1.0,0
2023,Burgos,9.0,0
2025,Vizcaya,8.0,0
2019,Lugo,9.0,0
2020,Zamora,5.0,0
2024,Valladolid,8.0,0
2020,Huelva,8.0,0
2021,Teruel,7.0,0
2022,Granada,2.0,0
2022,Santa Cruz de Tenerife,3.0,0
2026,Málaga,1.0,0
2020,Santa Cruz de Tenerife,,0
2019,Córdoba,4.0,0
2021,Jaén,,0
2025,Asturias,,0
2023,Segovia,9.0,0
2025,Guadalajara,,0
2024,Navarra,,0
2021,Salamanca,5.0,0
2020,Zamora,3.0,0
2022,Jaén,8.0,0
2022,Melilla,,0
2019,Santa Cruz de Tenerife,9.0,0
2023,Asturias,7.0,0
2022,Segovia,,0
2025,Valladolid,3.0,0
2020,Girona,10.0,0
2025,La Coruña,,0
2025,Castellón,7.0,0
2022,Santa Cruz de Tenerife,9.0,0
2019,Castellón,9.0,0
2020,Jaén,9.0,0
2019,Girona,2.0,0
2020,Santa Cruz de Tenerife,9.0,0
2025,Santa Cruz de Tenerife,,0
2023,Guadalajara,10.0,0
2020,Granada,1.0,0
2021,Badajoz,1.0,0
2022,Álava,,0
2022,Guadalajara,6.0,0
2026,Málaga,6.0,0
2026,Castellón,4.0,0
2022,Zaragoza,9.0,0
2026,Castellón,10.0,0
2020,Toledo,5.0,0
2024,Granada,8.0,0
2023,León,9.0,0
2023,Ávila,5.0,0
2024,Ceuta,7.0,0
2025,Cantabria,5.0,0
2025,Álava,9.0,0
2023,Ciudad Real,4.0,0
2023,Zamora,,0
2019,Ciudad Real,,0
2021,León,1.0,0
2023,Cádiz,6.0,0
2024,Almería,6.0,0
2024,Cádiz,8.0,0
2025,Almería,8.0,0
2022,Islas Baleares,1.0,0
2021,Valencia,6.0,0
2019,Palencia,3.0,0
2021,Ávila,,0
2020,Lleida,1.0,0
2023,Ciudad Real,6.0,0
2022,Ceuta,5.0,0
2021,La Coruña,9.0,0
2023,Lleida,8.0,0
2019,Badajoz,2.0,0
2021,Huelva,5.0,0
2024,Badajoz,6.0,0
2019,Tarragona,,0
2020,Segovia,5.0,0
2024,Córdoba,7.0,0
2025,León,,0
2024,Girona,,0
2020,Cuenca,3.0,0
2022,Burgos,3.0,0
2024,Ciudad Real,10.0,0
2020,Santa Cruz de Tenerife,,0
2022,Guipúzcoa,,0
2019,Pontevedra,5.0,0
2021,Segovia,2.0,0
2019,Pontevedra,,0
2019,Cantabria,5.0,0
2022,Guadalajara,1.0,0
2021,Girona,8.0,0
2023,Pontevedra,10.0,0
2021,Madrid,2.0,0
2022,Almería,3.0,0
2020,Soria,,0
2025,Teruel,,0
2022,Tarragona,5.0,0
2023,Barcelona,3.0,0
2019,Castellón,6.0,0
2020,Huesca,9.0,0
2021,Alicante,4.0,0
2019,Segovia,,0
2022,Islas Baleares,1.0,0
2024,Badajoz,2.0,0
2024,Guipúzcoa,3.0,0
2023,Málaga,3.0,0
2022,Navarra,7.0,0
2025,Huelva,,0
2023,Navarra,1.0,0
2021,La Rioja,5.0,0
2024,Guadalajara,1.0,0
2025,Cáceres,3.0,0
2023,Las Palmas,3.0,0
2025,Ciudad Real,,0
2023,Islas Baleares,5.0,0
2026,Jaén,9.0,0
2025,Salamanca,1.0,0
2021,Burgos,10.0,0
2023,Girona,,0
2019,Barcelona,1.0,0
2020,Zamora,2.0,0
2025,Cáceres,9.0,0
2024,Palencia,4.0,0
2022,Zamora,9.0,0
2022,Toledo,,0
2019,Melilla,2.0,0
2022,Segovia,10.0,0
2020,Melilla,1.0,0
2022,Córdoba,1.0,0
2023,Pontevedra,7.0,0
2024,Teruel,2.0,0
2025,Huelva,2.0,0
2019,Navarra,8.0,0
2021,Granada,10.0,0
2020,Sevilla,,0
2023,Badajoz,6.0,0
2021,Girona,8.0,0
2020,Cáceres,10.0,0
2026,Albacete,,0
2024,Burgos,,0
2020,Santa Cruz de Tenerife,2.0,0
2020,Sevilla,,0
2025,La Coruña,4.0,0
2021,Guipúzcoa,,0
2019,Jaén,,0
2022,Lleida,,0
2023,Guipúzcoa,6.0,0
2023,Santa Cruz de Tenerife,4.0,0
2021,Castellón,4.0,0
2023,Islas Baleares,6.0,0
2023,Granada,2.0,0
2019,Huesca,2.0,0
2023,Ciudad Real,3.0,0
2022,Álava,3.0,0
2020,Girona,,0
2021,Barcelona,6.0,0
2020,Cuenca,10.0,0
2019,Girona,4.0,0
2019,Huelva,9.0,0
2021,Cádiz,4.0,0
2023,Tarragona,10.0,0
2025,Albacete,4.0,0
2021,Valencia,3.0,0
2019,La Coruña,9.0,0
2024,Melilla,9.0,0
2025,Alicante,8.0,0
2021,Zaragoza,3.0,0
2020,Valladolid,5.0,0
2022,Almería,,0
2019,La Coruña,5.0,0
2019,Álava,1.0,0
2023,Albacete,9.0,0
2026,Las Palmas,4.0,0
2022,Cuenca,9.0,0
2020,Girona,3.0,0
2019,Lleida,9.0,0
2022,Santa Cruz de Tenerife,,0
2021,Islas Baleares,10.0,0
2019,Lleida,6.0,0
2026,Palencia,8.0,0
2019,Melilla,2.0,0
2024,Guadalajara,7.0,0
2024,Vizcaya,2.0,0
2026,Ávila,4.0,0
2026,Badajoz,10.0,0
2022,Palencia,7.0,0
2022,Málaga,,0
2026,Palencia,3.0,0
2023,Málaga,7.0,0
2020,Albacete,,0
2021,Orense,8.0,0
2022,Valencia,6.0,0
2026,Guadalajara,4.0,0
2022,Huelva,8.0,0
2020,Girona,5.0,0
2025,La Rioja,1.0,0
2021,Navarra,10.0,0
2025,Lleida,6.0,0
2026,Las Palmas,7.0,0
2019,Huesca,,0
2023,Barcelona,2.0,0
2024,Castellón,3.0,0
2023,Alicante,1.0,0
2023,Valencia,8.0,0
2025,Asturias,5.0,0
2019,Orense,8.0,0
2022,Barcelona,7.0,0
2020,Lugo,9.0,0
2021,Zaragoza,,0
2021,Granada,,0
2024,Toledo,6.0,0
2024,Tarragona,1.0,0
2025,Segovia,9.0,0
2021,León,5.0,0
2025,Asturias,,0
2020,Girona,,0
2023,Cádiz,10.0,0
2021,Girona,4.0,0
2021,Navarra,,0
2019,Zamora,4.0,0
2026,Jaén,,0
2023,Asturias,1.0,0
2020,Cantabria,9.0,0
2023,Barcelona,10.0,0
2019,Navarra,7.0,0
2023,Albacete,2.0,0
2022,Córdoba,7.0,0
2019,Almería,3.0,0
2020,Toledo,,0
2024,Guipúzcoa,3.0,0
2024,Guipúzcoa,7.0,0
2019,La Coruña,,0
2020,Girona,5.0,0
2024,Valencia,10.0,0
2019,Cantabria,8.0,0
2022,Badajoz,10.0,0
2023,Cádiz,2.0,0
2025,Cáceres,6.0,0
2022,Córdoba,6.0,0
2019,Córdoba,7.0,0
2019,León,,0
2022,Vizcaya,,0
2019,Ceuta,7.0,0
2025,Girona,3.0,0
2024,Alicante,7.0,0
2025,Navarra,5.0,0
2022,Ávila,,0
2025,Santa Cruz de Tenerife,,0
2020,Toledo,,0
2022,Ciudad Real,10.0,0
2022,Cantabria,3.0,0
2022,Cuenca,1.0,0
2020,Cuenca,,0
2022,Lleida,5.0,0
2024,Melilla,4.0,0
2019,Santa Cruz de Tenerife,6.0,0
2020,Lleida,,0
2021,Castellón,5.0,0
2024,Murcia,9.0,0
2020,Ceuta,1.0,0
2026,Toledo,10.0,0
2025,Ávila,6.0,0
2020,Albacete,,0
2019,La Coruña,9.0,0
2025,Santa Cruz de Tenerife,6.0,0
2024,Zaragoza,2.0,0
2023,Granada,10.0,0
2026,Teruel,3.0,0
2024,Lugo,7.0,0
2019,Almería,4.0,0
2020,Soria,10.0,0
2023,Santa Cruz de Tenerife,,0
2024,Castellón,10.0,0
2022,Segovia,4.0,0
2022,La Coruña,2.0,0
2024,Málaga,7.0,0
2024,Pontevedra,2.0,0
2023,Almería,5.0,0
2020,Cádiz,2.0,0
2019,Albacete,8.0,0
2020,Madrid,5.0,0
2025,Huesca,2.0,0
2021,Málaga,4.0,0
2022,Girona,3.0,0
2022,Asturias,10.0,0
2026,Orense,8.0,0
2022,Vizcaya,1.0,0
2025,Girona,6.0,0
2022,Cantabria,5.0,0
2019,Palencia,,0
2023,Soria,5.0,0
2024,Lugo,5.0,0
2021,Sevilla,7.0,0
2022,Guadalajara,4.0,0
2025,Santa Cruz de Tenerife,9.0,0
2025,Guipúzcoa,6.0,0
2025,Almería,4.0,0
2019,Santa Cruz de Tenerife,6.0,0
2024,Huelva,1.0,0
2020,Álava,,0
2024,Huesca,3.0,0
2019,La Coruña,3.0,0
2025,Madrid,10.0,0
2024,Palencia,3.0,0
2026,Granada,10.0,0
2019,Vizcaya,3.0,0
2026,Las Palmas,4.0,0
2020,Cádiz,,0
2021,Lleida,,0
2025,Córdoba,1.0,0
2019,Badajoz,8.0,0
2025,Albacete,3.0,0
2023,Burgos,3.0,0
2019,Melilla,2.0,0
2026,Pontevedra,5.0,0
2021,Badajoz,,0
2023,Ciudad Real,,0
2022,Guipúzcoa,2.0,0
2024,Cádiz,5.0,0
2025,Sevilla,6.0,0
2022,Vizcaya,9.0,0
2024,Pontevedra,9.0,0
2023,Asturias,,0
2024,Vizcaya,10.0,0
2024,Vizcaya,,0
2024,Guadalajara,,0
2024,Málaga,1.0,0
2022,Álava,,0
2025,Zaragoza,1.0,0
2021,Girona,,0
2021,Zaragoza,3.0,0
2024,Zaragoza,,0
2023,Tarragona,8.0,0
2021,Guipúzcoa,5.0,0
2022,La Rioja,,0
2025,La Rioja,,0
2019,Cádiz,6.0,0
2023,Alicante,1.0,0
2024,Burgos,5.0,0
2021,Vizcaya,2.0,0
2026,Madrid,7.0,0
2024,Burgos,,0
2024,Jaén,,0
2022,Vizcaya,7.0,0
2022,Pontevedra,3.0,0
2019,Lleida,5.0,0
2021,Valladolid,4.0,0
2021,Ciudad Real,8.0,0
2024,Sevilla,8.0,0
2023,Lleida,3.0,0
2025,Sevilla,,0
2020,Zamora,8.0,0
2022,Huesca,4.0,0
2026,Ávila,9.0,0
2026,Jaén,3.0,0
2023,Barcelona,4.0,0
2024,Valladolid,1.0,0
2020,León,8.0,0
2020,Ciudad Real,,0
2021,Guipúzcoa,6.0,0
2025,Zaragoza,,0
2020,Lugo,2.0,0
2021,Cádiz,,0
2020,Sevilla,2.0,0
2023,Pontevedra,6.0,0
2026,Guipúzcoa,2.0,0
2020,Vizcaya,1.0,0
2025,Álava,4.0,0
2024,Valladolid,9.0,0
2024,Santa Cruz de Tenerife,,0
2020,Santa Cruz de Tenerife,,0
2023,Zaragoza,6.0,0
2020,Álava,1.0,0
2024,Soria,3.0,0
2022,Ciudad Real,,0
2020,Salamanca,,0
2024,Las Palmas,10.0,0
2023,León,10.0,0
2021,Islas Baleares,6.0,0
2025,Soria,10.0,0
2021,Barcelona,5.0,0
2020,Barcelona,9.0,0
2022,Vizcaya,3.0,0
2021,Cáceres,,0
2020,Cantabria,,0
2025,Ciudad Real,10.0,0
2020,Ceuta,,0
2023,Almería,10.0,0
2025,Teruel,2.0,0
2023,Santa Cruz de Tenerife,2.0,0
2021,Ávila,,0
2025,Melilla,5.0,0
2021,Alicante,8.0,0
2019,Granada,4.0,0
2026,Valencia,1.0,0
2024,Guadalajara,,0
2020,Ceuta,,0
2025,Ciudad Real,4.0,0
2025,Álava,6.0,0
2025,Sevilla,7.0,0
2020,Córdoba,7.0,0
2024,Jaén,2.0,0
2026,Castellón,,0
2022,Lugo,,0
2019,Cáceres,,0
2019,Pontevedra,9.0,0
2019,Tarragona,2.0,0
2022,Zaragoza,9.0,0
2025,Orense,,0
2023,Cuenca,6.0,0
2022,Badajoz,4.0,0
2022,Girona,1.0,0
2019,Navarra,4.0,0
2023,Ceuta,10.0,0
2024,Ávila,5.0,0
2023,Islas Baleares,4.0,0
2026,Islas Baleares,,0
2019,Salamanca,7.0,0
2025,Madrid,,0
2021,Asturias,8.0,0
2025,Melilla,2.0,0
2026,Málaga,8.0,0
2023,Almería,,0
2020,Cáceres,6.0,0
2025,Almería,7.0,0
2025,La Rioja,,0
2019,Ceuta,6.0,0
2025,La Rioja,4.0,0
2022,Islas Baleares,7.0,0
2022,Valladolid,9.0,0
2021,Islas Baleares,4.0,0
2022,La Coruña,,0
2026,Murcia,6.0,0
2019,Toledo,5.0,0
2021,Cantabria,4.0,0
2025,Ávila,6.0,0
2022,Ceuta,1.0,0
2025,Islas Baleares,,0
2021,Huesca,2.0,0
2019,Alicante,,0
2019,La Rioja,8.0,0
2023,Cantabria,9.0,0
2020,Huelva,10.0,0
2024,Málaga,9.0,0
2019,Cuenca,,0
2024,Almería,3.0,0
2021,Salamanca,4.0,0
2020,Soria,9.0,0
2025,Burgos,8.0,0
2025,Granada,9.0,0
2025,Palencia,4.0,0
2019,León,2.0,0
2021,Santa Cruz de Tenerife,8.0,0
2019,Burgos,9.0,0
2026,Córdoba,8.0,0
2025,Burgos,10.0,0
2021,Navarra,,0
2021,Palencia,3.0,0
2019,Albacete,9.0,0
2025,Guipúzcoa,3.0,0
2024,Navarra,,0
2021,Badajoz,1.0,0
2020,Guadalajara,7.0,0
2024,Soria,6.0,0
2023,Albacete,3.0,0
2020,Salamanca,1.0,0
2019,Alicante,7.0,0
2022,Castellón,2.0,0
2021,Melilla,2.0,0
2022,Cáceres,8.0,0
2021,Segovia,4.0,0
2025,Santa Cruz de Tenerife,,0
2021,Santa Cruz de Tenerife,9.0,0
2026,Cantabria,,0
2025,Cádiz,,0
2025,Zamora,9.0,0
2019,Cádiz,,0
2019,Girona,3.0,0
2020,Alicante,4.0,0
2019,Teruel,8.0,0
2025,Toledo,7.0,0
2021,Lleida,7.0,0
2022,Guipúzcoa,7.0,0
2020,Guipúzcoa,9.0,0
2020,Cáceres,5.0,0
2020,Badajoz,5.0,0
2023,Lleida,8.0,0
2024,Álava,3.0,0
2024,Asturias,6.0,0
2019,Álava,5.0,0
2020,Sevilla,2.0,0
2019,Jaén,3.0,0
2024,Granada,,0
2025,Valencia,4.0,0
2023,Lugo,6.0,0
2024,Cantabria,,0
2020,Zaragoza,7.0,0
2019,Pontevedra,2.0,0
2022,Girona,3.0,0
2020,Guadalajara,7.0,0
2025,Cáceres,,0
2020,Cantabria,,0
2019,Ávila,1.0,0
2021,La Rioja,4.0,0
2023,Tarragona,9.0,0
2026,Cáceres,6.0,0
2026,Islas Baleares,2.0,0
2021,Córdoba,1.0,0
2024,Alicante,2.0,0
2021,Barcelona,6.0,0
2023,Navarra,3.0,0
2021,Asturias,5.0,0
2019,Cantabria,3.0,0
2021,Sevilla,2.0,0
2025,Las Palmas,3.0,0
2023,Zaragoza,6.0,0
2026,Huelva,3.0,0
2021,Huesca,10.0,0
2025,Ávila,3.0,0
2023,Zaragoza,6.0,0
2019,Valencia,2.0,0
2024,Jaén,2.0,0
2022,Teruel,9.0,0
2019,Las Palmas,4.0,0
2024,Tarragona,,0
2020,Zamora,10.0,0
2025,Orense,4.0,0
2020,Soria,8.0,0
2022,Cádiz,10.0,0
2023,Jaén,2.0,0
2024,Álava,,0
2021,Huesca,6.0,0
2020,Ávila,5.0,0
2024,Guadalajara,6.0,0
2022,Teruel,8.0,0
2022,La Coruña,6.0,0
2024,Salamanca,2.0,0
2023,Valladolid,,0
2021,León,3.0,0
2019,Córdoba,1.0,0
2026,La Coruña,1.0,0
2024,Málaga,5.0,0
2023,La Coruña,8.0,0
2026,Palencia,8.0,0
2021,Segovia,,0
2024,Madrid,9.0,0
2022,Las Palmas,4.0,0
2019,León,7.0,0
2023,Burgos,3.0,0
2025,Murcia,6.0,0
2019,Melilla,10.0,0
2019,Melilla,2.0,0
2026,Santa Cruz de Tenerife,2.0,0
2021,Ciudad Real,10.0,0
2023,Girona,7.0,0
2020,Castellón,5.0,0
2021,Ávila,7.0,0
2024,Burgos,9.0,0
2020,Islas Baleares,9.0,0
2024,Zaragoza,3.0,0
2021,Valladolid,2.0,0
2023,Madrid,2.0,0
2020,Asturias,4.0,0
2025,Cuenca,7.0,0
2019,Salamanca,,0
2021,La Coruña,,0
2025,Jaén,10.0,0
2022,Vizcaya,4.0,0
2023,Badajoz,2.0,0
2024,Lleida,4.0,0
2019,Guadalajara,,0
2021,Badajoz,3.0,0
2023,Segovia,9.0,0
2019,Málaga,1.0,0
2019,Lleida,,0
2023,Guadalajara,,0
2025,Álava,5.0,0
2022,Cáceres,1.0,0
2021,La Coruña,5.0,0
2020,Ávila,6.0,0
2021,Albacete,,0
2020,Soria,3.0,0
2024,Toledo,,0
2022,Barcelona,4.0,0
2020,Toledo,,0
2019,Girona,4.0,0
2023,Tarragona,,0
2019,Ceuta,7.0,0
2022,Orense,6.0,0
2025,La Rioja,1.0,0
2020,Las Palmas,1.0,0
2019,Albacete,,0
2019,León,10.0,0
2025,Toledo,1.0,0
2024,Tarragona,8.0,0
2022,Sevilla,4.0,0
2022,Salamanca,4.0,0
2026,Málaga,,0
2025,Cuenca,4.0,0
2024,Zaragoza,6.0,0
2019,Almería,6.0,0
2022,Salamanca,1.0,0
2019,Zamora,9.0,0
2024,Zamora,10.0,0
2022,Ceuta,2.0,0
2020,Islas Baleares,9.0,0
2024,Cáceres,,0
2023,Segovia,2.0,0
2022,Orense,10.0,0
2025,Badajoz,9.0,0
2021,Guipúzcoa,5.0,0
2022,Cádiz,5.0,0
2025,Madrid,7.0,0
2025,Cuenca,,0
2024,Segovia,,0
2026,Guipúzcoa,1.0,0
2025,Granada,9.0,0
2022,Salamanca,5.0,0
2023,Las Palmas,7.0,0
2022,Valladolid,8.0,0
2025,León,,0
2023,Toledo,1.0,0
2021,Ciudad Real,10.0,0
2026,Santa Cruz de Tenerife,10.0,0
2023,Pontevedra,5.0,0
2023,León,10.0,0
2019,Las Palmas,8.0,0
2024,Navarra,2.0,0
2025,Segovia,3.0,0
2025,Asturias,2.0,0
2025,Santa Cruz de Tenerife,10.0,0
2019,Asturias,9.0,0
2026,Albacete,,0
2023,Santa Cruz de Tenerife,5.0,0
2021,Huelva,6.0,0
2019,Granada,,0
2025,Teruel,1.0,0
2025,Ávila,5.0,0
2026,Cuenca,6.0,0
2024,Guadalajara,,0
2025,Cuenca,,0
2024,Las Palmas,,0
2025,Islas Baleares,,0
2019,Vizcaya,,0
2019,Albacete,8.0,0
2026,León,10.0,0
2025,Ávila,5.0,0
2024,Navarra,4.0,0
2025,Zaragoza,3.0,0
2025,Melilla,,0
2023,Álava,,0
2022,Castellón,1.0,0
2026,Jaén,10.0,0
2023,Zaragoza,7.0,0
2021,Islas Baleares,7.0,0
2020,Zaragoza,5.0,0
2025,León,1.0,0
2021,Toledo,4.0,0
2021,Girona,3.0,0
2025,Vizcaya,10.0,0
2025,Valencia,,0
2022,Albacete,,0
2023,Castellón,10.0,0
2023,Soria,3.0,0
2019,Palencia,8.0,0
2020,Lleida,10.0,0
2022,Guipúzcoa,1.0,0
2019,Melilla,5.0,0
2023,Teruel,,0
2024,Sevilla,,0
2021,Segovia,4.0,0
2021,Santa Cruz de Tenerife,4.0,0
2019,Vizcaya,1.0,0
2024,Girona,2.0,0
2023,Málaga,,0
2020,Badajoz,5.0,0
2021,Santa Cruz de Tenerife,4.0,0
2020,Burgos,,0
2022,Cuenca,,0
2026,Lleida,2.0,0
2022,Lleida,5.0,0
2020,Santa Cruz de Tenerife,3.0,0
2023,Burgos,,0
2022,Segovia,,0
2022,Córdoba,10.0,0
2024,Madrid,1.0,0
2026,La Rioja,10.0,0
2022,Ávila,9.0,0
2023,Guipúzcoa,9.0,0
2021,Huelva,2.0,0
2024,Santa Cruz de Tenerife,,0
2020,Alicante,3.0,0
2020,Lleida,2.0,0
2023,Salamanca,10.0,0
2021,Girona,7.0,0
2020,Navarra,10.0,0
2020,Asturias,1.0,0
2019,Cantabria,5.0,0
2025,Valencia,2.0,0
2025,Palencia,6.0,0
2023,Guipúzcoa,1.0,0
2025,Girona,7.0,0
2020,Zamora,,0
2025,Huesca,6.0,0
2020,Lleida,3.0,0
2025,Navarra,5.0,0
2023,Granada,,0
2019,Orense,6.0,0
2021,Castellón,5.0,0
2020,La Coruña,,0
2023,Melilla,,0
2023,Vizcaya,8.0,0
2020,Zamora,9.0,0
2024,Asturias,9.0,0
2023,Murcia,,0
2023,Ciudad Real,4.0,0
2025,Alicante,10.0,0
2023,Islas Baleares,6.0,0
2019,Burgos,9.0,0
2025,Burgos,9.0,0
2022,Ceuta,2.0,0
2020,Islas Baleares,10.0,0
2021,La Rioja,10.0,0
2020,Santa Cruz de Tenerife,,0
2020,Navarra,1.0,0
2019,Orense,10.0,0
2019,Zaragoza,3.0,0
2024,Girona,,0
2025,Burgos,,0
2023,Cantabria,2.0,0
2023,Zamora,7.0,0
2021,Cuenca,4.0,0
2023,Melilla,,0
2020,Zaragoza,7.0,0
2019,Córdoba,,0
2020,Segovia,10.0,0
2022,Santa Cruz de Tenerife,10.0,0
2024,Cantabria,9.0,0
2021,Castellón,2.0,0
2020,Segovia,8.0,0
2026,Burgos,8.0,0
2025,Badajoz,7.0,0
2021,Cádiz,7.0,0
2019,Burgos,2.0,0
2020,Murcia,4.0,0
2024,Castellón,1.0,0
2023,Ciudad Real,,0
2019,Lleida,1.0,0
2025,Ávila,3.0,0
2021,Segovia,6.0,0
2021,Salamanca,1.0,0
2019,Cáceres,6.0,0
2024,Navarra,10.0,0
2023,Córdoba,4.0,0
2022,Islas Baleares,7.0,0
2021,La Rioja,7.0,0
2020,Palencia,,0
2025,Santa Cruz de Tenerife,6.0,0
2022,Cádiz,7.0,0
2022,Orense,9.0,0
2020,Huesca,2.0,0
2022,Melilla,7.0,0
2023,Soria,3.0,0
2020,Toledo,7.0,0
2026,Alicante,,0
2025,Cantabria,9.0,0
2021,Murcia,9.0,0
2023,La Coruña,9.0,0
2019,Castellón,7.0,0
2022,Orense,1.0,0
2023,Islas Baleares,,0
2021,Castellón,4.0,0
2019,La Coruña,7.0,0
2021,Ávila,,0
2024,Huelva,,0
2024,Pontevedra,7.0,0
2025,Valencia,1.0,0
2022,Badajoz,10.0,0
2022,Islas Baleares,10.0,0
2025,Zaragoza,6.0,0
2023,Segovia,10.0,0
2020,Cádiz,6.0,0
2026,La Coruña,4.0,0
2019,Jaén,1.0,0
2020,Lleida,2.0,0
2020,Las Palmas,9.0,0
2026,Lleida,4.0,0
2019,Álava,1.0,0
2023,Cádiz,,0
2024,Pontevedra,7.0,0
2019,Badajoz,1.0,0
2023,Segovia,3.0,0
2019,Castellón,7.0,0
2024,Málaga,2.0,0
2025,Málaga,5.0,0
2020,Murcia,1.0,0
2020,Huesca,7.0,0
2019,Granada,1.0,0
2026,Santa Cruz de Tenerife,3.0,0
2025,Barcelona,3.0,0
2020,Guadalajara,9.0,0
2024,Zamora,5.0,0
2026,Huelva,10.0,0
2021,La Coruña,1.0,0
2025,Albacete,8.0,0
2021,Palencia,10.0,0
2022,Málaga,6.0,0
2025,Albacete,3.0,0
2026,Ceuta,4.0,0
2019,Guipúzcoa,8.0,0
2023,Guadalajara,9.0,0
2021,Salamanca,,0
2023,Málaga,6.0,0
2022,Cantabria,4.0,0
2023,Cantabria,7.0,0
2022,Valencia,3.0,0
2022,León,2.0,0
2026,Soria,10.0,0
2025,Orense,6.0,0
2021,Girona,2.0,0
2021,Salamanca,6.0,0
2025,Vizcaya,6.0,0
2023,Badajoz,6.0,0
2025,Santa Cruz de Tenerife,4.0,0
2024,Tarragona,4.0,0
2024,Navarra,6.0,0
2024,La Coruña,6.0,0
2019,Salamanca,,0
2025,Segovia,5.0,0
2022,Cáceres,10.0,0
2025,Cádiz,2.0,0
2019,Córdoba,9.0,0
2022,Lugo,10.0,0
2019,Pontevedra,8.0,0
2023,Cantabria,9.0,0
2019,Zamora,,0
2026,Vizcaya,5.0,0
2026,Teruel,8.0,0
2020,La Coruña,9.0,0
2021,Salamanca,4.0,0
2021,Santa Cruz de Tenerife,6.0,0
2023,Guipúzcoa,8.0,0
2026,Badajoz,4.0,0
2026,Valladolid,4.0,0
2020,Murcia,2.0,0
2024,Castellón,,0
2019,Cuenca,10.0,0
2024,Madrid,,0
2020,Toledo,2.0,0
2021,Madrid,,0
2025,Girona,,0
2019,Orense,3.0,0
2025,Guadalajara,,0
2019,Asturias,9.0,0
2022,Cádiz,5.0,0
2022,Santa Cruz de Tenerife,,0
2019,Álava,10.0,0
2020,León,5.0,0
2020,Cádiz,9.0,0
2024,Girona,2.0,0
2020,Huelva,2.0,0
2019,Ceuta,8.0,0
2022,Albacete,,0
2019,Lleida,2.0,0
2025,Asturias,5.0,0
2023,Toledo,1.0,0
2026,Asturias,3.0,0
2019,Cantabria,9.0,0
2023,Almería,,0
2024,Castellón,10.0,0
2021,Valencia,7.0,0
2023,Lugo,10.0,0
2021,Girona,3.0,0
2026,Cuenca,8.0,0
2024,Segovia,7.0,0
2021,Toledo,,0
2026,Cuenca,9.0,0
2021,Islas Baleares,9.0,0
2023,Badajoz,,0
2023,Burgos,7.0,0
2020,Santa Cruz de Tenerife,10.0,0
2024,Orense,1.0,0
2020,Asturias,8.0,0
2022,La Rioja,,0
2022,Melilla,5.0,0
2025,Cantabria,6.0,0
2023,Granada,5.0,0
2021,Ceuta,6.0,0
2025,Valencia,,0
2022,Zaragoza,10.0,0
2025,Cáceres,5.0,0
2021,La Coruña,10.0,0
2020,Almería,5.0,0
2021,Vizcaya,9.0,0
2020,Huesca,8.0,0
2021,Girona,7.0,0
2021,Lugo,10.0,0
2019,Cuenca,8.0,0
2025,Pontevedra,10.0,0
2022,Zamora,,0
2020,Santa Cruz de Tenerife,3.0,0
2024,Girona,1.0,0
2020,Teruel,5.0,0
2021,Girona,,0
2024,Ceuta,5.0,0
2019,Almería,,0
2026,Guadalajara,4.0,0
2025,Pontevedra,8.0,0
2021,Islas Baleares,6.0,0
2024,Melilla,8.0,0
2025,Teruel,,0
2023,Almería,1.0,0
2022,Toledo,9.0,0
2021,Alicante,7.0,0
2024,Burgos,7.0,0
2023,Zamora,8.0,0
2019,Cantabria,,0
2021,Lugo,1.0,0
2025,Córdoba,4.0,0
2022,Tarragona,5.0,0
2024,Álava,6.0,0
2024,Tarragona,2.0,0
2023,Lleida,,0
2025,Castellón,1.0,0
2026,Alicante,7.0,0
2025,Sevilla,6.0,0
2020,Islas Baleares,6.0,0
2020,Santa Cruz de Tenerife,,0
2023,Álava,,0
2023,Badajoz,5.0,0
2024,Santa Cruz de Tenerife,3.0,0
2025,Ciudad Real,,0
2019,Ceuta,4.0,0
2024,Jaén,5.0,0
2019,Cuenca,6.0,0
2025,Girona,7.0,0
2019,Zaragoza,3.0,0
2022,Valencia,,0
2019,Granada,2.0,0
2021,Lleida,2.0,0
2025,Palencia,8.0,0
2019,Santa Cruz de Tenerife,1.0,0
2020,Segovia,9.0,0
2021,Guadalajara,8.0,0
2024,Cuenca,7.0,0
2025,Alicante,4.0,0
2021,Madrid,2.0,0
2025,Huelva,2.0,0
2024,Albacete,6.0,0
2024,Las Palmas,2.0,0
2019,Soria,,0
2024,Lugo,10.0,0
2023,Castellón,5.0,0
2019,Cantabria,,0
2023,Granada,10.0,0
2021,Zaragoza,4.0,0
2019,Córdoba,,0
2020,Álava,6.0,0
2023,Cuenca,10.0,0
2019,Toledo,8.0,0
2020,Córdoba,5.0,0
2019,Teruel,7.0,0
2019,Murcia,5.0,0
2026,Álava,,0
2020,Burgos,,0
2024,Almería,2.0,0
2022,Guipúzcoa,7.0,0
2024,Salamanca,10.0,0
2020,Álava,9.0,0
2023,Vizcaya,4.0,0
2019,Huesca,5.0,0
2020,Barcelona,3.0,0
2022,Girona,6.0,0
2023,Cuenca,10.0,0
2020,Huelva,8.0,0
2019,Guipúzcoa,5.0,0
2023,Madrid,,0
2022,Palencia,,0
2020,Zamora,,0
2025,Valencia,2.0,0
2024,Cantabria,5.0,0
2025,Segovia,9.0,0
2025,Teruel,5.0,0
2025,Salamanca,6.0,0
2026,Soria,10.0,0
2019,Sevilla,8.0,0
2026,Lleida,2.0,0
2025,Jaén,,0
2024,Álava,2.0,0
2022,Cantabria,,0
2024,Ciudad Real,6.0,0
2022,Navarra,3.0,0
2019,Santa Cruz de Tenerife,,0
2019,Huelva,4.0,0
2024,Madrid,1.0,0
2024,Islas Baleares,7.0,0
2026,Albacete,8.0,0
2026,Zaragoza,,0
2025,Vizcaya,,0
2019,Cuenca,9.0,0
2024,Granada,,0
2019,Alicante,,0
2020,Girona,9.0,0
2022,Málaga,3.0,0
2020,Zaragoza,5.0,0
2022,Soria,10.0,0
2025,Cáceres,5.0,0
2020,Orense,7.0,0
2023,Córdoba,7.0,0
2025,Ceuta,7.0,0
2022,Córdoba,3.0,0
2021,León,4.0,0
2022,Cáceres,10.0,0
2024,Burgos,1.0,0
2023,Las Palmas,5.0,0
2023,Burgos,,0
2025,Tarragona,9.0,0
2023,Murcia,8.0,0
2020,Toledo,4.0,0
2021,Lugo,8.0,0
2023,Cantabria,4.0,0
2021,Huelva,1.0,0
2021,Huelva,,0
2019,Lleida,8.0,0
2024,Cantabria,3.0,0
2024,Badajoz,1.0,0
2023,Lleida,1.0,0
2025,Córdoba,,0
2026,Santa Cruz de Tenerife,6.0,0
2024,Melilla,9.0,0
2019,Cuenca,8.0,0
2022,Islas Baleares,8.0,0
2021,Soria,5.0,0
2022,Castellón,6.0,0
2022,Zamora,5.0,0
2025,Huelva,,0
2025,Burgos,6.0,0
2022,Alicante,5.0,0
2026,Badajoz,4.0,0
2023,Cuenca,2.0,0
2025,Sevilla,1.0,0
2022,Albacete,3.0,0
2020,Guipúzcoa,1.0,0
2024,Lleida,,0
2019,Cádiz,2.0,0
2019,León,6.0,0
2024,Ávila,9.0,0
2024,Sevilla,,0
2022,Guadalajara,7.0,0
2021,León,,0
2019,Islas Baleares,1.0,0
2020,Álava,3.0,0
2026,Burgos,7.0,0
2025,Salamanca,6.0,0
2023,Soria,4.0,0
2023,Segovia,5.0,0
2025,Madrid,10.0,0
2023,Vizcaya,8.0,0
2024,Huesca,,0
2022,Lugo,6.0,0
2024,Castellón,7.0,0
2021,Huelva,8.0,0
2021,Ceuta,9.0,0
2019,Islas Baleares,6.0,0
2022,Valencia,,0
2020,Navarra,5.0,0
2023,Guipúzcoa,1.0,0
2023,Palencia,,0
2022,Segovia,2.0,0
2019,Santa Cruz de Tenerife,2.0,0
2021,Lleida,10.0,0
2021,Valencia,9.0,0
2022,Córdoba,,0
2026,Guadalajara,10.0,0
2021,Granada,3.0,0
2019,Albacete,10.0,0
2023,Guadalajara,,0
2019,Guadalajara,6.0,0
2024,Cantabria,10.0,0
2022,Las Palmas,4.0,0
2024,Cáceres,5.0,0
2024,Soria,1.0,0
2022,Lleida,,0
2023,Asturias,1.0,0
2020,Islas Baleares,6.0,0
2025,Valencia,2.0,0
2020,Córdoba,8.0,0
2023,Zamora,7.0,0
2019,Palencia,,0
2024,León,4.0,0
2025,Teruel,,0
2025,Álava,2.0,0
2021,Madrid,3.0,0
2021,Almería,8.0,0
2024,Huesca,1.0,0
2026,Ciudad Real,5.0,0
2020,Lleida,10.0,0
2025,Orense,8.0,0
2024,Huelva,3.0,0
2021,Guipúzcoa,3.0,0
2019,Tarragona,10.0,0
2024,Cantabria,6.0,0
2020,Barcelona,3.0,0
2019,Murcia,4.0,0
2023,Lleida,10.0,0
2026,Ceuta,7.0,0
2024,Castellón,4.0,0
2021,Zaragoza,4.0,0
2026,Lleida,1.0,0
2021,Lleida,10.0,0
2021,Segovia,8.0,0
2025,Zamora,10.0,0
2022,Madrid,5.0,0
2022,Zaragoza,4.0,0
2021,Córdoba,5.0,0
2020,Murcia,9.0,0
2021,La Coruña,3.0,0
2026,Orense,7.0,0
2020,Pontevedra,4.0,0
2021,Girona,9.0,0
2022,Huesca,8.0,0
2024,Cantabria,6.0,0
2024,Toledo,1.0,0
2020,Santa Cruz de Tenerife,,0
2021,Huesca,10.0,0
2023,Toledo,7.0,0
2020,León,5.0,0
2020,La Coruña,1.0,0
2025,Guipúzcoa,3.0,0
2022,Huesca,6.0,0
2023,Alicante,8.0,0
2022,Toledo,7.0,0
2025,Lugo,2.0,0
2019,Santa Cruz de Tenerife,,0
2024,Ávila,5.0,0
2021,Huesca,,0
2023,Valladolid,,0
2021,Girona,2.0,0
2021,Girona,9.0,0
2023,Huesca,,0
2019,Castellón,,0
2019,Sevilla,,0
2021,Valencia,,0
2022,Ceuta,,0
2020,Almería,1.0,0
2025,Almería,,0
2022,Huesca,5.0,0
2019,Ceuta,1.0,0
2026,Teruel,7.0,0
2019,Lugo,7.0,0
2020,Toledo,3.0,0
2024,Palencia,,0
2023,Huesca,7.0,0
2022,Ciudad Real,6.0,0
2022,Lugo,9.0,0
2019,Girona,5.0,0
2019,Badajoz,4.0,0
2023,Granada,2.0,0
2022,Cantabria,10.0,0
2025,Teruel,8.0,0
2020,Madrid,9.0,0
2026,Córdoba,9.0,0
2019,Sevilla,10.0,0
2019,Castellón,8.0,0
2019,Alicante,8.0,0
2024,Alicante,9.0,0
2025,Lugo,7.0,0
2020,Palencia,9.0,0
2019,Jaén,2.0,0
2019,Salamanca,5.0,0
2022,Cáceres,2.0,0
2020,Zaragoza,9.0,0
2019,Ávila,9.0,0
2019,Huesca,,0
2020,Orense,6.0,0
2020,Guadalajara,3.0,0
2019,Huelva,6.0,0
2020,Asturias,7.0,0
2023,Pontevedra,,0
2024,Teruel,,0
2023,Guadalajara,,0
2024,Álava,3.0,0
2024,Málaga,,0
2022,Lleida,9.0,0
2020,Castellón,7.0,0
2020,Santa Cruz de Tenerife,5.0,0
2024,La Coruña,,0
2025,León,1.0,0
2025,Vizcaya,9.0,0
2024,Vizcaya,2.0,0
2021,Teruel,6.0,0
2022,Guipúzcoa,4.0,0
2021,Guipúzcoa,1.0,0
2020,Orense,,0
2021,Navarra,1.0,0
2019,Albacete,7.0,0
2026,Córdoba,3.0,0
2024,Toledo,,0
2020,Burgos,,0
2023,Burgos,4.0,0
2021,Pontevedra,2.0,0
2023,Alicante,7.0,0
2023,Ciudad Real,,0
2020,Sevilla,2.0,0
2024,Albacete,2.0,0
2025,Córdoba,9.0,0
2025,Huesca,4.0,0
2020,Teruel,2.0,0
2020,Lugo,,0
2025,Huesca,2.0,0
2025,Alicante,,0
2024,Cantabria,6.0,0
2019,Granada,5.0,0
2024,Zaragoza,,0
2025,Santa Cruz de Tenerife,9.0,0
2021,Valladolid,,0
2019,Santa Cruz de Tenerife,,0
2026,Asturias,,0
2020,Las Palmas,,0
2023,Zamora,2.0,0
2025,Cantabria,2.0,0
2024,Valencia,3.0,0
2025,Pontevedra,5.0,0
2023,Guadalajara,,0
2022,Asturias,,0
2021,Ciudad Real,1.0,0
2022,Badajoz,,0
2020,Sevilla,1.0,0
2025,Almería,8.0,0
2023,Zamora,,0
2021,Girona,8.0,0
2020,Valladolid,1.0,0
2022,Albacete,10.0,0
2025,Pontevedra,10.0,0
2019,Islas Baleares,2.0,0
2023,Pontevedra,,0
2025,Cantabria,8.0,0
2020,Huesca,7.0,0
2019,Santa Cruz de Tenerife,,0
2019,Burgos,,0
2019,Orense,,0
2020,Santa Cruz de Tenerife,3.0,0
2026,Badajoz,10.0,0
2024,Córdoba,8.0,0
2022,La Coruña,5.0,0
2022,Soria,10.0,0
2024,Navarra,7.0,0
2020,Zamora,2.0,0
2024,Cuenca,,0
2021,Palencia,1.0,0
2022,Cuenca,9.0,0
2025,Tarragona,5.0,0
2021,Girona,4.0,0
2023,Albacete,10.0,0
2020,Palencia,1.0,0
2020,Castellón,1.0,0
2023,Melilla,9.0,0
2026,Álava,,0
2022,Guadalajara,1.0,0
2025,Soria,4.0,0
2025,Vizcaya,10.0,0
2022,Castellón,10.0,0
2022,Soria,,0
2025,La Coruña,3.0,0
2019,Álava,,0
2024,Alicante,10.0,0
2026,Soria,4.0,0
2020,Navarra,,0
2021,Girona,,0
2019,Asturias,10.0,0
2019,Las Palmas,9.0,0
2020,Orense,9.0,0
2021,Asturias,2.0,0
2023,Albacete,8.0,0
2024,Toledo,8.0,0
2024,León,,0
2019,Álava,5.0,0
2025,Vizcaya,9.0,0
2026,Valencia,2.0,0
2019,Tarragona,,0
2019,Lugo,9.0,0
2023,Cádiz,4.0,0
2020,Valladolid,3.0,0
2019,Asturias,,0
2024,Girona,7.0,0
2024,Girona,1.0,0
2024,Córdoba,5.0,0
2025,Cuenca,,0
2025,Girona,8.0,0
2024,Zaragoza,2.0,0
2023,Huesca,5.0,0
2019,Valladolid,3.0,0
2024,Guipúzcoa,2.0,0
2019,Vizcaya,,0
2021,Pontevedra,4.0,0
2019,Soria,,0
2019,Badajoz,,0
2025,Segovia,10.0,0
2025,Segovia,8.0,0
2025,Huelva,10.0,0
2023,Badajoz,5.0,0
2020,Salamanca,7.0,0
2022,Huelva,6.0,0
2024,Zamora,8.0,0
2025,Girona,5.0,0
2025,Melilla,1.0,0
2025,Alicante,8.0,0
2022,Castellón,,0
2022,Palencia,3.0,0
2023,Córdoba,6.0,0
2024,Cáceres,,0
2019,Almería,5.0,0
2025,Salamanca,4.0,0
2022,Las Palmas,9.0,0
2020,La Rioja,5.0,0
2022,Zamora,3.0,0
2026,Barcelona,3.0,0
2025,Lugo,4.0,0
2026,Pontevedra,,0
2022,Madrid,8.0,0
2022,Lleida,8.0,0
2022,Navarra,5.0,0
2022,Santa Cruz de Tenerife,,0
2024,Orense,9.0,0
2020,Toledo,,0
2021,Navarra,7.0,0
2024,Ceuta,7.0,0
2022,La Rioja,7.0,0
2024,Toledo,10.0,0
2025,Sevilla,3.0,0
2023,Salamanca,6.0,0
2023,Granada,8.0,0
2024,Castellón,2.0,0
2022,Tarragona,,0
2021,Vizcaya,9.0,0
2024,Las Palmas,10.0,0
2023,Burgos,8.0,0
2023,Valencia,3.0,0
2023,Zaragoza,4.0,0
2022,Pontevedra,2.0,0
2024,La Coruña,10.0,0
2020,Teruel,5.0,0
2022,Navarra,,0
2019,Cuenca,10.0,0
2019,Salamanca,9.0,0
2022,Cuenca,8.0,0
2021,Islas Baleares,7.0,0
2019,Cuenca,1.0,0
2020,León,9.0,0
2025,Lleida,1.0,0
2023,Madrid,,0
2020,Castellón,7.0,0
2025,Girona,1.0,0
2023,Albacete,6.0,0
2020,Málaga,1.0,0
2024,Toledo,4.0,0
2026,Málaga,,0
2020,Huesca,2.0,0
2020,Madrid,9.0,0
2026,Navarra,9.0,0
2020,Zamora,2.0,0
2020,Cantabria,2.0,0
2024,Salamanca,,0
2024,Badajoz,10.0,0
2024,Cáceres,1.0,0
2021,Lleida,7.0,0
2019,Albacete,3.0,0
2022,Valencia,5.0,0
2023,Alicante,10.0,0
2026,Zamora,10.0,0
2022,Ávila,7.0,0
2024,Burgos,,0
2026,Alicante,2.0,0
2019,Huesca,10.0,0
2025,Palencia,,0
2019,Lugo,2.0,0
2023,Almería,7.0,0
2019,Melilla,,0
2020,Ceuta,,0
2025,Tarragona,4.0,0
2022,Guipúzcoa,9.0,0
2022,Valencia,2.0,0
2022,Lugo,,0
2019,Alicante,2.0,0
2025,Alicante,4.0,0
2023,Santa Cruz de Tenerife,,0
2019,Cantabria,6.0,0
2022,Lugo,8.0,0
2019,Burgos,5.0,0
2025,Sevilla,,0
2023,Zaragoza,10.0,0
2023,Pontevedra,6.0,0
2023,Lleida,2.0,0
2026,Guadalajara,8.0,0
2022,La Coruña,2.0,0
2019,Toledo,5.0,0
2020,Cádiz,7.0,0
2021,Toledo,4.0,0
2024,Cáceres,4.0,0
2022,Vizcaya,10.0,0
2021,Burgos,7.0,0
2021,Segovia,8.0,0
2022,Pontevedra,3.0,0
2021,Lleida,3.0,0
2022,Castellón,,0
2023,Santa Cruz de Tenerife,3.0,0
2025,Córdoba,7.0,0
2019,Islas Baleares,,0
2024,Castellón,,0
2022,Ceuta,10.0,0
2020,Soria,,0
2020,Huelva,7.0,0
2025,Palencia,10.0,0
2025,Barcelona,,0
2023,Guipúzcoa,7.0,0
2024,Lleida,,0
2023,Valencia,7.0,0
2019,Navarra,,0
2024,Murcia,9.0,0
2023,Huesca,10.0,0
2021,Lleida,1.0,0
2022,Lleida,8.0,0
2025,Segovia,8.0,0
2024,Granada,2.0,0
2024,Soria,7.0,0
2025,Valladolid,8.0,0
2026,Alicante,4.0,0
2023,Teruel,10.0,0
2025,Asturias,8.0,0
2020,Málaga,10.0,0
2022,Sevilla,10.0,0
2019,Vizcaya,1.0,0
2026,Vizcaya,6.0,0
2023,Orense,10.0,0
2026,Islas Baleares,6.0,0
2024,Santa Cruz de Tenerife,2.0,0
2022,Huesca,4.0,0
2024,Castellón,10.0,0
2023,Lleida,7.0,0
2021,Córdoba,,0
2021,Burgos,,0
2022,Madrid,9.0,0
2025,Santa Cruz de Tenerife,7.0,0
2021,Cantabria,,0
2020,Asturias,1.0,0
2022,Teruel,,0
2024,Badajoz,8.0,0
2024,Orense,8.0,0
2024,Santa Cruz de Tenerife,3.0,0
2021,Cuenca,8.0,0
2023,Huelva,6.0,0
2019,Cáceres,8.0,0
2026,Teruel,1.0,0
2020,Navarra,9.0,0
2019,Cuenca,,0
2023,Islas Baleares,3.0,0
2024,Ávila,6.0,0
2025,Burgos,7.0,0
2021,Granada,9.0,0
2024,Murcia,2.0,0
2022,Girona,8.0,0
2020,Álava,2.0,0
2022,Sevilla,5.0,0
2019,Toledo,10.0,0
2020,Teruel,5.0,0
2021,Navarra,3.0,0
2019,Córdoba,9.0,0
2025,Islas Baleares,5.0,0
2022,Murcia,2.0,0
2026,Ciudad Real,,0
2019,Salamanca,,0
2024,Las Palmas,1.0,0
2023,Soria,6.0,0
2020,Valencia,7.0,0
2020,Sevilla,10.0,0
2025,Salamanca,8.0,0
2025,Lugo,1.0,0
2021,Toledo,,0
2023,Navarra,10.0,0
2019,Almería,,0
2026,Murcia,5.0,0
2019,Ciudad Real,,0
2026,Santa Cruz de Tenerife,4.0,0
2021,Almería,8.0,0
2023,Girona,9.0,0
2023,Teruel,1.0,0
2023,Alicante,10.0,0
2022,León,5.0,0
2020,Toledo,7.0,0
2022,Albacete,3.0,0
2025,Murcia,2.0,0
2023,Huelva,3.0,0
2021,Orense,,0
2026,Zamora,9.0,0
2024,León,3.0,0
2021,Zamora,5.0,0
2019,Huelva,1.0,0
2026,Álava,,0
2026,Castellón,9.0,0
2021,Córdoba,,0
2021,Tarragona,,0
2026,Tarragona,6.0,0
2020,Asturias,,0
2023,Las Palmas,8.0,0
2020,Melilla,8.0,0
2024,Girona,2.0,0
2024,Cantabria,3.0,0
2024,Lugo,2.0,0
2019,Barcelona,3.0,0
2022,Girona,9.0,0
2019,Santa Cruz de Tenerife,9.0,0
2020,Lugo,3.0,0
2019,Huesca,9.0,0
2024,Santa Cruz de Tenerife,6.0,0
2025,Ceuta,2.0,0
2025,Girona,,0
2026,Toledo,1.0,0
2025,Córdoba,10.0,0
2025,Navarra,,0
2025,Navarra,2.0,0
2022,Sevilla,3.0,0
2025,Zaragoza,6.0,0
2023,Salamanca,,0
2023,Málaga,6.0,0
2019,Córdoba,7.0,0
2026,Ávila,10.0,0
2024,Madrid,5.0,0
2020,Pontevedra,5.0,0
2023,Cádiz,1.0,0
2025,Málaga,,0
2024,Ceuta,9.0,0
2024,Soria,2.0,0
2021,Madrid,,0
2025,Teruel,,0
2020,Albacete,,0
2019,Melilla,1.0,0
2026,Madrid,8.0,0
2023,Soria,9.0,0
2023,Sevilla,2.0,0
2019,La Coruña,1.0,0
2020,Guadalajara,2.0,0
2019,Islas Baleares,6.0,0
2023,Cantabria,3.0,0
2023,Girona,10.0,0
2021,Zaragoza,1.0,0
2023,Ávila,5.0,0
2019,Sevilla,10.0,0
2023,Islas Baleares,9.0,0
2021,Palencia,4.0,0
2019,Badajoz,8.0,0
2024,Orense,5.0,0
2022,Lugo,8.0,0
2020,Soria,9.0,0
2023,Lleida,10.0,0
2020,Toledo,1.0,0
2019,Cantabria,4.0,0
2024,Ávila,1.0,0
2023,Málaga,6.0,0
2019,Madrid,7.0,0
2021,Cuenca,8.0,0
2025,Santa Cruz de Tenerife,4.0,0
2020,Murcia,4.0,0
2019,Las Palmas,,0
2021,Zamora,8.0,0
2020,Málaga,6.0,0
2026,León,6.0,0
2024,Córdoba,6.0,0
2025,Sevilla,,0
2025,Ceuta,3.0,0
2025,Huelva,8.0,0
2019,Álava,5.0,0
2021,Badajoz,1.0,0
2023,Murcia,3.0,0
2019,Lleida,4.0,0
2020,Asturias,4.0,0
2022,Almería,2.0,0
2024,Almería,6.0,0
2025,Badajoz,8.0,0
2025,Madrid,1.0,0
2019,Teruel,8.0,0
2021,Granada,1.0,0
2019,Alicante,,0
2026,Toledo,6.0,0
2023,Las Palmas,7.0,0
2024,Huesca,10.0,0
2020,Sevilla,5.0,0
2022,Toledo,5.0,0
2022,Ávila,5.0,0
2022,Segovia,,0
2023,Orense,5.0,0
2023,Toledo,,0
2021,Valencia,,0
2024,Guipúzcoa,,0
2025,Álava,,0
2025,Girona,6.0,0
2024,Ciudad Real,8.0,0
2023,Santa Cruz de Tenerife,,0
2019,Islas Baleares,1.0,0
2019,Badajoz,6.0,0
2025,Las Palmas,3.0,0
2026,Málaga,10.0,0
2022,Valladolid,,0
2021,Girona,9.0,0
2022,Tarragona,10.0,0
2024,León,4.0,0
2025,Vizcaya,,0
2021,Santa Cruz de Tenerife,2.0,0
2021,Ceuta,10.0,0
2019,Huesca,6.0,0
2019,León,2.0,0
2019,Tarragona,1.0,0
2019,La Rioja,5.0,0
2024,Albacete,,0
2025,Cuenca,,0
2021,Vizcaya,8.0,0
2021,Granada,2.0,0
2026,Lugo,6.0,0
2020,Málaga,,0
2023,Zaragoza,7.0,0
2019,Zaragoza,5.0,0
2020,Lleida,2.0,0
2023,La Coruña,9.0,0
2024,Cáceres,5.0,0
2021,Cuenca,5.0,0
2022,Cádiz,4.0,0
2019,Toledo,1.0,0
2024,Segovia,9.0,0
2021,Tarragona,,0
2020,Lleida,2.0,0
2023,Guadalajara,3.0,0
2025,Jaén,2.0,0
2026,La Rioja,6.0,0
2021,Guipúzcoa,4.0,0
2019,Sevilla,4.0,0
2024,Las Palmas,6.0,0
2022,Teruel,,0
2019,Pontevedra,,0
2021,Barcelona,,0
2020,Burgos,7.0,0
2020,Cuenca,9.0,0
2019,Pontevedra,4.0,0
2023,Cáceres,2.0,0
2022,Zaragoza,4.0,0
2019,Las Palmas,4.0,0
2021,Segovia,1.0,0
2023,Córdoba,4.0,0
2023,Madrid,8.0,0
2024,Salamanca,9.0,0
2025,Córdoba,1.0,0
2023,Guipúzcoa,6.0,0
2022,Valladolid,10.0,0
2023,Badajoz,5.0,0
2020,Ceuta,,0
2021,Girona,2.0,0
2025,Las Palmas,8.0,0
2022,Valencia,9.0,0
2021,Zamora,5.0,0
2022,Guadalajara,4.0,0
2024,Guipúzcoa,8.0,0
2022,Almería,8.0,0
2022,Guipúzcoa,7.0,0
2020,Guipúzcoa,8.0,0
2025,Las Palmas,3.0,0
2019,Lleida,2.0,0
2021,Sevilla,7.0,0
2025,Córdoba,3.0,0
2023,Badajoz,6.0,0
2022,La Coruña,,0
2021,Almería,3.0,0
2023,Zamora,9.0,0
2020,Barcelona,6.0,0
2020,Santa Cruz de Tenerife,3.0,0
2021,La Rioja,10.0,0
2020,La Rioja,,0
2023,Ciudad Real,7.0,0
2025,Jaén,5.0,0
2021,Melilla,5.0,0
2024,Tarragona,,0
2020,Huelva,,0
2020,Guadalajara,2.0,0
2023,Santa Cruz de Tenerife,,0
2023,Ávila,4.0,0
2023,Las Palmas,1.0,0
2022,Álava,9.0,0
2026,Guipúzcoa,2.0,0
2024,León,9.0,0
2022,Zamora,10.0,0
2023,Soria,1.0,0
2023,Almería,3.0,0
2024,Tarragona,,0
2020,Soria,10.0,0
2026,Guadalajara,6.0,0
2025,La Coruña,9.0,0
2022,Girona,7.0,0
2020,Salamanca,2.0,0
2023,Guipúzcoa,,0
2022,Lleida,2.0,0
2026,Castellón,3.0,0
2023,Zamora,6.0,0
2019,Álava,4.0,0
2019,Córdoba,3.0,0
2019,Ciudad Real,1.0,0
2025,Jaén,2.0,0
2026,Alicante,9.0,0
2019,Zamora,,0
2022,Alicante,,0
2020,Jaén,8.0,0
2022,Melilla,,0
2024,Santa Cruz de Tenerife,9.0,0
2019,Huesca,10.0,0
2025,Madrid,,0
2025,Alicante,4.0,0
2024,Murcia,7.0,0
2019,Cuenca,,0
2024,Cádiz,4.0,0
2020,Almería,3.0,0
2023,Ceuta,10.0,0
2020,Lleida,,0
2024,Jaén,9.0,0
2020,Pontevedra,2.0,0
2024,Huelva,,0
2022,Palencia,,0
2019,Lugo,3.0,0
2025,Soria,,0
2023,Zaragoza,2.0,0
2026,Toledo,,0
2024,Sevilla,9.0,0
2022,Las Palmas,6.0,0
2023,Cantabria,3.0,0
2021,Ávila,1.0,0
2026,Vizcaya,8.0,0
2019,Santa Cruz de Tenerife,1.0,0
2026,Orense,,0
2020,Álava,10.0,0
2024,Cáceres,5.0,0
2020,Asturias,3.0,0
2024,Asturias,,0
2022,Melilla,4.0,0
2022,Ávila,6.0,0
2022,Cádiz,2.0,0
2023,Islas Baleares,7.0,0
2024,Huesca,6.0,0
2020,Palencia,,0
2022,Huelva,1.0,0
2025,Lleida,9.0,0
2022,Salamanca,10.0,0
2020,Castellón,2.0,0
2022,Melilla,9.0,0
2024,Córdoba,1.0,0
2023,Burgos,,0
2019,Cuenca,10.0,0
2026,Ciudad Real,7.0,0
2020,Toledo,8.0,0
2022,Melilla,6.0,0
2020,Valencia,3.0,0
2019,Zamora,6.0,0
2021,Cantabria,7.0,0
2023,Huelva,7.0,0
2023,Álava,6.0,0
2023,Álava,,0
2024,Huesca,3.0,0
2025,Navarra,4.0,0
2026,Cáceres,9.0,0
2021,Málaga,3.0,0
2021,Navarra,4.0,0
2023,Alicante,4.0,0
2020,Salamanca,6.0,0
2024,Melilla,7.0,0
2019,Palencia,4.0,0
2022,La Rioja,1.0,0
2025,Girona,7.0,0
2019,Almería,6.0,0
2023,Sevilla,,0
2021,Teruel,6.0,0
2023,Castellón,9.0,0
2019,Alicante,9.0,0
2026,Lleida,1.0,0
2023,Burgos,7.0,0
2021,Orense,5.0,0
2022,Asturias,7.0,0
2019,Madrid,1.0,0
2025,Segovia,9.0,0
2025,Granada,8.0,0
2023,Burgos,8.0,0
2025,Santa Cruz de Tenerife,6.0,0
2025,Ávila,2.0,0
2022,Huelva,6.0,0
2025,Segovia,10.0,0
2019,Barcelona,5.0,0
2022,Sevilla,,0
2022,Guipúzcoa,4.0,0
2022,Badajoz,5.0,0
2023,Ávila,,0
2022,Guadalajara,1.0,0
2026,Lleida,,0
2019,Salamanca,,0
2024,Asturias,1.0,0
2019,Lleida,8.0,0
2024,Vizcaya,,0
2023,Almería,,0
2023,Zaragoza,,0
2023,Toledo,3.0,0
2023,Albacete,6.0,0
2019,Ávila,,0
2025,Ceuta,2.0,0
2025,Cáceres,9.0,0
2024,Santa Cruz de Tenerife,3.0,0
2023,Cuenca,8.0,0
2023,Toledo,4.0,0
2022,Cáceres,9.0,0
2022,Vizcaya,4.0,0
2024,Almería,6.0,0
2023,Asturias,6.0,0
2020,La Coruña,10.0,0
2023,Santa Cruz de Tenerife,4.0,0
2023,Girona,7.0,0
2025,Murcia,6.0,0
2021,Granada,,0
2023,Segovia,7.0,0
2020,Orense,4.0,0
2022,Ávila,10.0,0
2021,Huesca,2.0,0
2021,Jaén,5.0,0
2023,Barcelona,7.0,0
2020,Pontevedra,10.0,0
2026,Girona,3.0,0
2024,Cádiz,,0
2021,Cáceres,2.0,0
2026,Cádiz,,0
2020,Valencia,,0
2023,Huesca,2.0,0
2025,Ceuta,,0
2019,Las Palmas,1.0,0
2022,Valladolid,6.0,0
2023,Huesca,,0
2025,Tarragona,5.0,0
2023,Melilla,9.0,0
2022,Orense,,0
2019,Tarragona,7.0,0
2021,Salamanca,4.0,0
2021,Guadalajara,3.0,0
2025,Cáceres,,0
2026,Jaén,1.0,0
2022,Guadalajara,2.0,0
2024,Lleida,,0
2023,Guadalajara,6.0,0
2022,Teruel,6.0,0
2022,Soria,,0
2019,Ávila,6.0,0
2026,Zamora,,0
2020,Zamora,1.0,0
2023,Valladolid,,0
2025,Alicante,,0
2025,Lleida,,0
2020,Lleida,2.0,0
2024,Lleida,,0
2020,Ciudad Real,9.0,0
2024,Huesca,5.0,0
2024,Castellón,9.0,0
2022,Asturias,9.0,0
2025,Teruel,10.0,0
2019,Cuenca,9.0,0
2023,Málaga,5.0,0
2020,Valencia,6.0,0
2021,Salamanca,9.0,0
2024,Palencia,7.0,0
2024,Ávila,3.0,0
2019,León,8.0,0
2023,Salamanca,3.0,0
2023,Soria,5.0,0
2025,Zaragoza,2.0,0
2024,Murcia,9.0,0
2020,Málaga,2.0,0
2025,Ceuta,5.0,0
2020,Palencia,3.0,0
2022,Orense,5.0,0
2022,Orense,6.0,0
2022,La Rioja,,0
2019,Las Palmas,8.0,0
2024,Tarragona,,0
2022,Girona,,0
2025,Sevilla,2.0,0
2021,Huelva,3.0,0
2025,León,,0
2022,La Coruña,9.0,0
2021,Almería,6.0,0
2020,Murcia,4.0,0
2020,Las Palmas,5.0,0
2020,Santa Cruz de Tenerife,6.0,0
2024,Toledo,,0
2024,Asturias,10.0,0
2020,Málaga,10.0,0
2024,Sevilla,10.0,0
2019,Lleida,2.0,0
2021,Alicante,3.0,0
2026,Burgos,3.0,0
2025,Ceuta,4.0,0
2024,Segovia,7.0,0
2024,Zamora,,0
2021,Córdoba,9.0,0
2021,Valladolid,10.0,0
2026,Madrid,,0
2021,Ceuta,8.0,0
2021,Las Palmas,,0
2020,León,6.0,0
2022,Barcelona,6.0,0
2021,Cádiz,,0
2022,Segovia,10.0,0
2025,León,5.0,0
2021,Almería,7.0,0
2024,Pontevedra,5.0,0
2025,Alicante,,0
2021,Santa Cruz de Tenerife,,0
2024,Segovia,1.0,0
2019,Alicante,5.0,0
2024,Barcelona,9.0,0
2024,Valencia,4.0,0
2024,Toledo,8.0,0
2020,Alicante,,0
2023,Lleida,4.0,0
2021,Granada,8.0,0
2023,Teruel,,0
2023,Huesca,10.0,0
2021,Girona,1.0,0
2022,Toledo,8.0,0
2021,Teruel,4.0,0
2023,Ávila,2.0,0
2023,Castellón,3.0,0
2024,Huesca,5.0,0
2019,Granada,2.0,0
2021,León,10.0,0
2019,Segovia,4.0,0
2021,Tarragona,6.0,0
2026,Burgos,10.0,0
2019,Las Palmas,1.0,0
2024,Santa Cruz de Tenerife,4.0,0
2024,Málaga,,0
2024,Cádiz,3.0,0
2020,Córdoba,7.0,0
2024,Jaén,9.0,0
2022,La Coruña,10.0,0
2021,Murcia,,0
2024,Almería,4.0,0
2025,Lleida,1.0,0
2025,Toledo,,0
2023,Granada,10.0,0
2020,Valencia,10.0,0
2020,Salamanca,,0
2022,Santa Cruz de Tenerife,1.0,0
2019,Murcia,10.0,0
2022,Orense,8.0,0
2020,Toledo,10.0,0
2024,Salamanca,3.0,0
2023,Palencia,5.0,0
2025,Cádiz,8.0,0
2019,Badajoz,7.0,0
2025,Ávila,1.0,0
2024,Álava,,0
2023,Navarra,10.0,0
2024,Granada,8.0,0
2025,Castellón,,0
2021,Palencia,6.0,0
2019,Santa Cruz de Tenerife,2.0,0
2024,Cantabria,6.0,0
2021,Zaragoza,5.0,0
2021,Burgos,6.0,0
2026,Granada,10.0,0
2023,Lleida,7.0,0
2023,Albacete,7.0,0
2021,Cádiz,3.0,0
2026,Sevilla,9.0,0
2020,Castellón,6.0,0
2019,Soria,2.0,0
2020,Granada,5.0,0
2024,Badajoz,7.0,0
2021,Guipúzcoa,7.0,0
2025,Salamanca,,0
2019,Las Palmas,5.0,0
2019,Jaén,10.0,0
2023,Melilla,4.0,0
2022,Guadalajara,4.0,0
2024,Álava,1.0,0
2026,Orense,8.0,0
2022,Soria,9.0,0
2022,Santa Cruz de Tenerife,5.0,0
2025,Lleida,,0
2023,Burgos,3.0,0
2026,Madrid,1.0,0
2024,Segovia,6.0,0
2020,Madrid,8.0,0
2019,Ceuta,1.0,0
2025,Toledo,10.0,0
2019,Albacete,8.0,0
2024,Segovia,8.0,0
2021,Santa Cruz de Tenerife,9.0,0
2021,Cáceres,8.0,0
2021,Guadalajara,1.0,0
2024,Zamora,7.0,0
2020,Ciudad Real,1.0,0
2024,Málaga,1.0,0
2023,Huelva,1.0,0
2025,Guadalajara,9.0,0
2021,La Coruña,1.0,0
2021,Guipúzcoa,1.0,0
2020,La Rioja,3.0,0
2025,Tarragona,8.0,0
2022,Guadalajara,5.0,0
2020,Almería,6.0,0
2019,Valladolid,6.0,0
2021,Cáceres,8.0,0
2025,Albacete,,0
2022,La Rioja,,0
2021,Vizcaya,3.0,0
2021,Pontevedra,3.0,0
2025,Álava,2.0,0
2023,Ceuta,7.0,0
2024,Valladolid,6.0,0
2021,Salamanca,,0
2019,Salamanca,5.0,0
2021,Cádiz,3.0,0
2024,Vizcaya,8.0,0
2023,Murcia,3.0,0
2020,Cantabria,1.0,0
2023,Guadalajara,1.0,0
2022,Palencia,,0
2021,Teruel,9.0,0
2024,Murcia,3.0,0
2025,La Coruña,8.0,0
2025,Badajoz,,0
2026,Orense,3.0,0
2026,Palencia,1.0,0
2019,Almería,,0
2025,Girona,6.0,0
2024,Salamanca,8.0,0
2024,Lleida,5.0,0
2023,Almería,5.0,0
2025,Islas Baleares,9.0,0
2025,Huelva,10.0,0
2020,Huelva,10.0,0
2026,Melilla,5.0,0
2020,Zaragoza,2.0,0
2024,Badajoz,10.0,0
2023,Álava,5.0,0
2025,Cuenca,7.0,0
2023,Girona,6.0,0
2021,Navarra,,0
2024,Zaragoza,7.0,0
2024,Valencia,7.0,0
2023,Guadalajara,6.0,0
2022,Barcelona,7.0,0
2019,Granada,,0
2024,Almería,10.0,0
2019,Huelva,7.0,0
2023,Cuenca,2.0,0
2019,Vizcaya,9.0,0
2021,Melilla,4.0,0
2019,Álava,,0
2020,Valladolid,4.0,0
2020,Teruel,1.0,0
2021,Melilla,7.0,0
2019,Ávila,10.0,0
2023,Castellón,6.0,0
2019,Las Palmas,3.0,0
2026,Navarra,,0
2026,Orense,,0
2025,Lugo,,0
2024,Santa Cruz de Tenerife,8.0,0
2020,Lleida,5.0,0
2025,Huelva,4.0,0
2020,Cuenca,10.0,0
2023,Lugo,1.0,0
2023,Burgos,6.0,0
2022,Cantabria,6.0,0
2022,Zamora,10.0,0
2023,Soria,7.0,0
2025,Pontevedra,,0
2023,Murcia,4.0,0
2025,Huelva,7.0,0
2026,León,,0
2019,Álava,5.0,0
2026,Ciudad Real,9.0,0
2024,Ciudad Real,8.0,0
2023,La Coruña,9.0,0
2019,Ciudad Real,,0
2020,Álava,7.0,0
2024,Alicante,10.0,0
2020,Alicante,3.0,0
2021,Orense,6.0,0
2021,Jaén,,0
2019,Palencia,5.0,0
2024,Zaragoza,4.0,0
2021,Toledo,5.0,0
2025,La Rioja,6.0,0
2020,Santa Cruz de Tenerife,9.0,0
2020,Palencia,9.0,0
2021,Santa Cruz de Tenerife,9.0,0
2023,Málaga,6.0,0
2026,Lleida,4.0,0
2025,Sevilla,,0
2025,Lleida,,0
2021,Segovia,10.0,0
2025,Cantabria,4.0,0
2024,Ávila,,0
2019,Córdoba,,0
2025,Ceuta,,0
2022,Navarra,10.0,0
2020,Zaragoza,1.0,0
2023,Santa Cruz de Tenerife,,0
2020,Orense,10.0,0
2020,Cádiz,4.0,0
2024,Vizcaya,5.0,0
2025,Melilla,5.0,0
2024,Girona,1.0,0
2023,Guadalajara,9.0,0
2024,Palencia,1.0,0
2025,Granada,10.0,0
2025,Valencia,4.0,0
2024,Girona,7.0,0
2024,Alicante,10.0,0
2023,Madrid,5.0,0
2024,Albacete,2.0,0
2024,Cáceres,4.0,0
2025,Guadalajara,10.0,0
2022,Zamora,10.0,0
2026,Lleida,8.0,0
2022,Málaga,10.0,0
2019,Lleida,6.0,0
2026,Burgos,,0
2022,León,7.0,0
2020,Santa Cruz de Tenerife,4.0,0
2021,Soria,2.0,0
2020,Orense,3.0,0
2025,Alicante,,0
2022,Segovia,5.0,0
2024,Teruel,7.0,0
2023,Albacete,6.0,0
2024,Huelva,6.0,0
2024,Girona,8.0,0
2019,Murcia,9.0,0
2026,Ciudad Real,6.0,0
2025,Santa Cruz de Tenerife,3.0,0
2021,Salamanca,5.0,0
2023,Segovia,,0
2022,Valencia,,0
2023,Granada,10.0,0
2026,Orense,7.0,0
2019,Cáceres,,0
2021,Asturias,10.0,0
2021,Melilla,6.0,0
2026,Cantabria,3.0,0
2022,Murcia,,0
2019,Málaga,3.0,0
2022,Granada,,0
2019,Burgos,9.0,0
2021,La Rioja,,0
2024,Palencia,1.0,0
2025,Melilla,,0
2020,Pontevedra,,0
2022,Huesca,10.0,0
2019,Madrid,,0
2024,Cáceres,7.0,0
2022,Palencia,8.0,0
2023,Zamora,7.0,0
2019,Ceuta,9.0,0
2020,Castellón,7.0,0
2022,Guadalajara,9.0,0
2022,Zaragoza,7.0,0
2023,Orense,2.0,0
2021,Granada,2.0,0
2022,Granada,4.0,0
2023,Cáceres,2.0,0
2019,Murcia,1.0,0
2024,Ciudad Real,4.0,0
2020,Soria,3.0,0
2024,Lleida,10.0,0
2025,Guadalajara,6.0,0
2019,Valencia,7.0,0
2024,Palencia,5.0,0
2019,Guipúzcoa,6.0,0
2020,La Coruña,5.0,0
2023,Tarragona,10.0,0
2021,Murcia,4.0,0
2026,Santa Cruz de Tenerife,6.0,0
2022,Madrid,9.0,0
2025,Asturias,4.0,0
2025,Cádiz,3.0,0
2022,Las Palmas,8.0,0
2019,Melilla,10.0,0
2023,Islas Baleares,,0
2021,Huesca,7.0,0
2024,Ávila,4.0,0
2021,Granada,4.0,0
2019,Huelva,5.0,0
2025,Sevilla,6.0,0
2023,Toledo,2.0,0
2022,Ciudad Real,,0
2022,Teruel,2.0,0
2025,Sevilla,1.0,0
2023,Barcelona,7.0,0
2019,Córdoba,1.0,0
2024,Santa Cruz de Tenerife,7.0,0
2019,La Rioja,7.0,0
2020,Valladolid,,0
2024,Zaragoza,10.0,0
2019,Guipúzcoa,2.0,0
2023,Alicante,4.0,0
2021,Granada,10.0,0
2024,Girona,2.0,0
2024,Almería,1.0,0
2021,Sevilla,1.0,0
2023,Alicante,3.0,0
2020,Murcia,6.0,0
2020,Zaragoza,,0
2019,Soria,5.0,0
2025,Cádiz,,0
2025,Álava,,0
2023,Lleida,4.0,0
2026,Alicante,4.0,0
2020,Burgos,9.0,0
2021,Cuenca,7.0,0
2023,Lugo,6.0,0
2022,Girona,8.0,0
2023,Cáceres,,0
2023,Zamora,,0
2023,Salamanca,1.0,0
2020,La Rioja,4.0,0
2026,Álava,8.0,0
2026,Málaga,9.0,0
2019,Castellón,6.0,0
2022,Toledo,5.0,0
2022,Lleida,8.0,0
2022,Girona,6.0,0
2022,Melilla,3.0,0
2026,Tarragona,,0
2023,Badajoz,5.0,0
2025,Girona,8.0,0
2019,Murcia,6.0,0
2023,Las Palmas,2.0,0
2020,Zamora,,0
2025,La Rioja,,0
2023,Orense,2.0,0
2020,Cantabria,5.0,0
2023,Ávila,,0
2025,Pontevedra,5.0,0
2021,La Rioja,2.0,0
2019,Orense,6.0,0
2019,Córdoba,8.0,0
2020,Toledo,1.0,0
2024,Cáceres,9.0,0
2022,Álava,,0
2021,Granada,5.0,0
2021,La Rioja,6.0,0
2024,Pontevedra,5.0,0
2020,Orense,2.0,0
2022,Soria,5.0,0
2019,Almería,6.0,0
2021,Islas Baleares,6.0,0
2019,Huesca,8.0,0
2020,Alicante,6.0,0
2022,Pontevedra,2.0,0
2026,Soria,1.0,0
2026,Málaga,7.0,0
2023,Huesca,3.0,0
2025,Valencia,4.0,0
2023,Sevilla,8.0,0
2020,Guadalajara,4.0,0
2024,La Coruña,,0
2021,Segovia,4.0,0
2021,Madrid,,0
2024,La Rioja,8.0,0
2020,Palencia,4.0,0
2024,Las Palmas,,0
2020,Santa Cruz de Tenerife,9.0,0
2025,Lleida,4.0,0
2021,Granada,2.0,0
2021,Castellón,,0
2019,Teruel,2.0,0
2020,Tarragona,10.0,0
2024,Pontevedra,2.0,0
2026,Toledo,8.0,0
2021,Cádiz,9.0,0
2024,León,4.0,0
2021,Murcia,9.0,0
2026,Barcelona,6.0,0
2022,Asturias,2.0,0
2024,Barcelona,9.0,0
2025,Asturias,3.0,0
2023,Huesca,10.0,0
2024,Santa Cruz de Tenerife,9.0,0
2026,Cuenca,,0
2020,Islas Baleares,3.0,0
2024,Las Palmas,5.0,0
2020,Cantabria,9.0,0
2020,Cantabria,1.0,0
2020,Murcia,8.0,0
2020,Cuenca,8.0,0
2019,Huelva,5.0,0
2019,Melilla,,0
2025,Castellón,5.0,0
2025,Melilla,,0
2019,Lleida,10.0,0
2021,Cuenca,2.0,0
2020,Barcelona,5.0,0
2020,Santa Cruz de Tenerife,,0
2020,Asturias,2.0,0
2021,Palencia,,0
2023,Teruel,,0
2023,Melilla,,0
2023,Málaga,10.0,0
2021,Orense,,0
2022,Córdoba,2.0,0
2021,Salamanca,3.0,0
2023,Cádiz,1.0,0
2021,Zaragoza,6.0,0
2020,La Rioja,7.0,0
2023,Málaga,,0
2026,Jaén,,0
2024,Girona,3.0,0
2020,Sevilla,,0
2021,Palencia,10.0,0
2023,Guadalajara,9.0,0
2024,Jaén,6.0,0
2020,Navarra,9.0,0
2024,Santa Cruz de Tenerife,4.0,0
2023,Cantabria,10.0,0
2021,Tarragona,3.0,0
2023,Lleida,4.0,0
2022,Orense,2.0,0
2020,Córdoba,7.0,0
2021,Granada,,0
2022,Girona,,0
2025,Lleida,3.0,0
2023,Guadalajara,6.0,0
2023,Navarra,2.0,0
2020,Girona,4.0,0
2020,Córdoba,4.0,0
2021,Murcia,9.0,0
2019,Islas Baleares,2.0,0
2023,Orense,5.0,0
2019,Valencia,6.0,0
2024,Cantabria,6.0,0
2026,Cáceres,7.0,0
2021,Guipúzcoa,,0
2025,Badajoz,10.0,0
2021,Ciudad Real,9.0,0
2019,Burgos,2.0,0
2021,Madrid,,0
2026,Huesca,,0
2020,Santa Cruz de Tenerife,7.0,0
2020,Segovia,,0
2020,Islas Baleares,2.0,0
2023,Teruel,2.0,0
2026,Valladolid,,0
2024,Soria,1.0,0
2025,Ceuta,,0
2020,Orense,,0
2020,Valencia,8.0,0
2025,Ciudad Real,,0
2020,León,2.0,0
2024,Ávila,,0
2023,Huelva,,0
2024,Vizcaya,9.0,0
2024,Tarragona,10.0,0
2024,Melilla,7.0,0
2020,Salamanca,,0
2023,Álava,10.0,0
2022,Huelva,7.0,0
2022,Lugo,6.0,0
2024,Ávila,10.0,0
2019,Guipúzcoa,,0
2021,Navarra,,0
2020,La Coruña,,0
2025,Girona,4.0,0
2023,La Rioja,5.0,0
2026,Huesca,4.0,0
2023,Salamanca,2.0,0
2024,Córdoba,8.0,0
2020,Girona,8.0,0
2021,Málaga,4.0,0
2025,Toledo,2.0,0
2023,Valencia,10.0,0
2025,Santa Cruz de Tenerife,3.0,0
2022,Santa Cruz de Tenerife,2.0,0
2020,Las Palmas,3.0,0
2023,La Coruña,3.0,0
2023,Cáceres,7.0,0
2023,Teruel,4.0,0
2022,Navarra,,0
2025,Cádiz,1.0,0
2022,Castellón,9.0,0
2021,Cantabria,6.0,0
2019,Barcelona,,0
2020,León,9.0,0
2022,León,6.0,0
2022,Orense,3.0,0
2022,Islas Baleares,7.0,0
2020,Burgos,3.0,0
2020,Cuenca,2.0,0
2026,Salamanca,,0
2022,Murcia,10.0,0
2024,Palencia,6.0,0
2019,Ceuta,4.0,0
2022,Valencia,,0
2022,Girona,1.0,0
2023,Valladolid,7.0,0
2021,León,5.0,0
2019,Las Palmas,,0
2019,Toledo,6.0,0
2023,Tarragona,7.0,0
2019,Zaragoza,3.0,0
2022,Lugo,2.0,0
2023,Santa Cruz de Tenerife,,0
2022,Segovia,7.0,0
2020,Santa Cruz de Tenerife,7.0,0
2023,Cuenca,10.0,0
2022,Asturias,6.0,0
2022,Zamora,3.0,0
2026,Badajoz,3.0,0
2024,Ceuta,1.0,0
2021,Palencia,,0
2023,Álava,,0
2024,Girona,7.0,0
2019,Ceuta,6.0,0
2026,Soria,,0
2023,Córdoba,2.0,0
2023,Girona,,0
2020,Murcia,7.0,0
2022,Guadalajara,4.0,0
2019,Las Palmas,6.0,0
2019,Cáceres,,0
2021,Soria,,0
2022,Albacete,9.0,0
2022,Palencia,2.0,0
2025,Santa Cruz de Tenerife,2.0,0
2023,Guadalajara,9.0,0
2023,Navarra,,0
2020,Santa Cruz de Tenerife,3.0,0
2024,Vizcaya,,0
2020,Albacete,3.0,0
2019,Córdoba,3.0,0
2020,Islas Baleares,,0
2019,Valencia,5.0,0
2019,Huelva,7.0,0
2019,Vizcaya,,0
2019,Lleida,10.0,0
2019,Melilla,3.0,0
2020,Madrid,,0
2020,Zamora,9.0,0
2024,Álava,6.0,0
2019,Murcia,,0
2023,Guadalajara,8.0,0
2021,Melilla,4.0,0
2023,Badajoz,,0
2019,Salamanca,6.0,0
2025,Álava,7.0,0
2021,Almería,8.0,0
2019,Burgos,1.0,0
2019,Huesca,6.0,0
2020,Granada,8.0,0
2026,Pontevedra,,0
2020,Girona,8.0,0
2022,Almería,3.0,0
2022,Alicante,5.0,0
2024,Santa Cruz de Tenerife,,0
2023,Cuenca,2.0,0
2022,Segovia,,0
2019,Álava,6.0,0
2026,Orense,,0
2023,Cuenca,4.0,0
2021,Murcia,9.0,0
2024,Lleida,,0
2019,La Rioja,6.0,0
2025,Navarra,4.0,0
2021,Navarra,5.0,0
2025,Jaén,7.0,0
2025,Vizcaya,3.0,0
2020,Almería,4.0,0
2026,Castellón,,0
2022,Córdoba,5.0,0
2025,Santa Cruz de Tenerife,1.0,0
2022,Las Palmas,4.0,0
2026,Castellón,2.0,0
2024,Guipúzcoa,1.0,0
2023,Cuenca,7.0,0
2025,Álava,8.0,0
2021,Pontevedra,1.0,0
2025,Segovia,4.0,0
2021,Zaragoza,1.0,0
2025,Toledo,,0
2025,Girona,1.0,0
2021,Segovia,2.0,0
2025,Ceuta,8.0,0
2019,Santa Cruz de Tenerife,9.0,0
2021,Las Palmas,6.0,0
2022,Castellón,8.0,0
2021,Toledo,5.0,0
2025,Murcia,,0
2024,Asturias,1.0,0
2025,Albacete,4.0,0
2025,Vizcaya,1.0,0
2020,León,10.0,0
2022,Ciudad Real,3.0,0
2025,Málaga,8.0,0
2023,Castellón,8.0,0
2024,Cantabria,6.0,0
2024,Burgos,10.0,0
2023,Valencia,,0
2020,Girona,4.0,0
2022,Cáceres,3.0,0
2023,Badajoz,,0
2020,Ceuta,1.0,0
2019,La Coruña,5.0,0
2025,La Coruña,5.0,0
2022,Sevilla,,0
2022,Orense,4.0,0
2019,Girona,,0
2025,Santa Cruz de Tenerife,2.0,0
2023,Ceuta,1.0,0
2020,Alicante,4.0,0
2025,Ávila,6.0,0
2019,Teruel,3.0,0
2025,Murcia,5.0,0
2023,Almería,,0
2025,Badajoz,3.0,0
2022,Girona,3.0,0
2025,Toledo,2.0,0
2021,León,,0
2025,Valencia,3.0,0
2019,Alicante,5.0,0
2021,Pontevedra,6.0,0
2025,Valencia,,0
2020,León,,0
2019,Palencia,7.0,0
2023,Valencia,6.0,0
2025,Teruel,2.0,0
2022,Cantabria,7.0,0
2024,Zamora,9.0,0
2020,Melilla,2.0,0
2021,Cádiz,5.0,0
2024,Sevilla,2.0,0
2024,Palencia,,0
2022,La Coruña,7.0,0
2019,Santa Cruz de Tenerife,3.0,0
2019,La Rioja,5.0,0
2022,Castellón,9.0,0
2024,Cantabria,2.0,0
2020,Jaén,9.0,0
2022,Islas Baleares,8.0,0
2022,Álava,6.0,0
2025,Girona,4.0,0
2021,Pontevedra,,0
2024,Santa Cruz de Tenerife,,0
2020,Cantabria,1.0,0
2024,Zamora,5.0,0
2023,Orense,,0
2024,Jaén,,0
2019,Valencia,10.0,0
2019,La Coruña,2.0,0
2024,León,5.0,0
2024,León,,0
2025,Santa Cruz de Tenerife,8.0,0
2026,Valencia,1.0,0
2025,La Rioja,9.0,0
2024,Ávila,8.0,0
2021,Huesca,8.0,0
2021,Valladolid,,0
2023,Palencia,8.0,0
2025,Ceuta,,0
2025,Álava,8.0,0
2019,Valencia,8.0,0
2020,Lugo,1.0,0
2023,Cantabria,2.0,0
2023,Lleida,4.0,0
2026,Valladolid,4.0,0
2021,Córdoba,9.0,0
2023,Orense,6.0,0
2023,La Coruña,2.0,0
2024,Segovia,2.0,0
2022,Segovia,7.0,0
2022,Palencia,5.0,0
2024,Cantabria,1.0,0
2022,Santa Cruz de Tenerife,6.0,0
2020,Málaga,4.0,0
2026,Santa Cruz de Tenerife,8.0,0
2021,Granada,5.0,0
2025,Cantabria,1.0,0
2025,Málaga,9.0,0
2024,Lleida,8.0,0
2023,Alicante,2.0,0
2020,Lugo,3.0,0
2024,Badajoz,,0
2021,Córdoba,3.0,0
2023,Ciudad Real,8.0,0
2022,Zaragoza,,0
2024,Murcia,6.0,0
2024,Pontevedra,1.0,0
2021,Málaga,8.0,0
2026,Asturias,5.0,0
2021,Valencia,3.0,0
2026,Cantabria,8.0,0
2023,Pontevedra,4.0,0
2025,Girona,10.0,0
2021,Tarragona,,0
2024,Cantabria,2.0,0
2025,Zamora,3.0,0
2020,Badajoz,9.0,0
2026,Cantabria,1.0,0
2022,Madrid,10.0,0
2022,Cuenca,4.0,0
2023,Asturias,,0
2024,Sevilla,4.0,0
2024,Alicante,6.0,0
2024,Zaragoza,,0
2025,Huesca,6.0,0
2024,Córdoba,10.0,0
2020,Burgos,10.0,0
2025,Murcia,7.0,0
2024,La Rioja,,0
2019,Castellón,9.0,0
2023,Murcia,6.0,0
2020,Ciudad Real,10.0,0
2021,Málaga,9.0,0
2019,Ceuta,9.0,0
2022,Alicante,1.0,0
2021,Barcelona,10.0,0
2020,Guipúzcoa,3.0,0
2021,Ceuta,3.0,0
2022,Lleida,8.0,0
2022,Córdoba,10.0,0
2025,Cuenca,5.0,0
2023,Guadalajara,7.0,0
2026,Barcelona,9.0,0
2024,Almería,6.0,0
2025,Navarra,8.0,0
2025,Vizcaya,2.0,0
2019,Salamanca,,0
2024,Burgos,9.0,0
2025,Valencia,3.0,0
2024,Lleida,2.0,0
2021,Girona,5.0,0
2019,Melilla,7.0,0
2024,Asturias,9.0,0
2026,Huelva,8.0,0
2020,Asturias,9.0,0
2026,Murcia,8.0,0
2019,Cádiz,10.0,0
2022,Guadalajara,3.0,0
2020,Huelva,7.0,0
2020,Toledo,4.0,0
2023,Girona,1.0,0
2025,Cuenca,3.0,0
2023,Zaragoza,9.0,0
2020,Islas Baleares,4.0,0
2026,Segovia,1.0,0
2019,Huelva,,0
2021,Almería,4.0,0
2023,Murcia,,0
2021,Badajoz,7.0,0
2026,Cáceres,10.0,0
2024,Soria,6.0,0
2021,Córdoba,7.0,0
2022,Ávila,2.0,0
2022,Cantabria,1.0,0
2019,Las Palmas,10.0,0
2022,Lleida,9.0,0
2025,Alicante,5.0,0
2022,Zaragoza,2.0,0
2020,Almería,4.0,0
2019,Toledo,,0
2019,Málaga,8.0,0
2024,Valladolid,2.0,0
2025,Huesca,10.0,0
2019,Guadalajara,2.0,0
2022,Huesca,10.0,0
2022,Albacete,4.0,0
2020,Alicante,8.0,0
2024,Valladolid,1.0,0
2022,Almería,,0
2024,Lugo,9.0,0
2024,Cádiz,10.0,0
2024,Guadalajara,4.0,0
2023,Cantabria,4.0,0
2020,Guadalajara,,0
2022,Almería,4.0,0
2021,Melilla,5.0,0
2024,Vizcaya,5.0,0
2022,Murcia,8.0,0
2023,Cádiz,2.0,0
2022,Ceuta,,0
2025,Vizcaya,6.0,0
2021,Alicante,3.0,0
2024,Soria,10.0,0
2021,Álava,2.0,0
2025,Valladolid,1.0,0
2021,Salamanca,8.0,0
2019,Ceuta,8.0,0
2021,Islas Baleares,9.0,0
2021,Salamanca,4.0,0
2020,Tarragona,6.0,0
2022,Badajoz,9.0,0
2022,Melilla,4.0,0
2024,Girona,3.0,0
2025,Castellón,8.0,0
2019,Salamanca,5.0,0
2025,Orense,7.0,0
2023,Melilla,4.0,0
2020,Navarra,8.0,0
2019,Cádiz,8.0,0
2021,Santa Cruz de Tenerife,9.0,0
2023,Melilla,8.0,0
2022,Palencia,7.0,0
2023,Santa Cruz de Tenerife,8.0,0
2023,Soria,2.0,0
2024,Santa Cruz de Tenerife,7.0,0
2022,Sevilla,1.0,0
2025,Albacete,9.0,0
2021,Huelva,7.0,0
2021,Guadalajara,,0
2019,Zaragoza,,0
2022,Teruel,2.0,0
2026,La Coruña,6.0,0
2026,Ceuta,5.0,0
2019,Albacete,6.0,0
2022,Madrid,10.0,0
2025,Valladolid,3.0,0
2022,Girona,,0
2022,Salamanca,7.0,0
2019,Melilla,9.0,0
2019,León,7.0,0
2019,Barcelona,10.0,0
2026,Zamora,10.0,0
2022,Almería,3.0,0
2019,Ciudad Real,2.0,0
2023,Girona,,0
2021,Santa Cruz de Tenerife,10.0,0
2021,Cádiz,7.0,0
2022,Granada,,0
2019,La Coruña,4.0,0
2019,Sevilla,7.0,0
2023,Las Palmas,9.0,0
2021,Girona,5.0,0
2025,León,6.0,0
2023,Cáceres,,0
2026,Las Palmas,6.0,0
2021,La Rioja,5.0,0
2025,Guadalajara,9.0,0
2026,Orense,5.0,0
2022,Toledo,10.0,0
2023,Zaragoza,8.0,0
2020,Sevilla,2.0,0
2021,Girona,4.0,0
2020,Lugo,6.0,0
2021,Islas Baleares,9.0,0
2023,Soria,4.0,0
2019,Barcelona,2.0,0
2023,Murcia,1.0,0
2025,Vizcaya,2.0,0
2025,La Rioja,3.0,0
2020,Salamanca,4.0,0
2020,Salamanca,9.0,0
2024,Salamanca,8.0,0
2025,Zamora,,0
2025,Islas Baleares,1.0,0
2022,Cáceres,10.0,0
2024,Sevilla,7.0,0
2020,Guipúzcoa,7.0,0
2024,Cádiz,,0
2022,Cádiz,3.0,0
2022,Girona,2.0,0
2025,Valencia,5.0,0
2025,Islas Baleares,10.0,0
2025,Soria,9.0,0
2024,Islas Baleares,5.0,0
2025,Orense,3.0,0
2025,Jaén,7.0,0
2023,Cáceres,3.0,0
2021,Granada,1.0,0
2022,Melilla,,0
2020,Sevilla,5.0,0
2019,Asturias,2.0,0
2024,Las Palmas,3.0,0
2023,Palencia,7.0,0
2019,Ceuta,7.0,0
2025,Alicante,8.0,0
2020,Alicante,2.0,0
2022,Lleida,10.0,0
2023,Pontevedra,3.0,0
2023,Valencia,4.0,0
2025,Murcia,,0
2026,Lugo,1.0,0
2021,Zamora,10.0,0
2021,Melilla,3.0,0
2024,Albacete,10.0,0
2019,Valencia,,0
2025,Santa Cruz de Tenerife,5.0,0
2023,Teruel,3.0,0
2019,Segovia,7.0,0
2021,León,,0
2020,Islas Baleares,7.0,0
2025,Soria,9.0,0
2020,Cádiz,5.0,0
2025,Islas Baleares,,0
2025,Alicante,2.0,0
2022,Albacete,,0
2020,Zaragoza,,0
2024,Burgos,,0
2025,Ávila,,0
2025,Zamora,3.0,0
2019,Granada,,0
2022,Santa Cruz de Tenerife,3.0,0
2020,Badajoz,1.0,0
2026,Jaén,10.0,0
2026,Valencia,1.0,0
2024,Girona,4.0,0
2019,Guipúzcoa,,0
2019,Segovia,4.0,0
2024,Melilla,5.0,0
2020,Madrid,,0
2024,Burgos,3.0,0
2019,Valencia,4.0,0
2023,León,4.0,0
2021,Castellón,,0
2023,Ciudad Real,5.0,0
2024,Teruel,,0
2022,Granada,1.0,0
2022,Albacete,9.0,0
2021,Soria,10.0,0
2020,Girona,8.0,0
2021,Cantabria,1.0,0
2026,Cádiz,7.0,0
2019,Huesca,1.0,0
2021,Lleida,1.0,0
2026,Valencia,8.0,0
2025,Valencia,7.0,0
2025,Cáceres,,0
2024,Guadalajara,,0
2026,Málaga,9.0,0
2026,Santa Cruz de Tenerife,6.0,0
2020,Navarra,5.0,0
2023,Barcelona,4.0,0
2024,León,7.0,0
2025,Guadalajara,3.0,0
2020,Lleida,4.0,0
2019,La Coruña,1.0,0
2021,Girona,8.0,0
2026,Santa Cruz de Tenerife,8.0,0
2025,Soria,3.0,0
2021,Albacete,5.0,0
2025,Madrid,3.0,0
2021,Granada,6.0,0
2019,Albacete,5.0,0
2026,Cantabria,2.0,0
2020,Santa Cruz de Tenerife,1.0,0
2024,Cáceres,9.0,0
2022,La Coruña,5.0,0
2024,Barcelona,6.0,0
2023,Lleida,10.0,0
2025,Granada,5.0,0
2021,Almería,10.0,0
2020,Teruel,1.0,0
2021,Alicante,4.0,0
2020,Badajoz,6.0,0
2022,Valladolid,2.0,0
2019,Girona,3.0,0
2020,Huesca,,0
2022,Lleida,8.0,0
2025,Castellón,2.0,0
2024,Badajoz,7.0,0
2020,Girona,,0
2025,Jaén,4.0,0
2024,Orense,2.0,0
2024,Salamanca,3.0,0
2024,Santa Cruz de Tenerife,9.0,0
2023,Cantabria,,0
2025,Valencia,6.0,0
2026,La Coruña,6.0,0
2020,Palencia,8.0,0
2021,Toledo,5.0,0
2019,Albacete,6.0,0
2023,Álava,9.0,0
2022,Sevilla,6.0,0
2021,Ciudad Real,3.0,0
2022,Murcia,1.0,0
2025,Lugo,9.0,0
2025,Segovia,1.0,0
2019,Burgos,6.0,0
2020,Zaragoza,9.0,0
2020,La Rioja,8.0,0
2022,Guipúzcoa,,0
2021,Cádiz,5.0,0
2020,Huesca,2.0,0
2026,Segovia,,0
2022,Santa Cruz de Tenerife,2.0,0
2023,Santa Cruz de Tenerife,4.0,0
2024,Murcia,6.0,0
2021,Islas Baleares,,0
2026,Guadalajara,,0
2020,Girona,3.0,0
2026,Asturias,2.0,0
2022,Sevilla,10.0,0
2020,Ciudad Real,6.0,0
2023,Sevilla,9.0,0
2020,Huelva,7.0,0
2020,Almería,2.0,0
2021,Navarra,2.0,0
2020,Teruel,8.0,0
2025,Asturias,10.0,0
2021,Ávila,10.0,0
2019,Zaragoza,10.0,0
2024,Lleida,5.0,0
2022,Islas Baleares,,0
2020,Sevilla,8.0,0
2022,Asturias,2.0,0
2020,Cáceres,10.0,0
2021,Jaén,2.0,0
2024,Santa Cruz de Tenerife,8.0,0
2020,Toledo,7.0,0
2023,Teruel,5.0,0
2019,Badajoz,,0
2020,Melilla,,0
2024,Ávila,10.0,0
2021,Las Palmas,8.0,0
2019,Ávila,1.0,0
2020,Palencia,,0
2021,Lleida,,0
2025,Córdoba,1.0,0
2019,Lleida,5.0,0
2023,Pontevedra,,0
2023,La Rioja,,0
2019,Álava,2.0,0
2021,Tarragona,10.0,0
2019,Alicante,1.0,0
2021,Granada,,0
2024,Tarragona,7.0,0
2022,Lleida,,0
2019,Santa Cruz de Tenerife,10.0,0
2022,Orense,6.0,0
2023,Murcia,,0
2025,Pontevedra,,0
2025,Santa Cruz de Tenerife,6.0,0
2021,Tarragona,,0
2024,Santa Cruz de Tenerife,7.0,0
2024,Orense,9.0,0
2026,Guadalajara,9.0,0
2020,La Coruña,1.0,0
2020,Álava,10.0,0
2020,Pontevedra,1.0,0
2023,Córdoba,9.0,0
2021,Huesca,5.0,0
2021,Asturias,1.0,0
2021,Ávila,,0
2020,Almería,8.0,0
2026,Soria,5.0,0
2020,Castellón,5.0,0
2020,Barcelona,2.0,0
2024,Palencia,3.0,0
2024,Albacete,3.0,0
2020,Ávila,1.0,0
2021,Burgos,8.0,0
2024,Ávila,4.0,0
2019,Teruel,3.0,0
2022,Valladolid,9.0,0
2019,León,10.0,0
2025,Teruel,6.0,0
2020,Girona,1.0,0
2025,Castellón,10.0,0
2022,Orense,2.0,0
2019,Segovia,1.0,0
2025,Cuenca,2.0,0
2025,Murcia,6.0,0
2022,Zaragoza,2.0,0
2025,Zaragoza,6.0,0
2023,Asturias,,0
2019,Zaragoza,2.0,0
2024,Zamora,9.0,0
2019,Sevilla,7.0,0
2024,Navarra,,0
2023,Madrid,3.0,0
2022,Teruel,1.0,0
2021,Las Palmas,2.0,0
2019,Murcia,3.0,0
2020,Huesca,6.0,0
2023,Soria,5.0,0
2019,Asturias,9.0,0
2021,Cádiz,3.0,0
2022,Santa Cruz de Tenerife,2.0,0
2024,La Rioja,4.0,0
2019,Alicante,1.0,0
2020,Navarra,8.0,0
2024,Badajoz,7.0,0
2022,Cuenca,,0
2024,León,9.0,0
2023,Almería,10.0,0
2025,Málaga,10.0,0
2021,Girona,1.0,0
2020,Murcia,10.0,0
2022,Pontevedra,1.0,0
2022,Córdoba,,0
2021,Islas Baleares,,0
2024,Toledo,1.0,0
2023,La Coruña,2.0,0
2023,Valencia,5.0,0
2020,Vizcaya,3.0,0
2024,Segovia,8.0,0
2020,Jaén,8.0,0
2026,La Coruña,2.0,0
2022,Madrid,,0
2024,Valladolid,5.0,0
2024,Islas Baleares,,0
2019,Segovia,9.0,0
2020,Las Palmas,7.0,0
2024,Pontevedra,10.0,0
2019,Albacete,6.0,0
2019,Granada,4.0,0
2025,Las Palmas,5.0,0
2019,Islas Baleares,3.0,0
2022,Cádiz,2.0,0
2019,Lugo,5.0,0
2022,Castellón,4.0,0
2025,Soria,,0
2019,Huesca,10.0,0
2020,Girona,,0
2020,Girona,,0
2024,Islas Baleares,6.0,0
2019,Alicante,6.0,0
2022,Girona,3.0,0
2021,Tarragona,,0
2026,Valencia,10.0,0
2019,Asturias,4.0,0
2022,Huesca,7.0,0
2021,Huelva,7.0,0
2019,Tarragona,4.0,0
2020,Huesca,2.0,0
2020,Toledo,7.0,0
2024,Santa Cruz de Tenerife,10.0,0
2024,Córdoba,7.0,0
2025,Teruel,5.0,0
2026,Soria,3.0,0
2025,Pontevedra,9.0,0
2020,Salamanca,6.0,0
2020,La Rioja,9.0,0
2024,Guipúzcoa,,0
2021,Granada,7.0,0
2025,Guadalajara,5.0,0
2021,Granada,9.0,0
2019,Guadalajara,,0
2025,Santa Cruz de Tenerife,5.0,0
2021,Lugo,9.0,0
2021,Salamanca,3.0,0
2019,Álava,6.0,0
2023,Salamanca,9.0,0
2025,Teruel,2.0,0
2026,Cuenca,,0
2020,Ciudad Real,8.0,0
2025,Alicante,,0
2022,Albacete,7.0,0
2024,Albacete,,0
2026,Valencia,,0
2021,Lleida,8.0,0
2019,Islas Baleares,2.0,0
2020,Alicante,2.0,0
2021,Cantabria,5.0,0
2020,Castellón,8.0,0
2022,Islas Baleares,,0
2025,Ceuta,8.0,0
2022,Lleida,10.0,0
2019,Huesca,3.0,0
2023,Ávila,6.0,0
2022,Teruel,3.0,0
2019,Guipúzcoa,3.0,0
2022,Lleida,1.0,0
2019,Cáceres,7.0,0
2022,Granada,1.0,0
2022,Palencia,7.0,0
2026,Tarragona,,0
2022,Palencia,,0
2020,Lleida,8.0,0
2023,Sevilla,,0
2023,Murcia,,0
2025,Palencia,3.0,0
2022,Cuenca,10.0,0
2020,Salamanca,8.0,0
2023,Girona,,0
2025,Huelva,,0
2019,Granada,9.0,0
2021,Melilla,3.0,0
2023,Huesca,8.0,0
2026,Sevilla,,0
2019,Teruel,9.0,0
2025,Guipúzcoa,2.0,0
2024,Cantabria,,0
2023,Islas Baleares,9.0,0
2024,Cuenca,5.0,0
2022,Ciudad Real,,0
2025,León,4.0,0
2023,Tarragona,,0
2022,Valencia,9.0,0
2019,Alicante,3.0,0
2020,La Rioja,10.0,0
2021,Granada,,0
2026,Cantabria,10.0,0
2019,Badajoz,10.0,0
2019,Tarragona,6.0,0
2021,Castellón,9.0,0
2019,Segovia,1.0,0
2020,Pontevedra,4.0,0
2022,Girona,7.0,0
2023,Ceuta,5.0,0
2020,Toledo,10.0,0
2021,Santa Cruz de Tenerife,,0
2020,La Coruña,4.0,0
2024,La Coruña,2.0,0
2019,Badajoz,7.0,0
2023,Castellón,,0
2022,Girona,9.0,0
2021,Guadalajara,1.0,0
2021,Las Palmas,6.0,0
2026,Huesca,9.0,0
2021,Navarra,10.0,0
2025,Valencia,,0
2020,Ceuta,,0
2025,Albacete,1.0,0
2026,Huelva,5.0,0
2024,Zaragoza,2.0,0
2021,Albacete,,0
2022,Zamora,5.0,0
2020,Córdoba,4.0,0
2022,Badajoz,2.0,0
2020,Alicante,6.0,0
2019,Ceuta,5.0,0
2023,Lleida,9.0,0
2024,Salamanca,2.0,0
2020,Orense,8.0,0
2023,Albacete,8.0,0
2024,Vizcaya,2.0,0
2022,Guadalajara,2.0,0
2024,Zaragoza,,0
2020,Pontevedra,,0
2022,Santa Cruz de Tenerife,9.0,0
2021,Madrid,,0
2025,Valladolid,4.0,0
2025,La Rioja,7.0,0
2023,Palencia,7.0,0
2019,Asturias,,0
2019,Islas Baleares,5.0,0
2026,Segovia,,0
2022,Albacete,,0
2019,Girona,5.0,0
2019,Segovia,6.0,0
2023,Málaga,3.0,0
2019,Girona,3.0,0
2019,Álava,7.0,0
2022,Navarra,9.0,0
2022,Jaén,9.0,0
2020,Orense,5.0,0
2021,Cantabria,3.0,0
2025,Las Palmas,6.0,0
2022,Zamora,9.0,0
2020,Barcelona,,0
2020,Lleida,10.0,0
2022,Salamanca,3.0,0
2025,Valencia,2.0,0
2020,Lugo,,0
2020,Guadalajara,1.0,0
2026,Lleida,7.0,0
2025,La Coruña,4.0,0
2020,Almería,6.0,0
2019,Islas Baleares,6.0,0
2024,Tarragona,,0
2019,Barcelona,7.0,0
2023,Ciudad Real,7.0,0
2021,Soria,2.0,0
2020,Santa Cruz de Tenerife,,0
2023,Huesca,2.0,0
2024,Huesca,1.0,0
2023,Valencia,9.0,0
2022,Santa Cruz de Tenerife,9.0,0
2025,Melilla,10.0,0
2024,Palencia,8.0,0
2021,León,6.0,0
2021,Girona,,0
2024,Castellón,6.0,0
2021,Soria,,0
2022,León,3.0,0
2020,Málaga,10.0,0
2019,Castellón,2.0,0
2025,Huesca,1.0,0
2024,Álava,8.0,0
2025,Salamanca,,0
2023,Segovia,8.0,0
2023,Valencia,9.0,0
2020,Tarragona,4.0,0
2025,Orense,10.0,0
2024,Córdoba,,0
2020,Granada,1.0,0
2021,Burgos,,0
2025,Lleida,,0
2022,Cáceres,,0
2021,Almería,,0
2022,Cuenca,10.0,0
2021,Melilla,8.0,0
2021,La Rioja,,0
2023,Ceuta,6.0,0
2020,Vizcaya,,0
2020,Pontevedra,2.0,0
2020,Las Palmas,7.0,0
2021,Badajoz,4.0,0
2023,Madrid,6.0,0
2023,Guadalajara,2.0,0
2021,Granada,10.0,0
2021,Lugo,10.0,0
2020,Salamanca,2.0,0
2019,La Coruña,3.0,0
2020,Huelva,9.0,0
2026,Girona,,0
2025,Pontevedra,3.0,0
2021,Almería,9.0,0
2021,Segovia,9.0,0
2020,Alicante,3.0,0
2025,La Rioja,8.0,0
2020,Asturias,9.0,0
2019,Granada,7.0,0
2026,Valencia,6.0,0
2021,Ciudad Real,8.0,0
2022,Girona,2.0,0
2019,Melilla,10.0,0
2025,Soria,,0
2024,Asturias,9.0,0
2026,Girona,6.0,0
2020,Badajoz,2.0,0
2022,Sevilla,7.0,0
2023,Ávila,2.0,0
2023,Valencia,6.0,0
2021,Murcia,10.0,0
2022,Toledo,8.0,0
2021,Álava,10.0,0
2019,Granada,5.0,0
2022,Pontevedra,,0
2022,Palencia,4.0,0
2020,Islas Baleares,,0
2024,Badajoz,9.0,0
2021,Ceuta,,0
2021,Huelva,,0
2019,La Rioja,4.0,0
2020,La Coruña,5.0,0
2021,Madrid,7.0,0
2021,Granada,5.0,0
2023,Cádiz,,0
2023,León,7.0,0
2020,Córdoba,9.0,0
2025,Orense,,0
2021,Lugo,5.0,0
2022,Ávila,3.0,0
2019,Navarra,10.0,0
2022,Badajoz,1.0,0
2022,Badajoz,1.0,0
2019,Valladolid,,0
2024,Islas Baleares,5.0,0
2022,Teruel,3.0,0
2024,Ávila,5.0,0
2026,Cantabria,9.0,0
2026,Cádiz,10.0,0
2023,Palencia,6.0,0
2025,La Coruña,7.0,0
2019,Granada,6.0,0
2020,Toledo,9.0,0
2020,León,,0
2025,Toledo,10.0,0
2021,Orense,5.0,0
2020,Salamanca,8.0,0
2022,Cáceres,8.0,0
2025,Zamora,1.0,0
2020,Burgos,1.0,0
2022,Ceuta,2.0,0
2024,Cáceres,,0
2019,Almería,5.0,0
2023,Girona,2.0,0
2025,Girona,1.0,0
2021,Tarragona,9.0,0
2021,Álava,10.0,0
2020,Asturias,,0
2022,Cantabria,7.0,0
2024,Tarragona,4.0,0
2021,Navarra,5.0,0
2022,Teruel,6.0,0
2023,Islas Baleares,,0
2019,Tarragona,1.0,0
2024,Ávila,8.0,0
2021,Ciudad Real,10.0,0
2025,Guadalajara,,0
2019,Córdoba,,0
2026,Ciudad Real,1.0,0
2023,Zaragoza,7.0,0
2019,Ávila,,0
2026,Girona,2.0,0
2023,Huelva,6.0,0
2022,Burgos,7.0,0
2023,Cuenca,8.0,0
2024,Teruel,2.0,0
2021,Cáceres,,0
2021,Castellón,7.0,0
2022,Segovia,1.0,0
2020,Pontevedra,4.0,0
2022,Álava,6.0,0
2023,Lleida,9.0,0
2023,Teruel,7.0,0
2019,Santa Cruz de Tenerife,1.0,0
2022,Navarra,,0
2024,Ávila,5.0,0
2019,Badajoz,4.0,0
2024,Lleida,5.0,0
2019,Lleida,,0
2019,Toledo,7.0,0
2025,Ciudad Real,9.0,0
2023,Madrid,1.0,0
2019,Ceuta,2.0,0
2025,Guipúzcoa,10.0,0
2025,Girona,3.0,0
2026,Orense,4.0,0
2023,Salamanca,9.0,0
2020,Lugo,,0
2020,Murcia,5.0,0
2022,Cáceres,,0
2023,Girona,6.0,0
2020,Girona,10.0,0
2025,Las Palmas,4.0,0
2020,Valladolid,9.0,0
2020,Teruel,,0
2025,Asturias,6.0,0
2021,Palencia,8.0,0
2025,Navarra,10.0,0
2021,Navarra,,0
2024,Guipúzcoa,8.0,0
2023,La Rioja,7.0,0
2024,Almería,4.0,0
2020,Lleida,9.0,0
2026,Zamora,5.0,0
2020,Pontevedra,5.0,0
2021,Valencia,4.0,0
2024,Salamanca,1.0,0
2021,Alicante,3.0,0
2025,Castellón,5.0,0
2023,Cáceres,,0
2019,Zaragoza,9.0,0
2020,Girona,9.0,0
2025,Almería,,0
2022,Huelva,6.0,0
2020,Ciudad Real,,0
2023,Segovia,1.0,0
2024,Segovia,5.0,0
2025,Palencia,10.0,0
2026,Guadalajara,5.0,0
2024,Almería,4.0,0
2025,Alicante,,0
2019,Ávila,3.0,0
2023,Asturias,,0
2021,Islas Baleares,,0
2026,Madrid,6.0,0
2023,Guipúzcoa,10.0,0
2025,Pontevedra,6.0,0
2019,Castellón,10.0,0
2023,Guadalajara,,0
2025,Lleida,1.0,0
2020,Toledo,,0
2023,Huelva,3.0,0
2025,Lugo,7.0,0
2024,Álava,2.0,0
2025,Murcia,2.0,0
2020,Almería,1.0,0
2021,La Coruña,10.0,0
2019,Melilla,2.0,0
2019,Lleida,7.0,0
2022,Palencia,6.0,0
2019,Islas Baleares,6.0,0
2022,Melilla,3.0,0
2025,Madrid,10.0,0
2020,Barcelona,1.0,0
2020,Lleida,5.0,0
2021,Barcelona,,0
2023,Guipúzcoa,5.0,0
2021,Santa Cruz de Tenerife,5.0,0
2020,Málaga,5.0,0
2019,Segovia,1.0,0
2025,Sevilla,,0
2021,Burgos,10.0,0
2026,Sevilla,10.0,0
2022,Valladolid,4.0,0
2021,Valencia,5.0,0
2025,Pontevedra,5.0,0
2019,Teruel,6.0,0
2025,Burgos,,0
2025,Santa Cruz de Tenerife,10.0,0
2021,Cantabria,,0
2019,Santa Cruz de Tenerife,7.0,0
2024,Ávila,,0
2023,Toledo,7.0,0
2020,Santa Cruz de Tenerife,,0
2024,La Coruña,1.0,0
2023,Salamanca,,0
2021,Toledo,5.0,0
2020,Orense,10.0,0
2023,Islas Baleares,6.0,0
2020,Valencia,2.0,0
2020,Tarragona,1.0,0
2023,Ávila,,0
2025,Jaén,8.0,0
2026,Sevilla,6.0,0
2026,Guadalajara,9.0,0
2024,Zaragoza,2.0,0
2022,Guipúzcoa,2.0,0
2025,Guadalajara,9.0,0
2020,Girona,,0
2021,Melilla,2.0,0
2022,Lleida,2.0,0
2020,Toledo,1.0,0
2019,Sevilla,,0
2026,Huelva,,0
2025,Zamora,,0
2020,Ciudad Real,,0
2022,Huelva,2.0,0
2019,Palencia,9.0,0
2025,Toledo,9.0,0
2019,Zamora,,0
2020,Zamora,1.0,0
2024,Islas Baleares,7.0,0
2022,Lleida,9.0,0
2019,Albacete,,0
2025,Santa Cruz de Tenerife,6.0,0
2023,Tarragona,3.0,0
2021,Navarra,8.0,0
2021,Salamanca,,0
2024,Zamora,5.0,0
2024,Madrid,4.0,0
2022,León,1.0,0
2021,Orense,9.0,0
2024,Álava,2.0,0
2024,Lleida,6.0,0
2022,Ciudad Real,10.0,0
2020,Segovia,4.0,0
2024,Guipúzcoa,2.0,0
2019,Cáceres,1.0,0
2023,Ceuta,7.0,0
2022,Zaragoza,7.0,0
2019,Cuenca,3.0,0
2024,Álava,9.0,0
2025,Ávila,4.0,0
2022,Teruel,10.0,0
2019,Alicante,2.0,0
2023,Asturias,,0
2019,Lleida,8.0,0
2021,Córdoba,1.0,0
2020,Barcelona,1.0,0
2022,Salamanca,1.0,0
2019,Murcia,,0
2023,Sevilla,9.0,0
2023,Palencia,9.0,0
2020,Sevilla,10.0,0
2021,Teruel,8.0,0
2025,Valladolid,8.0,0
2025,Albacete,3.0,0
2019,Zaragoza,2.0,0
2020,Las Palmas,,0
2020,Valladolid,7.0,0
2024,Valladolid,,0
2022,Girona,5.0,0
2022,Lleida,8.0,0
2019,Teruel,,0
2025,Santa Cruz de Tenerife,5.0,0
2023,Jaén,,0
2024,Ceuta,5.0,0
2021,Sevilla,7.0,0
2024,Orense,3.0,0
2024,La Coruña,,0
2023,Pontevedra,2.0,0
2020,Burgos,4.0,0
2023,Albacete,5.0,0
2019,Valencia,1.0,0
2021,Cuenca,9.0,0
2019,Cuenca,1.0,0
2020,Valencia,7.0,0
2024,Barcelona,7.0,0
2021,Guipúzcoa,8.0,0
2021,Ávila,,0
2024,Salamanca,2.0,0
2024,Ceuta,,0
2024,Córdoba,4.0,0
2023,Santa Cruz de Tenerife,,0
2022,Ávila,2.0,0
2026,La Coruña,,0
2021,Toledo,6.0,0
2024,Lleida,,0
2021,Palencia,,0
2020,Huelva,9.0,0
2026,Córdoba,6.0,0
2023,Zamora,9.0,0
2022,Teruel,7.0,0
2025,Toledo,6.0,0
2019,Valencia,1.0,0
2019,Asturias,8.0,0
2021,Valladolid,2.0,0
2019,Santa Cruz de Tenerife,7.0,0
2019,Segovia,8.0,0
2025,Sevilla,6.0,0
2021,Almería,10.0,0
2021,Guipúzcoa,,0
2024,Sevilla,5.0,0
2025,Lleida,1.0,0
2022,Jaén,,0
2021,Sevilla,9.0,0
2023,Cádiz,10.0,0
2026,Girona,2.0,0
2022,Guadalajara,2.0,0
2020,Salamanca,7.0,0
2023,Burgos,10.0,0
2023,Alicante,3.0,0
2022,Melilla,9.0,0
2021,Madrid,5.0,0
2024,Cantabria,2.0,0
2021,Orense,6.0,0
2020,Soria,6.0,0
2020,Zamora,,0
2022,Melilla,5.0,0
2021,Badajoz,5.0,0
2026,Burgos,,0
2020,Sevilla,3.0,0
2026,Santa Cruz de Tenerife,5.0,0
2022,Ceuta,2.0,0
2021,Castellón,4.0,0
2021,Málaga,,0
2022,Cáceres,,0
2023,Cádiz,8.0,0
2024,Valencia,10.0,0
2023,Almería,,0
2023,Toledo,2.0,0
2023,Sevilla,,0
2022,Cáceres,10.0,0
2025,Sevilla,10.0,0
2023,Tarragona,3.0,0
2024,Islas Baleares,5.0,0
2019,Cádiz,8.0,0
2020,Badajoz,3.0,0
2025,Melilla,10.0,0
2023,Lugo,7.0,0
2019,La Coruña,5.0,0
2024,Almería,10.0,0
2019,Cantabria,,0
2025,Islas Baleares,10.0,0
2020,Cantabria,,0
2024,Zaragoza,10.0,0
2020,Soria,,0
2023,Huelva,1.0,0
2019,Pontevedra,,0
2022,Albacete,3.0,0
2023,Albacete,7.0,0
2022,Ciudad Real,3.0,0
2021,Islas Baleares,,0
2020,Jaén,10.0,0
2024,Guadalajara,1.0,0
2019,Pontevedra,1.0,0
2024,Cáceres,8.0,0
2022,Melilla,,0
2024,Soria,6.0,0
2023,Huelva,2.0,0
2019,Segovia,9.0,0
2023,Ciudad Real,3.0,0
2023,Cádiz,,0
2024,Madrid,4.0,0
2025,Cuenca,,0
2025,Santa Cruz de Tenerife,7.0,0
2019,Granada,2.0,0
2021,Salamanca,1.0,0
2021,Santa Cruz de Tenerife,8.0,0
2025,Soria,,0
2026,Madrid,7.0,0
2024,Valencia,5.0,0
2020,Sevilla,,0
2021,Santa Cruz de Tenerife,3.0,0
2021,Huesca,9.0,0
2024,Alicante,,0
2021,Castellón,1.0,0
2023,Cantabria,,0
2021,Granada,3.0,0
2021,Zaragoza,2.0,0
2019,Tarragona,5.0,0
2020,Álava,10.0,0
2020,Badajoz,4.0,0
2025,Murcia,5.0,0
2022,Melilla,8.0,0
2022,Las Palmas,,0
2020,Valladolid,3.0,0
2019,Vizcaya,3.0,0
2019,Segovia,,0
2019,Soria,2.0,0
2023,Córdoba,10.0,0
2026,Jaén,1.0,0
2025,Almería,,0
2022,Valencia,2.0,0
2019,Málaga,3.0,0
2024,Santa Cruz de Tenerife,7.0,0
2021,Islas Baleares,,0
2025,Huelva,2.0,0
2025,Lleida,9.0,0
2021,La Rioja,9.0,0
2025,Burgos,,0
2023,Vizcaya,1.0,0
2022,Melilla,5.0,0
2019,Ceuta,,0
2019,Ávila,1.0,0
2023,Zaragoza,6.0,0
2022,Santa Cruz de Tenerife,9.0,0
2019,Alicante,3.0,0
2025,Sevilla,8.0,0
2020,Granada,,0
2019,Castellón,2.0,0
2024,La Rioja,,0
2025,Badajoz,1.0,0
2021,Segovia,2.0,0
2019,Granada,8.0,0
2020,Islas Baleares,1.0,0
2022,Granada,6.0,0
2020,Valladolid,,0
2023,Castellón,5.0,0
2021,Cantabria,7.0,0
2022,Jaén,10.0,0
2023,Pontevedra,,0
2025,Girona,8.0,0
2026,Ávila,,0
2019,Orense,7.0,0
2025,Santa Cruz de Tenerife,,0
2020,Salamanca,6.0,0
2019,Toledo,2.0,0
2021,Palencia,3.0,0
2019,Huesca,10.0,0
2023,Barcelona,10.0,0
2023,Segovia,,0
2020,Santa Cruz de Tenerife,1.0,0
2021,Murcia,5.0,0
2021,Málaga,3.0,0
2023,Girona,5.0,0
2021,Ceuta,8.0,0
2020,Granada,3.0,0
2020,Valencia,1.0,0
2025,Guipúzcoa,2.0,0
2023,Melilla,6.0,0
2021,Sevilla,,0
2020,Salamanca,7.0,0
2023,Cáceres,7.0,0
2019,Castellón,3.0,0
2023,Alicante,6.0,0
2021,Santa Cruz de Tenerife,,0
2022,Salamanca,7.0,0
2024,León,4.0,0
2021,León,,0
2024,Huesca,1.0,0
2022,Pontevedra,,0
2021,Las Palmas,6.0,0
2024,Cantabria,8.0,0
2022,Valencia,,0
2019,León,,0
2020,Barcelona,3.0,0
2025,Ceuta,4.0,0
2023,Lleida,,0
2024,Lugo,,0
2019,Ceuta,3.0,0
2023,Huelva,,0
2020,Lugo,6.0,0
2025,Toledo,6.0,0
2024,Salamanca,7.0,0
2024,Burgos,1.0,0
2023,Toledo,8.0,0
2022,La Coruña,,0
2025,Toledo,,0
2021,Huelva,3.0,0
2023,Las Palmas,8.0,0
2022,Lleida,7.0,0
2021,Alicante,2.0,0
2022,Melilla,,0
2019,Ciudad Real,,0
2021,Cáceres,3.0,0
2022,Lugo,5.0,0
2024,Málaga,,0
2026,Granada,4.0,0
2025,Valencia,2.0,0
2025,Jaén,8.0,0
2021,Valladolid,5.0,0
2019,Girona,6.0,0
2022,Zaragoza,4.0,0
2021,Las Palmas,,0
2019,Segovia,5.0,0
2024,Salamanca,3.0,0
2019,Santa Cruz de Tenerife,4.0,0
2026,Salamanca,8.0,0
2021,Albacete,10.0,0
2023,Orense,,0
2023,La Coruña,2.0,0
2021,Valladolid,8.0,0
2020,Asturias,1.0,0
2020,Cáceres,6.0,0
2019,Málaga,4.0,0
2024,Pontevedra,5.0,0
2023,Soria,,0
2026,Granada,6.0,0
2025,Ceuta,1.0,0
2022,Palencia,,0
2021,Soria,2.0,0
2019,Valladolid,7.0,0
2021,Lugo,7.0,0
2022,Ciudad Real,8.0,0
2025,Cantabria,4.0,0
2021,Islas Baleares,8.0,0
2026,Asturias,1.0,0
2022,Lugo,8.0,0
2024,Zamora,,0
2021,Melilla,8.0,0
2024,Huesca,4.0,0
2022,Asturias,1.0,0
2025,Ciudad Real,10.0,0
2019,Ceuta,4.0,0
2022,Huesca,2.0,0
2019,Santa Cruz de Tenerife,7.0,0
2024,Granada,6.0,0
2024,Salamanca,3.0,0
2024,Lugo,3.0,0
2025,Valencia,10.0,0
2023,Badajoz,9.0,0
2019,Santa Cruz de Tenerife,,0
2024,Ceuta,3.0,0
2020,Ávila,9.0,0
2026,Santa Cruz de Tenerife,2.0,0
2023,Cáceres,1.0,0
2021,Toledo,2.0,0
2020,Las Palmas,,0
2019,Madrid,,0
2021,Huelva,6.0,0
2019,Valladolid,,0
2020,Zamora,9.0,0
2019,Vizcaya,7.0,0
2022,Madrid,10.0,0
2026,Lleida,8.0,0
2025,Segovia,,0
2019,Sevilla,7.0,0
2019,León,3.0,0
2021,Pontevedra,4.0,0
2019,Cuenca,,0
2020,Zaragoza,10.0,0
2025,Huesca,6.0,0
2024,Lugo,,0
2023,Vizcaya,6.0,0
2019,Castellón,4.0,0
2020,Lleida,3.0,0
2023,Valencia,,0
2020,Barcelona,6.0,0
2021,Islas Baleares,3.0,0
2026,Jaén,10.0,0
2021,Guadalajara,2.0,0
2020,Tarragona,,0
2024,Valencia,10.0,0
2026,Lleida,,0
2021,Pontevedra,10.0,0
2019,Cantabria,1.0,0
2023,Sevilla,6.0,0
2023,Albacete,9.0,0
2021,Álava,3.0,0
2026,Ceuta,3.0,0
2022,Ciudad Real,7.0,0
2020,Guadalajara,10.0,0
2022,Granada,5.0,0
2024,Albacete,3.0,0
2025,Las Palmas,10.0,0
2023,Girona,7.0,0
2020,La Rioja,2.0,0
2025,Vizcaya,1.0,0
2026,Palencia,4.0,0
2023,Guipúzcoa,,0
2020,Cádiz,5.0,0
2021,Asturias,9.0,0
2023,Pontevedra,3.0,0
2020,Asturias,4.0,0
2020,Badajoz,7.0,0
2024,Barcelona,7.0,0
2025,Valencia,3.0,0
2023,Las Palmas,9.0,0
2020,León,3.0,0
2023,Santa Cruz de Tenerife,5.0,0
2021,Guipúzcoa,2.0,0
2020,Guadalajara,7.0,0
2026,Asturias,1.0,0
2021,Vizcaya,3.0,0
2023,Guadalajara,,0
2022,Huelva,9.0,0
2025,Álava,7.0,0
2022,Barcelona,1.0,0
2019,Lleida,,0
2024,Ceuta,9.0,0
2019,Ciudad Real,,0
2020,Ávila,9.0,0
2019,Alicante,7.0,0
2020,Murcia,6.0,0
2020,Melilla,,0
2025,Toledo,7.0,0
2024,Salamanca,10.0,0
2022,Albacete,3.0,0
2019,Orense,3.0,0
2021,Zamora,1.0,0
2025,Navarra,9.0,0
2021,Murcia,,0
2019,Melilla,4.0,0
2019,Burgos,1.0,0
2020,Navarra,5.0,0
2021,Alicante,5.0,0
2024,Madrid,2.0,0
2020,Soria,8.0,0
2022,Alicante,8.0,0
2021,Almería,,0
2020,Orense,9.0,0
2021,Badajoz,5.0,0
2024,Girona,3.0,0
2020,Cantabria,5.0,0
2025,Girona,,0
2022,Las Palmas,,0
2021,Cádiz,7.0,0
2025,Navarra,4.0,0
2019,Santa Cruz de Tenerife,,0
2019,Ciudad Real,6.0,0
2024,Lleida,3.0,0
2023,Melilla,,0
2024,Asturias,,0
2024,Toledo,2.0,0
2024,Girona,1.0,0
2021,Badajoz,4.0,0
2024,Girona,7.0,0
2021,Lleida,7.0,0
2019,Guipúzcoa,,0
2023,Santa Cruz de Tenerife,7.0,0
2022,Alicante,3.0,0
2022,Lugo,4.0,0
2021,Murcia,10.0,0
2019,Córdoba,,0
2019,Huesca,,0
2022,Burgos,7.0,0
2021,Pontevedra,10.0,0
2024,Palencia,,0
2022,Barcelona,,0
2022,Zamora,8.0,0
2022,Girona,6.0,0
2019,Lleida,5.0,0
2024,Santa Cruz de Tenerife,5.0,0
2023,Cuenca,5.0,0
2023,Cantabria,8.0,0
2023,La Coruña,8.0,0
2026,Barcelona,5.0,0
2022,Burgos,8.0,0
2024,Toledo,10.0,0
2021,Pontevedra,8.0,0
2021,Cuenca,3.0,0
2019,Guipúzcoa,3.0,0
2021,Valladolid,1.0,0
2020,Salamanca,8.0,0
2019,Zaragoza,,0
2021,Santa Cruz de Tenerife,,0
2019,Orense,8.0,0
2024,Ciudad Real,10.0,0
2021,Málaga,2.0,0
2022,León,3.0,0
2019,Valladolid,6.0,0
2022,Soria,,0
2024,Barcelona,5.0,0
2020,Orense,6.0,0
2025,Cádiz,10.0,0
2023,Palencia,1.0,0
2026,Huelva,,0
2025,Santa Cruz de Tenerife,6.0,0
2022,Cantabria,10.0,0
2020,León,10.0,0
2019,Teruel,10.0,0
2026,Segovia,,0
2020,Soria,2.0,0
2025,Lugo,10.0,0
2019,Valencia,5.0,0
2024,Santa Cruz de Tenerife,,0
2024,Cuenca,1.0,0
2019,Valencia,1.0,0
2019,Córdoba,10.0,0
2019,Tarragona,9.0,0
2021,Córdoba,8.0,0
2020,Córdoba,4.0,0
2021,Valladolid,10.0,0
2023,Madrid,10.0,0
2025,Barcelona,10.0,0
2021,Santa Cruz de Tenerife,,0
2023,Islas Baleares,7.0,0
2021,Granada,2.0,0
2019,Castellón,10.0,0
2022,Cantabria,10.0,0
2026,La Rioja,7.0,0
2021,Teruel,9.0,0
2024,Valencia,3.0,0
2021,Málaga,7.0,0
2023,Guipúzcoa,10.0,0
2019,Santa Cruz de Tenerife,5.0,0
2024,Vizcaya,10.0,0
2022,Ceuta,7.0,0
2021,Alicante,8.0,0
2019,Guadalajara,1.0,0
2023,Zaragoza,5.0,0
2020,Soria,10.0,0
2020,La Rioja,8.0,0
2025,Murcia,7.0,0
2020,Palencia,8.0,0
2024,Guipúzcoa,10.0,0
2020,Badajoz,2.0,0
2021,Sevilla,,0
2025,Guadalajara,1.0,0
2020,Pontevedra,2.0,0
2021,Huesca,4.0,0
2023,Santa Cruz de Tenerife,8.0,0
2022,Córdoba,,0
2023,Girona,9.0,0
2019,Álava,4.0,0
2022,Santa Cruz de Tenerife,,0
2020,Valladolid,9.0,0
2022,Guadalajara,10.0,0
2023,Almería,6.0,0
2021,Girona,3.0,0
2025,Girona,10.0,0
2022,Alicante,,0
2022,Lleida,6.0,0
2025,Lugo,3.0,0
2021,Salamanca,2.0,0
2021,Pontevedra,,0
2020,Toledo,7.0,0
2023,Burgos,,0
2021,Cuenca,5.0,0
2022,Santa Cruz de Tenerife,5.0,0
2020,Vizcaya,,0
2025,Ciudad Real,,0
2023,Granada,10.0,0
2020,Sevilla,,0
2023,Santa Cruz de Tenerife,5.0,0
2025,Guipúzcoa,7.0,0
2020,Melilla,3.0,0
2025,Ceuta,4.0,0
2022,Murcia,6.0,0
2019,León,4.0,0
2023,Burgos,4.0,0
2020,Álava,6.0,0
2021,Navarra,3.0,0
2021,Jaén,,0
2025,Asturias,5.0,0
2023,Burgos,,0
2020,Tarragona,,0
2019,Toledo,5.0,0
2019,Valencia,8.0,0
2024,Badajoz,4.0,0
2019,Cáceres,,0
2021,La Rioja,1.0,0
2021,Navarra,7.0,0
2020,Toledo,,0
2023,Alicante,4.0,0
2026,Cantabria,9.0,0
2025,Tarragona,8.0,0
2023,Valencia,3.0,0
2022,Álava,4.0,0
2023,Santa Cruz de Tenerife,10.0,0
2024,Soria,9.0,0
2025,Girona,1.0,0
2021,Navarra,,0
2023,Las Palmas,7.0,0
2020,Burgos,,0
2023,Almería,,0
2025,Las Palmas,,0
2023,Jaén,5.0,0
2024,Lleida,8.0,0
2020,Melilla,4.0,0
2023,Barcelona,7.0,0
2019,Lleida,,0
2022,Girona,6.0,0
2025,Badajoz,10.0,0
2025,Alicante,7.0,0
2023,Huesca,3.0,0
2024,Valladolid,5.0,0
2022,Lugo,3.0,0
2025,Palencia,4.0,0
2023,Vizcaya,4.0,0
2026,Ceuta,9.0,0
2021,Murcia,7.0,0
2023,Teruel,,0
2022,Lugo,6.0,0
2024,Ceuta,2.0,0
2025,Zamora,1.0,0
2021,Guipúzcoa,5.0,0
2021,Alicante,,0
2023,Almería,,0
2024,Cáceres,7.0,0
2021,Santa Cruz de Tenerife,,0
2021,Soria,8.0,0
2021,Murcia,7.0,0
2019,Santa Cruz de Tenerife,,0
2019,Zamora,7.0,0
2025,Madrid,10.0,0
2025,Toledo,9.0,0
2020,Cádiz,6.0,0
2020,Huesca,3.0,0
2019,Albacete,1.0,0
2019,Almería,6.0,0
2024,Badajoz,7.0,0
2019,Melilla,,0
2023,Santa Cruz de Tenerife,2.0,0
2019,Girona,3.0,0
2020,Asturias,1.0,0
2020,Navarra,9.0,0
2021,Zamora,5.0,0
2022,Barcelona,10.0,0
2020,Ceuta,10.0,0
2026,Zaragoza,1.0,0
2023,León,,0
2020,Almería,4.0,0
2023,Cantabria,3.0,0
2020,Castellón,5.0,0
2023,Zaragoza,3.0,0
2019,Santa Cruz de Tenerife,6.0,0
2020,Badajoz,6.0,0
2025,La Coruña,2.0,0
2019,Girona,10.0,0
2025,Santa Cruz de Tenerife,,0
2024,Pontevedra,,0
2025,Castellón,3.0,0
2021,La Rioja,10.0,0
2024,Cádiz,,0
2023,Cádiz,10.0,0
2025,Pontevedra,4.0,0
2022,Almería,10.0,0
2021,Huesca,4.0,0
2022,Cádiz,3.0,0
2019,Sevilla,9.0,0
2026,Castellón,,0
2022,Orense,8.0,0
2025,Ciudad Real,7.0,0
2025,Cádiz,5.0,0
2020,Vizcaya,2.0,0
2024,Badajoz,4.0,0
2023,Cáceres,2.0,0
2025,Huesca,8.0,0
2022,Guadalajara,10.0,0
2023,Las Palmas,,0
2025,Cuenca,7.0,0
2021,Girona,6.0,0
2021,Las Palmas,4.0,0
2019,Guadalajara,5.0,0
2023,Madrid,1.0,0
2021,Ciudad Real,1.0,0
2023,Toledo,,0
2021,La Rioja,5.0,0
2024,Almería,10.0,0
2019,Ávila,8.0,0
2022,Cuenca,6.0,0
2021,Teruel,,0
2022,Cuenca,7.0,0
2024,Ávila,,0
2021,Toledo,6.0,0
2019,Murcia,1.0,0
2021,Las Palmas,10.0,0
2025,La Rioja,6.0,0
2020,Jaén,,0
2022,León,7.0,0
2019,Madrid,,0
2020,Alicante,10.0,0
2023,Burgos,,0
2022,Badajoz,10.0,0
2019,Barcelona,6.0,0
2024,Almería,4.0,0
2019,Santa Cruz de Tenerife,5.0,0
2022,Cádiz,5.0,0
2022,Cáceres,,0
2024,Santa Cruz de Tenerife,,0
2021,Barcelona,3.0,0
2025,Badajoz,8.0,0
2020,Las Palmas,2.0,0
2019,Islas Baleares,2.0,0
2020,Almería,,0
2020,Álava,6.0,0
2021,Segovia,,0
2025,Cantabria,10.0,0
2025,Alicante,5.0,0
2023,Córdoba,,0
2024,Zaragoza,4.0,0
2019,Zamora,8.0,0
2023,Segovia,3.0,0
2024,Orense,4.0,0
2021,Orense,,0
2021,Melilla,3.0,0
2026,Teruel,2.0,0
2026,Sevilla,4.0,0
2023,Valladolid,7.0,0
2025,Soria,2.0,0
2020,Valladolid,9.0,0
2020,Burgos,9.0,0
2024,Badajoz,9.0,0
2019,Navarra,5.0,0
2019,Guadalajara,7.0,0
2022,Navarra,1.0,0
2022,Álava,,0
2019,Álava,8.0,0
2021,Lleida,9.0,0
2025,Soria,3.0,0
2022,Tarragona,4.0,0
2020,Girona,1.0,0
2023,Ciudad Real,5.0,0
2024,Cantabria,10.0,0
2023,Islas Baleares,3.0,0
2026,Vizcaya,8.0,0
2023,Teruel,10.0,0
2021,Guadalajara,1.0,0
2022,Melilla,8.0,0
2025,Soria,8.0,0
2019,Toledo,7.0,0
2024,Teruel,,0
2020,Lugo,2.0,0
2024,La Coruña,6.0,0
2021,Málaga,8.0,0
2022,Asturias,9.0,0
2021,Sevilla,2.0,0
2020,Santa Cruz de Tenerife,4.0,0
2024,Zamora,5.0,0
2025,Valladolid,1.0,0
2019,Almería,,0
2019,Pontevedra,1.0,0
2021,Ciudad Real,7.0,0
2021,Cádiz,,0
2025,Ávila,4.0,0
2023,Almería,2.0,0
2024,Zaragoza,,0
2021,Murcia,,0
2024,Valladolid,1.0,0
2026,Pontevedra,8.0,0
2025,Guadalajara,3.0,0
2022,Orense,5.0,0
2024,Murcia,10.0,0
2020,Granada,1.0,0
2020,León,6.0,0
2026,Tarragona,5.0,0
2021,Jaén,9.0,0
2022,Cuenca,5.0,0
2023,Cádiz,3.0,0
2024,Palencia,,0
2025,Valencia,,0
2026,Murcia,1.0,0
2019,Segovia,8.0,0
2021,Zamora,5.0,0
2020,Orense,1.0,0
2020,Asturias,,0
2020,Madrid,7.0,0
2025,Soria,9.0,0
2025,Málaga,7.0,0
2022,Girona,3.0,0
2023,Córdoba,,0
2022,Cádiz,,0
2022,Albacete,10.0,0
2022,Burgos,,0
2026,Segovia,8.0,0
2021,Teruel,2.0,0
2022,Badajoz,,0
2024,Navarra,8.0,0
2020,León,1.0,0
2020,Lleida,9.0,0
2024,Cádiz,10.0,0
2021,Melilla,3.0,0
2026,Las Palmas,9.0,0
2019,Córdoba,,0
2023,Zaragoza,6.0,0
2021,Barcelona,4.0,0
2023,Cuenca,4.0,0
2026,Navarra,6.0,0
2024,Madrid,9.0,0
2020,Burgos,1.0,0
2025,Guadalajara,,0
2021,Murcia,,0
2022,Sevilla,4.0,0
2024,Almería,1.0,0
2019,Huesca,8.0,0
2023,Soria,,0
2022,Málaga,,0
2024,León,10.0,0
2023,Lleida,5.0,0
2022,Ciudad Real,7.0,0
2025,Tarragona,8.0,0
2023,Badajoz,,0
2021,Málaga,,0
2024,Cuenca,9.0,0
2022,Sevilla,5.0,0
2024,Cádiz,4.0,0
2025,Zamora,1.0,0
2023,Toledo,,0
2022,Cáceres,3.0,0
2021,Cantabria,8.0,0
2021,Huelva,,0
2022,Santa Cruz de Tenerife,,0
2026,Soria,10.0,0
2020,Alicante,7.0,0
2021,Málaga,4.0,0
2019,Palencia,,0
2025,Segovia,10.0,0
2021,Huesca,9.0,0
2026,Almería,7.0,0
2025,Vizcaya,,0
2022,Murcia,10.0,0
2019,Guipúzcoa,1.0,0
2021,Santa Cruz de Tenerife,2.0,0
2023,Las Palmas,9.0,0
2019,Salamanca,7.0,0
2019,Burgos,4.0,0
2026,Madrid,10.0,0
2025,Lleida,,0
2022,Guadalajara,8.0,0
2020,Madrid,10.0,0
2021,Ceuta,3.0,0
2020,Santa Cruz de Tenerife,1.0,0
2024,Soria,4.0,0
2019,Cuenca,1.0,0
2021,Guipúzcoa,5.0,0
2021,Soria,3.0,0
2021,Tarragona,,0
2022,Santa Cruz de Tenerife,9.0,0
2021,Huelva,6.0,0
2024,La Coruña,,0
2020,Guadalajara,,0
2021,Burgos,10.0,0
2025,Cáceres,2.0,0
2021,Tarragona,7.0,0
2020,Madrid,7.0,0
2023,Melilla,8.0,0
2024,Zamora,8.0,0
2025,Ceuta,10.0,0
2020,Huelva,6.0,0
2021,Navarra,3.0,0
2024,Cádiz,10.0,0
2019,León,,0
2026,Pontevedra,2.0,0
2022,Orense,10.0,0
2022,Huelva,2.0,0
2025,La Rioja,7.0,0
2023,Islas Baleares,9.0,0
2025,Valladolid,6.0,0
2025,La Coruña,,0
2022,Lleida,4.0,0
2021,Melilla,,0
2024,Álava,,0
2022,Zaragoza,5.0,0
2020,Ávila,2.0,0
2019,La Coruña,9.0,0
2024,Ceuta,8.0,0
2021,León,2.0,0
2022,Ávila,3.0,0
2025,Castellón,6.0,0
2025,Cantabria,5.0,0
2022,Toledo,9.0,0
2024,Vizcaya,10.0,0
2023,Orense,,0
2020,Barcelona,8.0,0
2023,Almería,,0
2025,Madrid,10.0,0
2022,Las Palmas,4.0,0
2020,Segovia,8.0,0
2023,Burgos,7.0,0
2020,Cantabria,6.0,0
2024,Murcia,,0
2024,Valladolid,9.0,0
2022,Toledo,8.0,0
2022,Tarragona,6.0,0
2022,Toledo,1.0,0
2023,Soria,10.0,0
2024,Valencia,,0
2022,Cuenca,,0
2020,Guipúzcoa,7.0,0
2025,La Rioja,6.0,0
2024,Valencia,7.0,0
2026,Valladolid,9.0,0
2022,Alicante,5.0,0
2024,Guadalajara,10.0,0
2026,Huelva,2.0,0
2023,Cáceres,1.0,0
2024,Guipúzcoa,,0
2023,Vizcaya,5.0,0
2019,Vizcaya,5.0,0
2023,Alicante,10.0,0
2021,Toledo,,0
2024,Álava,,0
2025,Huesca,3.0,0
2020,Albacete,4.0,0
2024,Segovia,7.0,0
2024,Álava,10.0,0
2019,Huesca,,0
2020,Orense,7.0,0
2023,Asturias,,0
2021,Almería,6.0,0
2023,Pontevedra,3.0,0
2023,Almería,3.0,0
2020,Barcelona,3.0,0
2020,Santa Cruz de Tenerife,7.0,0
2019,Zamora,,0
2022,Alicante,,0
2022,Álava,10.0,0
2020,Córdoba,,0
2022,Jaén,4.0,0
2022,Santa Cruz de Tenerife,6.0,0
2023,Zamora,1.0,0
2024,Huelva,6.0,0
2026,Huelva,3.0,0
2023,Almería,4.0,0
2020,Lleida,3.0,0
2025,Lleida,2.0,0
2021,Orense,10.0,0
2019,Segovia,10.0,0
2022,Burgos,7.0,0
2025,Málaga,,0
2021,La Rioja,2.0,0
2019,Girona,6.0,0
2024,Guipúzcoa,1.0,0
2022,Ciudad Real,3.0,0
2022,Huesca,5.0,0
2021,Córdoba,4.0,0
2024,Vizcaya,1.0,0
2022,Lleida,6.0,0
2022,Islas Baleares,,0
2020,Toledo,9.0,0
2026,Ciudad Real,7.0,0
2023,Almería,,0
2025,Lugo,,0
2022,Cuenca,2.0,0
2021,Cádiz,1.0,0
2025,Vizcaya,6.0,0
2024,Ciudad Real,4.0,0
2022,Asturias,7.0,0
2019,Girona,6.0,0
2026,Alicante,,0
2020,Guipúzcoa,5.0,0
2025,León,10.0,0
2021,Salamanca,4.0,0
2024,Valencia,1.0,0
2026,Melilla,5.0,0
2021,Badajoz,8.0,0
2023,Barcelona,8.0,0
2021,Ciudad Real,,0
2024,Girona,1.0,0
2019,Melilla,6.0,0
2022,Segovia,,0
2021,La Rioja,,0
2020,Málaga,7.0,0
2019,Burgos,8.0,0
2023,Málaga,4.0,0
2020,Ávila,,0
2022,Málaga,3.0,0
2019,Ciudad Real,10.0,0
2022,Málaga,6.0,0
2026,Toledo,2.0,0
2024,Huesca,,0
2022,Badajoz,,0
2020,Santa Cruz de Tenerife,2.0,0
2021,Barcelona,2.0,0
2024,Las Palmas,2.0,0
2024,Ávila,7.0,0
2024,Salamanca,5.0,0
2025,Burgos,2.0,0
2024,Huelva,3.0,0
2022,Albacete,10.0,0
2026,Huesca,10.0,0
2021,Alicante,7.0,0
2024,Murcia,,0
2026,Murcia,5.0,0
2022,Soria,8.0,0
2026,Pontevedra,,0
2023,Asturias,9.0,0
2025,Segovia,1.0,0
2022,Las Palmas,10.0,0
2023,Lleida,2.0,0
2024,Albacete,3.0,0
2023,Barcelona,,0
2023,Valencia,2.0,0
2022,Alicante,7.0,0
2024,Lugo,9.0,0
2020,Madrid,5.0,0
2022,Pontevedra,,0
2022,Granada,10.0,0
2019,Zaragoza,10.0,0
2019,Las Palmas,,0
2019,Guadalajara,7.0,0
2021,Teruel,10.0,0
2020,Córdoba,,0
2019,Pontevedra,4.0,0
2023,Soria,3.0,0
2024,Jaén,2.0,0
2021,Santa Cruz de Tenerife,,0
2023,Madrid,10.0,0
2024,Asturias,3.0,0
2021,Málaga,9.0,0
2020,Ávila,10.0,0
2021,Girona,6.0,0
2021,Jaén,8.0,0
2026,Vizcaya,1.0,0
2024,La Rioja,9.0,0
2025,Madrid,7.0,0
2021,Alicante,7.0,0
2025,Toledo,2.0,0
2022,Murcia,9.0,0
2019,Girona,,0
2020,Ávila,8.0,0
2020,Palencia,7.0,0
2025,Sevilla,,0
2025,Guipúzcoa,2.0,0
2026,Santa Cruz de Tenerife,,0
2021,Salamanca,,0
2024,Pontevedra,7.0,0
2024,Jaén,6.0,0
2024,Islas Baleares,3.0,0
2024,Segovia,10.0,0
2020,Guadalajara,5.0,0
2020,León,6.0,0
2024,Vizcaya,,0
2024,Cádiz,6.0,0
2020,Álava,,0
2021,Jaén,,0
2022,Málaga,7.0,0
2022,Las Palmas,,0
2024,Soria,3.0,0
2025,Orense,10.0,0
2022,Valladolid,3.0,0
2023,Guadalajara,5.0,0
2020,León,,0
2024,Álava,8.0,0
2026,Sevilla,2.0,0
2023,Álava,,0
2021,Ciudad Real,6.0,0
2023,Lleida,1.0,0
2023,Castellón,,0
2025,La Rioja,8.0,0
2025,Melilla,4.0,0
2021,Valladolid,7.0,0
2019,Islas Baleares,,0
2020,Zamora,7.0,0
2023,Ávila,,0
2024,Cuenca,4.0,0
2025,Huesca,5.0,0
2020,Lleida,4.0,0
2021,Valencia,1.0,0
2021,Badajoz,1.0,0
2021,Granada,3.0,0
2026,Islas Baleares,10.0,0
2026,Las Palmas,5.0,0
2020,Cáceres,4.0,0
2024,Tarragona,8.0,0
2025,Madrid,4.0,0
2024,Burgos,2.0,0
2026,Cáceres,,0
2024,Tarragona,2.0,0
2022,Badajoz,5.0,0
2019,Burgos,1.0,0
2024,Huelva,6.0,0
2020,Navarra,4.0,0
2020,Islas Baleares,5.0,0
2024,Guadalajara,5.0,0
2019,Guipúzcoa,8.0,0
2022,Lleida,7.0,0
2022,Ciudad Real,8.0,0
2024,Toledo,10.0,0
2024,Barcelona,9.0,0
2023,Girona,7.0,0
2022,Guadalajara,2.0,0
2025,Santa Cruz de Tenerife,8.0,0
2021,Ceuta,5.0,0
2025,Cádiz,4.0,0
2024,León,1.0,0
2022,Córdoba,6.0,0
2026,Girona,7.0,0
2019,Lugo,,0
2022,Las Palmas,1.0,0
2025,Lleida,8.0,0
2020,Ciudad Real,10.0,0
2024,Tarragona,,0
2025,Huesca,8.0,0
2022,Lugo,1.0,0
2026,Segovia,,0
2023,Barcelona,4.0,0
2020,Soria,,0
2022,Granada,,0
2023,Álava,5.0,0
2026,Ciudad Real,5.0,0
2025,Zaragoza,6.0,0
2024,Córdoba,6.0,0
2023,Cáceres,10.0,0
2021,Palencia,3.0,0
2025,Zamora,6.0,0
2021,Albacete,1.0,0
2025,Guipúzcoa,9.0,0
2019,Burgos,6.0,0
2019,León,2.0,0
2024,Cantabria,5.0,0
2024,Orense,1.0,0
2020,Girona,9.0,0
2019,Islas Baleares,7.0,0
2023,Ciudad Real,,0
2020,La Coruña,9.0,0
2020,Ávila,2.0,0
2025,Córdoba,10.0,0
2020,Valladolid,7.0,0
2023,Palencia,8.0,0
2021,Álava,10.0,0
2026,Palencia,9.0,0
2025,La Coruña,5.0,0
2025,Madrid,8.0,0
2024,Pontevedra,3.0,0
2019,Alicante,9.0,0
2025,Ciudad Real,,0
2024,Cuenca,6.0,0
2022,Pontevedra,10.0,0
2022,Navarra,10.0,0
2023,Segovia,1.0,0
2021,Girona,6.0,0
2023,Pontevedra,5.0,0
2020,Huelva,7.0,0
2022,Vizcaya,7.0,0
2024,Guadalajara,2.0,0
2025,Santa Cruz de Tenerife,6.0,0
2021,Burgos,,0
2020,Zaragoza,3.0,0
2024,Lugo,,0
2022,Zaragoza,3.0,0
2020,Las Palmas,5.0,0
2024,Zaragoza,1.0,0
2020,Granada,8.0,0
2021,Salamanca,,0
2024,Zamora,1.0,0
2019,Huelva,6.0,0
2019,Murcia,,0
2022,Albacete,,0
2026,Ceuta,10.0,0
2022,Segovia,6.0,0
2025,Alicante,9.0,0
2022,Lleida,3.0,0
2025,Lugo,5.0,0
2024,Barcelona,9.0,0
2020,Alicante,1.0,0
2025,Huesca,1.0,0
2021,Cantabria,10.0,0
2025,Las Palmas,,0
2022,Almería,9.0,0
2019,La Rioja,,0
2024,Lleida,8.0,0
2026,Barcelona,,0
2023,Asturias,,0
2024,Barcelona,7.0,0
2026,Teruel,10.0,0
2019,Navarra,6.0,0
2023,Valencia,,0
2025,Cuenca,10.0,0
2023,Zamora,7.0,0
2026,Girona,9.0,0
2025,Las Palmas,7.0,0
2023,Santa Cruz de Tenerife,8.0,0
2020,Murcia,8.0,0
2019,Albacete,,0
2022,Palencia,8.0,0
2019,Toledo,10.0,0
2022,Cuenca,8.0,0
2021,Huesca,3.0,0
2022,Lugo,9.0,0
2019,Pontevedra,3.0,0
2022,Toledo,8.0,0
2024,Las Palmas,10.0,0
2020,Las Palmas,10.0,0
2025,Guadalajara,,0
2021,Huesca,,0
2022,Toledo,3.0,0
2022,Vizcaya,2.0,0
2019,Valladolid,10.0,0
2022,Toledo,10.0,0
2022,Valencia,5.0,0
2022,Sevilla,5.0,0
2020,Ceuta,4.0,0
2025,Lleida,1.0,0
2019,Segovia,10.0,0
2022,La Rioja,,0
2022,Córdoba,10.0,0
2023,Málaga,1.0,0
2020,Barcelona,3.0,0
2023,Lleida,7.0,0
2025,Palencia,3.0,0
2025,Santa Cruz de Tenerife,,0
2019,Palencia,8.0,0
2023,Guipúzcoa,7.0,0
2025,Girona,3.0,0
2021,Las Palmas,,0
2020,Segovia,8.0,0
2020,Girona,9.0,0
2024,La Coruña,,0
2024,Ávila,,0
2025,Zamora,8.0,0
2024,Madrid,6.0,0
2025,Ciudad Real,3.0,0
2019,Málaga,10.0,0
2024,Ciudad Real,10.0,0
2026,Palencia,6.0,0
2024,Toledo,,0
2023,Santa Cruz de Tenerife,,0
2026,Huesca,,0
2020,Valencia,10.0,0
2023,Cuenca,6.0,0
2025,La Rioja,1.0,0
2021,Castellón,10.0,0
2022,Guipúzcoa,2.0,0
2020,Badajoz,10.0,0
2021,Salamanca,8.0,0
2019,Zamora,6.0,0
2019,Orense,8.0,0
2021,Teruel,6.0,0
2026,Guadalajara,9.0,0
2025,Madrid,,0
2025,Almería,5.0,0
2024,Burgos,4.0,0
2024,Huesca,5.0,0
2024,Granada,9.0,0
2019,Córdoba,,0
2024,Ceuta,9.0,0
2023,Salamanca,2.0,0
2025,Cádiz,3.0,0
2020,Toledo,,0
2020,Murcia,9.0,0
2026,Pontevedra,5.0,0
2025,Melilla,7.0,0
2020,Sevilla,,0
2023,Lleida,1.0,0
2020,Cádiz,8.0,0
2021,Barcelona,7.0,0
2025,Lugo,7.0,0
2020,Toledo,3.0,0
2019,Guadalajara,,0
2024,Alicante,6.0,0
2021,Cuenca,3.0,0
2025,Cuenca,10.0,0
2023,Pontevedra,1.0,0
2022,Córdoba,6.0,0
2026,Guadalajara,2.0,0
2024,Álava,7.0,0
2022,Huelva,7.0,0
2024,Toledo,1.0,0
2025,Barcelona,3.0,0
2024,Toledo,,0
2025,Alicante,9.0,0
2024,León,8.0,0
2020,Madrid,5.0,0
2022,Almería,,0
2019,Sevilla,5.0,0
2019,Orense,,0
2019,Almería,5.0,0
2023,Orense,7.0,0
2022,Palencia,2.0,0
2022,Tarragona,2.0,0
2020,Huelva,6.0,0
2024,Tarragona,9.0,0
2023,Granada,7.0,0
2021,Segovia,6.0,0
2021,Barcelona,3.0,0
2024,Las Palmas,2.0,0
2025,Huesca,,0
2022,Álava,,0
2019,Girona,10.0,0
2022,Alicante,,0
2023,Cuenca,,0
2024,Alicante,1.0,0
2022,Burgos,,0
2020,Palencia,10.0,0
2019,Madrid,10.0,0
2021,Orense,5.0,0
2026,Palencia,5.0,0
2021,Badajoz,8.0,0
2021,Teruel,1.0,0
2025,Ávila,7.0,0
2019,Santa Cruz de Tenerife,8.0,0
2025,Lleida,3.0,0
2024,Soria,2.0,0
2019,Málaga,6.0,0
2020,Las Palmas,8.0,0
2026,Huelva,3.0,0
2019,Orense,,0
2023,Alicante,9.0,0
2021,Orense,1.0,0
2019,Asturias,8.0,0
2024,Zamora,5.0,0
2020,La Rioja,6.0,0
2025,Barcelona,6.0,0
2025,Santa Cruz de Tenerife,5.0,0
2019,Badajoz,9.0,0
2023,La Rioja,8.0,0
2023,León,4.0,0
2026,Asturias,2.0,0
2026,Sevilla,5.0,0
2026,Sevilla,6.0,0
2025,Madrid,2.0,0
2025,Huelva,9.0,0
2026,Tarragona,10.0,0
2019,Ávila,2.0,0
2019,Tarragona,9.0,0
2022,Córdoba,,0
2025,Murcia,2.0,0
2019,Vizcaya,10.0,0
2020,Alicante,10.0,0
2024,Albacete,9.0,0
2022,Zamora,9.0,0
2023,Valencia,6.0,0
2019,Salamanca,3.0,0
2021,Orense,8.0,0
2020,Cáceres,8.0,0
2025,Santa Cruz de Tenerife,2.0,0
2020,Ávila,3.0,0
2020,Asturias,4.0,0
2025,Soria,8.0,0
2025,Murcia,1.0,0
2019,Pontevedra,10.0,0
2021,Guadalajara,6.0,0
2021,Tarragona,7.0,0
2026,Cantabria,2.0,0
2022,Valladolid,7.0,0
2024,Jaén,2.0,0
2022,Islas Baleares,4.0,0
2019,Córdoba,5.0,0
2022,Sevilla,,0
2025,Zaragoza,6.0,0
2024,Almería,3.0,0
2023,Valencia,1.0,0
2025,Cuenca,2.0,0
2022,Teruel,7.0,0
2023,Ceuta,7.0,0
2020,Zaragoza,2.0,0
2026,Salamanca,6.0,0
2019,Huelva,9.0,0
2025,Huelva,9.0,0
2020,Lleida,,0
2023,Cáceres,10.0,0
2020,La Coruña,7.0,0
2025,Málaga,,0
2024,Cantabria,6.0,0
2023,Madrid,,0
2022,Almería,,0
2024,Ceuta,7.0,0
2023,Huesca,7.0,0
2022,Granada,3.0,0
2019,Cáceres,6.0,0
2023,Granada,8.0,0
2024,Zaragoza,9.0,0
2021,Santa Cruz de Tenerife,9.0,0
2023,Ávila,2.0,0
2019,Palencia,1.0,0
2022,Lleida,5.0,0
2020,Tarragona,6.0,0
2023,Tarragona,1.0,0
2023,Palencia,5.0,0
2026,Santa Cruz de Tenerife,,0
2024,Las Palmas,9.0,0
2020,Lleida,,0
2025,Ávila,4.0,0
2024,Sevilla,2.0,0
2023,Cádiz,5.0,0
2021,Huesca,2.0,0
2025,Málaga,5.0,0
2023,Salamanca,1.0,0
2024,Melilla,6.0,0
2022,Almería,1.0,0
2024,Valladolid,1.0,0
2025,Zaragoza,6.0,0
2020,Sevilla,,0
2020,Pontevedra,,0
2020,Alicante,4.0,0
2023,Cantabria,7.0,0
2025,Burgos,4.0,0
2025,Melilla,,0
2023,León,3.0,0
2023,Málaga,2.0,0
2026,Cuenca,6.0,0
2019,Lleida,4.0,0
2023,Soria,9.0,0
2020,Cantabria,2.0,0
2023,Cádiz,,0
2025,Ciudad Real,9.0,0
2019,La Coruña,5.0,0
2023,Melilla,5.0,0
2019,Córdoba,10.0,0
2024,Lleida,7.0,0
2021,Huelva,,0
2025,Guipúzcoa,10.0,0
2022,Santa Cruz de Tenerife,10.0,0
2022,Melilla,6.0,0
2024,Valladolid,8.0,0
2024,Santa Cruz de Tenerife,4.0,0
2026,Tarragona,,0
2021,Jaén,,0
2021,Lleida,2.0,0
2024,Santa Cruz de Tenerife,10.0,0
2024,Pontevedra,7.0,0
2024,Islas Baleares,3.0,0
2024,Guipúzcoa,9.0,0
2021,Melilla,,0
2023,Málaga,1.0,0
2025,Toledo,9.0,0
2022,Orense,5.0,0
2024,Toledo,5.0,0
2022,Córdoba,5.0,0
2022,Albacete,9.0,0
2025,Guipúzcoa,,0
2020,Palencia,3.0,0
2023,Ciudad Real,9.0,0
2022,Almería,7.0,0
2022,Palencia,8.0,0
2024,Asturias,5.0,0
2024,Islas Baleares,8.0,0
2019,Santa Cruz de Tenerife,,0
2024,Cádiz,4.0,0
2020,Álava,10.0,0
2026,Lleida,2.0,0
2022,Islas Baleares,1.0,0
2021,Salamanca,1.0,0
2025,Santa Cruz de Tenerife,2.0,0
2020,Guipúzcoa,5.0,0
2025,Valladolid,5.0,0
2025,La Coruña,,0
2025,Girona,1.0,0
2020,Granada,1.0,0
2020,Cantabria,8.0,0
2026,Vizcaya,8.0,0
2019,Granada,,0
2020,Huesca,10.0,0
2021,Guipúzcoa,,0
2023,Las Palmas,5.0,0
2025,Lleida,3.0,0
2025,Madrid,10.0,0
2022,Guadalajara,4.0,0
2022,Álava,10.0,0
2022,Navarra,4.0,0
2019,Girona,,0
2025,Segovia,,0
2020,Soria,6.0,0
2019,Guipúzcoa,,0
2021,Teruel,,0
2021,Lleida,10.0,0
2021,Las Palmas,10.0,0
2024,Jaén,5.0,0
2025,Lleida,,0
2025,Girona,,0
2025,Almería,5.0,0
2022,Girona,,0
2021,Lleida,7.0,0
2021,Orense,,0
2022,Zaragoza,4.0,0
2026,Teruel,,0
2022,Huelva,1.0,0
2022,Málaga,,0
2019,La Rioja,,0
2020,Valladolid,,0
2021,Huesca,,0
2023,Vizcaya,4.0,0
2023,Vizcaya,5.0,0
2026,Soria,10.0,0
2025,Lleida,9.0,0
2022,Castellón,1.0,0
2024,Granada,3.0,0
2025,Ceuta,7.0,0
2022,Alicante,7.0,0
2020,Navarra,,0
2026,Guipúzcoa,10.0,0
2021,Soria,2.0,0
2023,Guadalajara,4.0,0
2023,Guadalajara,7.0,0
2024,Lugo,2.0,0
2019,Lugo,8.0,0
2025,Huelva,3.0,0
2019,Las Palmas,10.0,0
2025,Ávila,3.0,0
2019,Navarra,4.0,0
2021,Almería,2.0,0
2022,Tarragona,3.0,0
2023,Granada,4.0,0
2023,Las Palmas,5.0,0
2022,Navarra,9.0,0
2021,Alicante,8.0,0
2025,Alicante,,0
2022,León,2.0,0
2022,Orense,9.0,0
2024,Lleida,7.0,0
2025,Málaga,8.0,0
2026,Islas Baleares,6.0,0
2025,Valladolid,3.0,0
2020,La Coruña,7.0,0
2022,Santa Cruz de Tenerife,4.0,0
2021,Albacete,,0
2020,Teruel,1.0,0
2026,Murcia,,0
2022,Jaén,,0
2023,Guadalajara,6.0,0
2020,Sevilla,1.0,0
2025,La Coruña,3.0,0
2020,León,1.0,0
2019,Santa Cruz de Tenerife,,0
2024,Ciudad Real,8.0,0
2021,Asturias,6.0,0
2025,Murcia,10.0,0
2020,Girona,9.0,0
2024,Guadalajara,1.0,0
2025,Almería,9.0,0
2024,Guipúzcoa,,0
2021,La Coruña,,0
2021,Castellón,,0
2020,Cádiz,4.0,0
2021,Ceuta,4.0,0
2026,Girona,,0
2022,Jaén,1.0,0
2020,Sevilla,10.0,0
2020,Salamanca,5.0,0
2023,Guadalajara,,0
2020,Toledo,4.0,0
2022,Sevilla,,0
2025,Zamora,9.0,0
2022,Burgos,4.0,0
2019,Santa Cruz de Tenerife,7.0,0
2020,Almería,2.0,0
2025,Tarragona,2.0,0
2025,Zaragoza,3.0,0
2023,Cuenca,6.0,0
2024,Palencia,,0
2022,Málaga,1.0,0
2019,Burgos,9.0,0
2025,Valladolid,10.0,0
2025,Madrid,4.0,0
2023,Madrid,,0
2020,Lleida,8.0,0
2020,Soria,,0
2025,Palencia,10.0,0
2019,Girona,8.0,0
2020,Cuenca,3.0,0
2021,Córdoba,3.0,0
2022,Santa Cruz de Tenerife,3.0,0
2024,Vizcaya,7.0,0
2021,León,2.0,0
2020,Santa Cruz de Tenerife,10.0,0
2024,Madrid,1.0,0
2024,Lleida,,0
2019,Albacete,,0
2025,Huesca,2.0,0
2022,Cáceres,7.0,0
2019,Álava,,0
2025,Cáceres,10.0,0
2022,Santa Cruz de Tenerife,2.0,0
2025,Málaga,,0
2022,La Rioja,,0
2022,Teruel,6.0,0
2023,Teruel,10.0,0
2026,La Rioja,1.0,0
2022,Teruel,7.0,0
2025,Valencia,,0
2022,Alicante,6.0,0
2020,Valladolid,1.0,0
2019,Jaén,2.0,0
2020,Córdoba,5.0,0
2023,Cádiz,6.0,0
2021,Madrid,,0
2023,Huesca,3.0,0
2025,Zamora,2.0,0
2022,Madrid,10.0,0
2019,Asturias,10.0,0
2023,Vizcaya,,0
2021,Zamora,9.0,0
2020,Girona,,0
2019,Guadalajara,5.0,0
2024,La Coruña,9.0,0
2026,Cantabria,8.0,0
2024,Sevilla,1.0,0
2023,Santa Cruz de Tenerife,,0
2025,Lugo,,0
2020,Guadalajara,9.0,0
2024,Valencia,,0
2020,Zaragoza,2.0,0
2025,Girona,4.0,0
2020,Segovia,6.0,0
2021,Ávila,5.0,0
2021,Zaragoza,6.0,0
2019,Girona,6.0,0
2021,Cantabria,3.0,0
2025,Guipúzcoa,,0
2026,Sevilla,4.0,0
2022,Córdoba,7.0,0
2023,Lleida,8.0,0
2025,Murcia,4.0,0
2025,Teruel,5.0,0
2025,León,3.0,0
2021,Badajoz,3.0,0
2021,Cádiz,9.0,0
2019,Álava,9.0,0
2025,Palencia,2.0,0
2024,Navarra,,0
2023,Málaga,10.0,0
2023,Pontevedra,8.0,0
2022,Soria,7.0,0
2023,Cuenca,4.0,0
2021,Jaén,3.0,0
2021,Ávila,6.0,0
2020,Zamora,5.0,0
2021,Santa Cruz de Tenerife,10.0,0
2025,Zamora,6.0,0
2025,Madrid,,0
2021,Lleida,5.0,0
2022,Almería,9.0,0
2025,La Coruña,,0
2024,Teruel,7.0,0
2024,León,10.0,0
2023,Granada,2.0,0
2022,Orense,,0
2024,León,8.0,0
2024,Islas Baleares,3.0,0
2022,Santa Cruz de Tenerife,2.0,0
2019,Lleida,,0
2020,Santa Cruz de Tenerife,8.0,0
2022,Zaragoza,7.0,0
2025,Ciudad Real,1.0,0
2024,Toledo,7.0,0
2021,Málaga,2.0,0
2026,Alicante,8.0,0
2025,Toledo,1.0,0
2025,Ceuta,3.0,0
2022,Zaragoza,4.0,0
2021,Badajoz,9.0,0
2021,Santa Cruz de Tenerife,10.0,0
2026,Vizcaya,7.0,0
2023,Vizcaya,8.0,0
2020,Cantabria,3.0,0
2025,Cádiz,8.0,0
2022,Lugo,2.0,0
2025,Murcia,6.0,0
2021,Barcelona,,0
2023,Islas Baleares,7.0,0
2026,Santa Cruz de Tenerife,3.0,0
2025,Soria,8.0,0
2019,Palencia,,0
2025,Alicante,4.0,0
2019,Ceuta,2.0,0
2022,Badajoz,6.0,0
2024,Salamanca,4.0,0
2019,Lleida,6.0,0
2020,Alicante,4.0,0
2026,Córdoba,6.0,0
2026,Madrid,1.0,0
2019,Melilla,,0
2026,Albacete,9.0,0
2024,Orense,8.0,0
2020,Santa Cruz de Tenerife,,0
2022,Girona,4.0,0
2021,Girona,4.0,0
2019,Teruel,10.0,0
2025,Islas Baleares,2.0,0
2021,Jaén,,0
2019,Salamanca,8.0,0
2025,Barcelona,10.0,0
2021,Córdoba,10.0,0
2019,Guipúzcoa,,0
2025,Ávila,1.0,0
2023,Navarra,9.0,0
2021,Jaén,2.0,0
2021,Málaga,3.0,0
2022,Ceuta,,0
2021,Orense,1.0,0
2021,León,9.0,0
2025,Palencia,7.0,0
2024,Ciudad Real,6.0,0
2019,León,,0
2021,Córdoba,2.0,0
2024,Teruel,,0
2021,Alicante,3.0,0
2021,Girona,7.0,0
2022,Cáceres,4.0,0
2021,Cáceres,8.0,0
2021,Lleida,6.0,0
2019,La Rioja,10.0,0
2023,Guipúzcoa,1.0,0
2026,Girona,9.0,0
2023,León,2.0,0
2023,Cantabria,4.0,0
2023,Vizcaya,2.0,0
2023,Jaén,3.0,0
2019,Soria,,0
2022,Málaga,,0
2023,Vizcaya,,0
2019,Melilla,4.0,0
2024,Ceuta,6.0,0
2021,Ávila,5.0,0
2022,Toledo,1.0,0
2021,Tarragona,7.0,0
2021,Madrid,7.0,0
2025,Asturias,7.0,0
2024,Segovia,10.0,0
2021,Santa Cruz de Tenerife,5.0,0
2024,Albacete,4.0,0
2020,Ciudad Real,10.0,0
2023,Pontevedra,,0
2021,Lugo,4.0,0
2024,La Rioja,5.0,0
2022,Asturias,5.0,0
2019,Orense,8.0,0
2022,Asturias,4.0,0
2020,Badajoz,2.0,0
2020,Navarra,7.0,0
2024,Alicante,7.0,0
2020,Girona,1.0,0
2021,León,5.0,0
2022,Palencia,2.0,0
2025,Girona,,0
2020,Vizcaya,1.0,0
2021,Ceuta,,0
2024,Ávila,3.0,0
2020,Zaragoza,4.0,0
2024,Almería,2.0,0
2020,Melilla,10.0,0
2025,Barcelona,3.0,0
2023,Santa Cruz de Tenerife,10.0,0
2025,Teruel,6.0,0
2025,Castellón,,0
2022,Jaén,3.0,0
2024,Murcia,1.0,0
2025,Badajoz,2.0,0
2019,Albacete,8.0,0
2026,Alicante,5.0,0
2025,Zaragoza,1.0,0
2019,León,,0
2025,Barcelona,8.0,0
2021,Córdoba,,0
2023,Ciudad Real,10.0,0
2019,Teruel,,0
2021,Orense,4.0,0
2023,La Rioja,9.0,0
2021,Salamanca,8.0,0
2019,Cádiz,3.0,0
2022,Alicante,5.0,0
2020,Zaragoza,8.0,0
2025,Jaén,10.0,0
2024,Lleida,6.0,0
2023,Cáceres,2.0,0
2020,Sevilla,,0
2024,Ceuta,7.0,0
2023,Girona,4.0,0
2021,Vizcaya,2.0,0
2020,Ciudad Real,10.0,0
2022,Navarra,10.0,0
2023,Córdoba,2.0,0
2025,Orense,,0
2021,Málaga,5.0,0
2022,Girona,,0
2021,Salamanca,,0
2020,Navarra,4.0,0
2021,Zamora,6.0,0
2024,Granada,,0
2021,Teruel,1.0,0
2024,Vizcaya,5.0,0
2022,Huesca,7.0,0
2019,Islas Baleares,9.0,0
2021,Granada,5.0,0
2025,Almería,1.0,0
2025,Toledo,8.0,0
2022,Alicante,3.0,0
2020,Zaragoza,7.0,0
2026,Teruel,7.0,0
2021,Tarragona,7.0,0
2023,Lleida,5.0,0
2022,Zaragoza,4.0,0
2023,Tarragona,,0
2024,Santa Cruz de Tenerife,3.0,0
2019,Cádiz,4.0,0
2020,Guipúzcoa,5.0,0
2026,Sevilla,,0
2021,Tarragona,9.0,0
2023,Madrid,1.0,0
2025,Navarra,4.0,0
2019,Huesca,4.0,0
2022,La Rioja,9.0,0
2020,Pontevedra,1.0,0
2024,Valladolid,2.0,0
2025,Ciudad Real,7.0,0
2024,Burgos,,0
2022,Asturias,7.0,0
2021,Murcia,3.0,0
2025,Teruel,3.0,0
2021,Burgos,1.0,0
2021,Badajoz,,0
2020,Madrid,5.0,0
2022,Lleida,2.0,0
2023,Badajoz,2.0,0
2019,Islas Baleares,,0
2019,Valencia,8.0,0
2022,Valencia,,0
2021,Guadalajara,,0
2022,Valencia,8.0,0
2021,Lleida,2.0,0
2021,Huelva,7.0,0
2021,Valencia,10.0,0
2021,Madrid,1.0,0
2026,Álava,10.0,0
2020,Lugo,2.0,0
2019,Cantabria,6.0,0
2021,Guipúzcoa,5.0,0
2022,Ávila,6.0,0
2020,Ávila,5.0,0
2019,Valladolid,3.0,0
2022,Tarragona,3.0,0
2024,Cáceres,4.0,0
2023,Salamanca,8.0,0
2020,Segovia,,0
2023,La Rioja,5.0,0
2023,Ceuta,7.0,0
2024,Asturias,3.0,0
2024,Vizcaya,5.0,0
2022,Granada,9.0,0
2021,Alicante,8.0,0
2025,Jaén,3.0,0
2022,Málaga,9.0,0
2020,Álava,1.0,0
2021,Melilla,10.0,0
2022,Albacete,7.0,0
2021,Zamora,3.0,0
2020,Segovia,4.0,0
2021,Salamanca,1.0,0
2023,Albacete,,0
2020,Islas Baleares,8.0,0
2025,La Rioja,3.0,0
2020,Santa Cruz de Tenerife,7.0,0
2023,Lleida,8.0,0
2021,Málaga,,0
2021,Alicante,5.0,0
2019,Cuenca,3.0,0
2022,La Rioja,9.0,0
2022,Asturias,2.0,0
2020,Murcia,4.0,0
2022,Madrid,8.0,0
2020,León,5.0,0
2019,Santa Cruz de Tenerife,2.0,0
2024,Segovia,6.0,0
2021,Granada,2.0,0
2025,Islas Baleares,,0
2025,Guipúzcoa,5.0,0
2021,Jaén,10.0,0
2020,Lleida,8.0,0
2019,Vizcaya,,0
2024,Zamora,8.0,0
2019,Ávila,5.0,0
2023,Cádiz,8.0,0
2023,Zamora,3.0,0
2021,Navarra,10.0,0
2020,Ciudad Real,3.0,0
2023,Valencia,3.0,0
2022,Cádiz,,0
2025,Ciudad Real,,0
2026,Melilla,1.0,0
2024,Murcia,9.0,0
2022,Alicante,3.0,0
2025,Huesca,5.0,0
2025,Ceuta,,0
2021,Zaragoza,3.0,0
2021,Ávila,4.0,0
2023,Las Palmas,10.0,0
2023,Santa Cruz de Tenerife,3.0,0
2025,Ciudad Real,9.0,0
2025,Zamora,9.0,0
2023,Castellón,5.0,0
2022,Las Palmas,,0
2020,Asturias,,0
2022,Álava,2.0,0
2022,Segovia,,0
2022,Santa Cruz de Tenerife,,0
2025,Albacete,3.0,0
2021,Islas Baleares,1.0,0
2024,La Rioja,10.0,0
2019,Palencia,7.0,0
2020,Girona,7.0,0
2020,Almería,,0
2024,Cuenca,9.0,0
2022,León,9.0,0
2019,Vizcaya,5.0,0
2025,Santa Cruz de Tenerife,,0
2024,Granada,6.0,0
2019,Granada,,0
2025,Las Palmas,7.0,0
2025,Badajoz,1.0,0
2023,Burgos,7.0,0
2021,Málaga,9.0,0
2022,Valencia,5.0,0
2021,Las Palmas,9.0,0
2025,León,6.0,0
2019,Alicante,2.0,0
2019,Madrid,9.0,0
2019,La Rioja,,0
2021,Santa Cruz de Tenerife,8.0,0
2025,Segovia,,0
2021,León,10.0,0
2021,Álava,1.0,0
2021,Jaén,5.0,0
2024,Zaragoza,10.0,0
2021,Zamora,9.0,0
2024,Ávila,4.0,0
2022,Santa Cruz de Tenerife,1.0,0
2024,Almería,3.0,0
2021,Toledo,4.0,0
2019,Huelva,3.0,0
2020,Castellón,2.0,0
2019,Cádiz,3.0,0
2024,Cantabria,3.0,0
2023,Segovia,,0
2023,Segovia,9.0,0
2023,Jaén,6.0,0
2022,Huelva,3.0,0
2024,Tarragona,2.0,0
2023,Vizcaya,10.0,0
2025,Guadalajara,,0
2022,Cáceres,,0
2022,Almería,,0
2025,Girona,,0
2023,Castellón,,0
2019,Ávila,8.0,0
2020,Vizcaya,6.0,0
2022,Orense,,0
2025,Valladolid,2.0,0
2024,Ceuta,9.0,0
2023,Cantabria,,0
2025,Córdoba,1.0,0
2023,Las Palmas,4.0,0
2025,Cádiz,7.0,0
2022,Málaga,3.0,0
2019,Zamora,7.0,0
2023,Sevilla,,0
2021,Álava,3.0,0
2021,Cádiz,10.0,0
2021,Huelva,10.0,0
2021,Teruel,9.0,0
2021,Huelva,6.0,0
2022,Málaga,6.0,0
2022,Asturias,8.0,0
2020,Islas Baleares,1.0,0
2025,Palencia,7.0,0
2025,Badajoz,8.0,0
2025,Ceuta,1.0,0
2022,Huelva,2.0,0
2020,Ciudad Real,9.0,0
2022,Vizcaya,,0
2021,Islas Baleares,3.0,0
2024,Asturias,3.0,0
2024,Salamanca,3.0,0
2021,Girona,,0
2020,Cádiz,10.0,0
2020,Navarra,7.0,0
2025,Islas Baleares,1.0,0
2021,Granada,6.0,0
2025,Teruel,1.0,0
2019,Palencia,6.0,0
2022,Albacete,3.0,0
2024,Murcia,7.0,0
2023,La Rioja,,0
2025,Valencia,8.0,0
2024,Sevilla,8.0,0
2021,Badajoz,8.0,0
2023,León,,0
2022,Asturias,10.0,0
2023,Cádiz,7.0,0
2025,Lugo,,0
2023,La Rioja,7.0,0
2023,Madrid,7.0,0
2019,Valencia,9.0,0
2025,Navarra,2.0,0
2024,Melilla,2.0,0
2019,Santa Cruz de Tenerife,3.0,0
2019,Lleida,3.0,0
2024,Jaén,10.0,0
2019,Orense,10.0,0
2024,Segovia,10.0,0
2026,Orense,9.0,0
2019,Barcelona,2.0,0
2023,Alicante,1.0,0
2021,Girona,6.0,0
2026,La Rioja,7.0,0
2022,Alicante,6.0,0
2019,Albacete,4.0,0
2026,Murcia,4.0,0
2019,Tarragona,10.0,0
2022,Toledo,,0
2019,Córdoba,5.0,0
2023,Castellón,,0
2021,Lleida,,0
2019,Segovia,,0
2025,Palencia,10.0,0
2019,Orense,9.0,0
2022,Cádiz,9.0,0
2020,Barcelona,4.0,0
2024,La Coruña,5.0,0
2022,Zamora,8.0,0
2024,Melilla,1.0,0
2020,Cantabria,9.0,0
2023,Pontevedra,1.0,0
2019,La Coruña,6.0,0
2021,Santa Cruz de Tenerife,5.0,0
2022,Burgos,,0
2025,Albacete,5.0,0
2022,La Coruña,7.0,0
2021,Castellón,7.0,0
2022,Álava,1.0,0
2022,Santa Cruz de Tenerife,10.0,0
2025,Cádiz,3.0,0
2022,Islas Baleares,2.0,0
2025,Palencia,2.0,0
2020,Córdoba,9.0,0
2023,Málaga,9.0,0
2024,Huesca,9.0,0
2024,Lugo,4.0,0
2023,Vizcaya,,0
2022,Toledo,,0
2025,Cuenca,3.0,0
2019,Jaén,8.0,0
2025,La Coruña,7.0,0
2020,Zamora,3.0,0
2023,Barcelona,6.0,0
2025,Cáceres,5.0,0
2022,Toledo,5.0,0
2022,Álava,2.0,0
2024,Girona,,0
2025,Lugo,9.0,0
2019,Badajoz,1.0,0
2022,León,5.0,0
2023,Jaén,6.0,0
2025,Alicante,4.0,0
2023,Girona,10.0,0
2023,Guadalajara,,0
2019,Valencia,1.0,0
2023,Burgos,5.0,0
2022,Jaén,3.0,0
2026,Málaga,1.0,0
2019,Vizcaya,8.0,0
2022,Guipúzcoa,6.0,0
2025,Huesca,2.0,0
2024,Soria,1.0,0
2023,Vizcaya,3.0,0
2020,Santa Cruz de Tenerife,9.0,0
2020,Santa Cruz de Tenerife,1.0,0
2022,Barcelona,10.0,0
2024,Valladolid,7.0,0
2024,Zaragoza,6.0,0
2025,Palencia,5.0,0
2021,Guadalajara,10.0,0
2024,Córdoba,10.0,0
2022,Madrid,1.0,0
2019,Islas Baleares,9.0,0
2023,Almería,8.0,0
2020,Tarragona,2.0,0
2023,Almería,9.0,0
2023,Girona,10.0,0
2020,Cádiz,3.0,0
2020,Zaragoza,9.0,0
2020,Santa Cruz de Tenerife,4.0,0
2025,Toledo,6.0,0
2023,Asturias,,0
2026,Girona,4.0,0
2023,Segovia,,0
2023,Granada,7.0,0
2025,Zamora,9.0,0
2024,Zaragoza,9.0,0
2024,Córdoba,4.0,0
2022,Las Palmas,9.0,0
2021,Jaén,10.0,0
2020,Cuenca,,0
2023,Madrid,9.0,0
2023,Granada,,0
2022,Girona,9.0,0
2023,Almería,6.0,0
2019,La Coruña,,0
2024,Granada,3.0,0
2026,Teruel,6.0,0
2023,Sevilla,,0
2024,Valladolid,6.0,0
2019,Barcelona,1.0,0
2023,Zamora,1.0,0
2020,Lleida,7.0,0
2025,Melilla,6.0,0
2025,Madrid,9.0,0
2024,Burgos,10.0,0
2022,Granada,1.0,0
2022,Girona,6.0,0
2024,Valencia,8.0,0
2019,Girona,3.0,0
2022,Barcelona,8.0,0
2022,Ciudad Real,2.0,0
2025,Badajoz,7.0,0
2021,Álava,4.0,0
2019,Lleida,9.0,0
2023,Ciudad Real,1.0,0
2021,Burgos,9.0,0
2022,Melilla,1.0,0
2019,Lugo,2.0,0
2020,Santa Cruz de Tenerife,2.0,0
2023,Guadalajara,6.0,0
2026,Santa Cruz de Tenerife,3.0,0
2023,Ciudad Real,9.0,0
2022,Almería,9.0,0
2025,Murcia,,0
2020,Málaga,,0
2020,Segovia,6.0,0
2025,Santa Cruz de Tenerife,8.0,0
2023,Cuenca,10.0,0
2020,Vizcaya,8.0,0
2026,La Coruña,,0
2023,Navarra,1.0,0
2020,Zaragoza,4.0,0
2024,Tarragona,6.0,0
2021,Burgos,8.0,0
2021,Barcelona,7.0,0
2025,Lleida,3.0,0
2025,Segovia,1.0,0
2023,Navarra,6.0,0
2024,Ciudad Real,5.0,0
2025,Badajoz,8.0,0
2024,Orense,9.0,0
2021,Castellón,7.0,0
2025,Guadalajara,3.0,0
2020,Santa Cruz de Tenerife,,0
2022,Alicante,5.0,0
2022,Cáceres,,0
2023,Jaén,7.0,0
2022,Albacete,4.0,0
2026,Vizcaya,2.0,0
2023,Ceuta,2.0,0
2022,Barcelona,,0
2020,Córdoba,9.0,0
2023,Cantabria,3.0,0
2020,Badajoz,3.0,0
2025,Melilla,7.0,0
2019,Vizcaya,3.0,0
2022,Zamora,,0
2022,Zaragoza,10.0,0
2020,Guipúzcoa,8.0,0
2022,Almería,2.0,0
2022,Las Palmas,5.0,0
2024,La Coruña,5.0,0
2023,La Coruña,2.0,0
2024,Lleida,5.0,0
2023,Soria,10.0,0
2021,Valladolid,10.0,0
2024,Navarra,,0
2024,Murcia,2.0,0
2022,Islas Baleares,,0
2020,Guadalajara,,0
2020,Murcia,3.0,0
2021,León,3.0,0
2025,Huesca,5.0,0
2022,Vizcaya,3.0,0
2022,Girona,7.0,0
2020,Valladolid,1.0,0
2025,Pontevedra,2.0,0
2022,La Rioja,9.0,0
2026,Cáceres,4.0,0
2024,Soria,3.0,0
2023,Madrid,3.0,0
2024,Castellón,,0
2020,Valladolid,10.0,0
2024,Lugo,9.0,0
2026,Almería,8.0,0
2026,Guipúzcoa,,0
2023,Zamora,1.0,0
2022,Álava,,0
2019,Valladolid,1.0,0
2024,Guadalajara,6.0,0
2021,Orense,8.0,0
2020,Teruel,9.0,0
2020,Barcelona,8.0,0
2021,Melilla,3.0,0
2021,Huelva,8.0,0
2020,Ceuta,,0
2019,Girona,3.0,0
2024,Lleida,,0
2019,Murcia,,0
2025,Málaga,2.0,0
2021,Vizcaya,8.0,0
2020,Navarra,7.0,0
2019,Melilla,8.0,0
2019,Jaén,10.0,0
2024,Cuenca,5.0,0
2025,Albacete,,0
2019,Jaén,2.0,0
2020,Cáceres,8.0,0
2022,Navarra,8.0,0
2019,Guipúzcoa,6.0,0
2020,Málaga,2.0,0
2021,Las Palmas,6.0,0
2021,Cantabria,,0
2024,León,3.0,0
2019,Cádiz,,0
2021,Cádiz,8.0,0
2026,Málaga,4.0,0
2022,Guipúzcoa,,0
2025,Cáceres,7.0,0
2026,Islas Baleares,3.0,0
2022,Cádiz,1.0,0
2025,Guipúzcoa,1.0,0
2021,Sevilla,7.0,0
2024,Soria,6.0,0
2019,Lleida,,0
2020,Zamora,5.0,0
2021,Barcelona,4.0,0
2026,Palencia,7.0,0
2023,Zamora,9.0,0
2025,Zaragoza,10.0,0
2023,Girona,,0
2023,Castellón,3.0,0
2023,Palencia,7.0,0
2025,Guipúzcoa,1.0,0
2025,Girona,3.0,0
2025,La Rioja,9.0,0
2020,Huelva,2.0,0
2024,Huelva,8.0,0
2024,Lleida,10.0,0
2019,Salamanca,7.0,0
2021,Asturias,8.0,0
2023,Pontevedra,4.0,0
2023,Toledo,,0
2023,Valencia,,0
2019,Albacete,8.0,0
2024,La Coruña,10.0,0
2023,Segovia,3.0,0
2023,Santa Cruz de Tenerife,7.0,0
2024,Castellón,1.0,0
2019,Huesca,2.0,0
2026,Lugo,1.0,0
2022,Vizcaya,2.0,0
2021,Cádiz,,0
2019,Lugo,,0
2019,Girona,6.0,0
2022,Lleida,6.0,0
2020,León,5.0,0
2026,Guadalajara,10.0,0
2019,Huelva,8.0,0
2019,Albacete,,0
2021,Valencia,9.0,0
2026,Segovia,6.0,0
2020,Barcelona,3.0,0
2019,Islas Baleares,1.0,0
2020,Cádiz,10.0,0
2019,Álava,3.0,0
2019,Lleida,6.0,0
2024,Guadalajara,7.0,0
2019,Huelva,10.0,0
2022,Segovia,6.0,0
2023,Cádiz,,0
2024,Alicante,6.0,0
2021,Guadalajara,6.0,0
2025,Palencia,3.0,0
2022,Melilla,2.0,0
2022,Salamanca,4.0,0
2022,Islas Baleares,,0
2020,Madrid,,0
2021,Las Palmas,6.0,0
2026,Orense,,0
2022,Girona,8.0,0
2025,Cádiz,1.0,0
2021,Valencia,,0
2025,Murcia,,0
2024,Albacete,,0
2020,Lugo,,0
2023,Islas Baleares,,0
2023,La Rioja,,0
2022,Tarragona,2.0,0
2022,Santa Cruz de Tenerife,,0
2020,Tarragona,9.0,0
2023,Álava,,0
2020,Girona,9.0,0
2022,Valencia,3.0,0
2019,Teruel,1.0,0
2019,Soria,6.0,0
2024,Cantabria,4.0,0
2020,Islas Baleares,,0
2021,León,4.0,0
2020,Palencia,4.0,0
2021,Ceuta,3.0,0
2026,Tarragona,4.0,0
2019,Guipúzcoa,4.0,0
2023,Cantabria,4.0,0
2019,Zaragoza,10.0,0
2025,Cádiz,5.0,0
2025,Tarragona,7.0,0
2019,Sevilla,,0
2023,Segovia,1.0,0
2019,Zamora,6.0,0
2023,Segovia,,0
2024,Jaén,,0
2025,Málaga,7.0,0
2023,Ciudad Real,3.0,0
2024,Córdoba,6.0,0
2019,Asturias,3.0,0
2026,Huesca,,0
2023,Melilla,10.0,0
2022,Jaén,3.0,0
2019,Vizcaya,8.0,0
2021,Santa Cruz de Tenerife,4.0,0
2024,Palencia,,0
2024,Córdoba,,0
2019,Madrid,1.0,0
2022,Guadalajara,,0
2022,Tarragona,2.0,0
2023,Almería,10.0,0
2020,Lugo,3.0,0
2023,Girona,10.0,0
2021,Huesca,9.0,0
2025,Barcelona,,0
2023,Asturias,,0
2023,Las Palmas,2.0,0
2023,Zaragoza,3.0,0
2024,Guadalajara,,0
2023,Cáceres,1.0,0
2023,Islas Baleares,2.0,0
2021,Jaén,1.0,0
2019,Cuenca,1.0,0
2024,Almería,7.0,0
2021,Sevilla,2.0,0
2019,Cáceres,7.0,0
2023,Orense,3.0,0
2021,Girona,7.0,0
2024,Santa Cruz de Tenerife,,0
2026,Girona,,0
2020,Huelva,6.0,0
2020,Toledo,7.0,0
2019,Toledo,1.0,0
2020,Guadalajara,,0
2025,Almería,,0
2020,Melilla,3.0,0
2024,Zamora,3.0,0
2021,Girona,,0
2025,Santa Cruz de Tenerife,,0
2025,Las Palmas,5.0,0
2021,Jaén,4.0,0
2026,Albacete,5.0,0
2025,Las Palmas,,0
2023,La Rioja,7.0,0
2019,Barcelona,10.0,0
2025,Albacete,6.0,0
2023,Tarragona,9.0,0
2025,Burgos,1.0,0
2026,Girona,7.0,0
2020,Granada,1.0,0
2022,Lleida,,0
2019,Cuenca,3.0,0
2025,Barcelona,2.0,0
2019,Santa Cruz de Tenerife,3.0,0
2022,Álava,,0
2020,Cuenca,8.0,0
2024,Las Palmas,5.0,0
2023,Castellón,8.0,0
2020,Soria,3.0,0
2022,Ciudad Real,5.0,0
2019,Cáceres,,0
2021,Melilla,5.0,0
2026,Cantabria,,0
2020,Lleida,,0
2021,Cuenca,1.0,0
2022,Islas Baleares,2.0,0
2025,Vizcaya,3.0,0
2025,Vizcaya,1.0,0
2023,Cantabria,1.0,0
2023,Albacete,2.0,0
2025,Huesca,10.0,0
2023,Málaga,4.0,0
2021,Zamora,3.0,0
2022,Palencia,,0
2025,Soria,7.0,0
2024,Jaén,,0
2022,Zaragoza,10.0,0
2019,Cáceres,6.0,0
2023,Melilla,10.0,0
2019,Córdoba,8.0,0
2023,Segovia,1.0,0
2024,Ciudad Real,7.0,0
2022,León,4.0,0
2021,Orense,6.0,0
2025,La Rioja,8.0,0
2024,Huesca,4.0,0
2019,Orense,7.0,0
2021,Santa Cruz de Tenerife,,0
2019,Segovia,8.0,0
2023,Ceuta,,0
2022,Melilla,,0
2020,Madrid,3.0,0
2022,Islas Baleares,2.0,0
2021,Girona,2.0,0
2020,Sevilla,7.0,0
2019,Lugo,,0
2019,Castellón,4.0,0
2024,Soria,3.0,0
2020,Guipúzcoa,2.0,0
2022,Madrid,4.0,0
2020,Ceuta,5.0,0
2023,Teruel,,0
2019,Girona,2.0,0
2025,Palencia,,0
2021,Badajoz,10.0,0
2026,Girona,3.0,0
2021,Castellón,,0
2021,Guadalajara,,0
2020,Cantabria,7.0,0
2022,Cádiz,,0
2020,Ciudad Real,4.0,0
2019,Soria,4.0,0
2020,Sevilla,9.0,0
2019,Málaga,5.0,0
2024,Ciudad Real,3.0,0
2026,Valladolid,,0
2021,Lleida,9.0,0
2025,Soria,,0
2022,Lleida,6.0,0
2019,Cádiz,10.0,0
2022,Soria,1.0,0
2025,Teruel,9.0,0
2023,Soria,2.0,0
2026,Segovia,2.0,0
2024,Jaén,1.0,0
2022,Alicante,9.0,0
2022,Vizcaya,,0
2020,Teruel,6.0,0
2024,La Rioja,8.0,0
2020,Cuenca,,0
2023,Pontevedra,,0
2019,Jaén,8.0,0
2022,Alicante,8.0,0
2020,Valencia,8.0,0
2021,Las Palmas,8.0,0
2022,Santa Cruz de Tenerife,9.0,0
2024,Zaragoza,3.0,0
2019,La Rioja,1.0,0
2025,Teruel,1.0,0
2022,Alicante,8.0,0
2026,Asturias,3.0,0
2021,Burgos,7.0,0
2020,Huesca,6.0,0
2019,Córdoba,5.0,0
2021,Cáceres,5.0,0
2020,Teruel,10.0,0
2022,Cantabria,,0
2022,Barcelona,4.0,0
2023,Teruel,7.0,0
2019,Madrid,3.0,0
2020,Cáceres,8.0,0
2025,Sevilla,5.0,0
2024,Teruel,3.0,0
2024,Granada,5.0,0
2022,Zaragoza,3.0,0
2020,Cáceres,10.0,0
2019,Soria,4.0,0
2019,Ávila,1.0,0
2022,Badajoz,10.0,0
2022,Girona,8.0,0
2022,La Rioja,8.0,0
2019,Cádiz,3.0,0
2022,Guipúzcoa,8.0,0
2024,León,,0
2024,Vizcaya,2.0,0
2021,Ciudad Real,9.0,0
2021,Las Palmas,6.0,0
2021,Málaga,7.0,0
2023,Vizcaya,8.0,0
2024,Ávila,9.0,0
2022,Salamanca,6.0,0
2023,Sevilla,3.0,0
2026,Santa Cruz de Tenerife,4.0,0
2021,Granada,9.0,0
2024,Albacete,,0
2021,Ávila,7.0,0
2023,Granada,5.0,0
2023,Córdoba,3.0,0
2024,Lleida,10.0,0
2019,Toledo,8.0,0
2021,Valencia,8.0,0
2022,Salamanca,4.0,0
2024,León,3.0,0
2020,Guipúzcoa,6.0,0
2020,Lleida,9.0,0
2020,Murcia,3.0,0
2020,Palencia,,0
2024,Cáceres,4.0,0
2022,Teruel,3.0,0
2019,Huesca,1.0,0
2026,Córdoba,4.0,0
2022,Burgos,3.0,0
2022,Burgos,,0
2019,Salamanca,7.0,0
2026,Guadalajara,7.0,0
2022,Castellón,5.0,0
2021,Asturias,5.0,0
2021,Tarragona,1.0,0
2022,Murcia,6.0,0
2021,Madrid,1.0,0
2022,Cuenca,2.0,0
2022,Santa Cruz de Tenerife,1.0,0
2021,Murcia,,0
2021,Valladolid,6.0,0
2023,Palencia,10.0,0
2022,Zaragoza,9.0,0
2021,Ávila,,0
2022,Granada,9.0,0
2025,Cáceres,,0
2020,Ceuta,10.0,0
2024,Zaragoza,7.0,0
2022,Teruel,2.0,0
2021,Salamanca,1.0,0
2021,Santa Cruz de Tenerife,7.0,0
2025,Castellón,8.0,0
2026,Las Palmas,2.0,0
2024,Melilla,1.0,0
2022,Santa Cruz de Tenerife,,0
2021,Madrid,,0
2021,Córdoba,10.0,0
2023,Huesca,9.0,0
2021,Ávila,4.0,0
2023,Granada,,0
2023,Huelva,1.0,0
2025,Pontevedra,9.0,0
2020,Huelva,2.0,0
2020,Guadalajara,3.0,0
2019,Sevilla,,0
2019,Burgos,4.0,0
2019,Teruel,5.0,0
2021,Girona,2.0,0
2024,Granada,9.0,0
2020,Valencia,,0
2019,Albacete,,0
2022,Salamanca,,0
2019,Pontevedra,5.0,0
2020,Albacete,,0
2021,Navarra,4.0,0
2020,Málaga,5.0,0
2026,Granada,6.0,0
2022,Valladolid,4.0,0
2024,Salamanca,4.0,0
2023,Burgos,8.0,0
2025,Orense,5.0,0
2023,Islas Baleares,9.0,0
2019,Santa Cruz de Tenerife,,0
2024,Tarragona,,0
2024,Ciudad Real,,0
2022,Soria,10.0,0
2020,Teruel,9.0,0
2022,Granada,10.0,0
2023,Tarragona,10.0,0
2020,Zamora,10.0,0
2020,Lugo,10.0,0
2021,Girona,3.0,0
2019,Cuenca,,0
2019,Lleida,3.0,0
2021,La Rioja,4.0,0
2026,Segovia,8.0,0
2021,Lleida,4.0,0
2026,Jaén,7.0,0
2019,Soria,7.0,0
2020,Córdoba,8.0,0
2021,Santa Cruz de Tenerife,,0
2020,Badajoz,10.0,0
2022,Melilla,,0
2020,Valencia,2.0,0
2019,Guadalajara,9.0,0
2024,Salamanca,1.0,0
2025,Cuenca,,0
2020,Las Palmas,10.0,0
2021,Vizcaya,6.0,0
2020,Navarra,,0
2024,Albacete,5.0,0
2025,Las Palmas,1.0,0
2022,Orense,4.0,0
2026,Valencia,9.0,0
2025,Palencia,4.0,0
2019,Badajoz,8.0,0
2021,Ciudad Real,10.0,0
2019,Cuenca,,0
2020,Teruel,3.0,0
2024,La Rioja,8.0,0
2021,Girona,5.0,0
2023,Albacete,,0
2022,Madrid,,0
2022,La Coruña,8.0,0
2025,Islas Baleares,8.0,0
2020,Murcia,8.0,0
2019,La Rioja,8.0,0
2024,Girona,4.0,0
2025,Tarragona,8.0,0
2019,Ávila,10.0,0
2022,Málaga,4.0,0
2020,Jaén,10.0,0
2022,León,9.0,0
2025,Burgos,1.0,0
2022,Cádiz,1.0,0
2019,Cáceres,,0
2020,Cuenca,1.0,0
2020,Pontevedra,4.0,0
2023,Cantabria,4.0,0
2022,Palencia,1.0,0
2022,Vizcaya,8.0,0
2023,Valencia,5.0,0
2019,Burgos,8.0,0
2022,Almería,9.0,0
2021,Albacete,10.0,0
2022,Badajoz,10.0,0
2021,Cantabria,,0
2024,Burgos,5.0,0
2020,Segovia,,0
2023,Zaragoza,1.0,0
2019,Tarragona,10.0,0
2019,Cantabria,3.0,0
2023,Castellón,2.0,0
2025,Cantabria,1.0,0
2021,Santa Cruz de Tenerife,9.0,0
2020,Burgos,7.0,0
2025,Palencia,3.0,0
2025,Santa Cruz de Tenerife,7.0,0
2020,Navarra,9.0,0
2024,Cáceres,4.0,0
2022,Las Palmas,,0
2025,Toledo,4.0,0
2023,Sevilla,10.0,0
2023,Zamora,10.0,0
2021,Ceuta,6.0,0
2019,Jaén,1.0,0
2024,León,10.0,0
2025,Barcelona,8.0,0
2024,Girona,7.0,0
2025,Santa Cruz de Tenerife,5.0,0
2025,Teruel,10.0,0
2021,Valencia,6.0,0
2019,Santa Cruz de Tenerife,5.0,0
2019,Segovia,2.0,0
2025,Valencia,8.0,0
2024,Valladolid,3.0,0
2020,Cantabria,6.0,0
2020,León,8.0,0
2024,Ávila,8.0,0
2023,La Rioja,7.0,0
2025,Navarra,3.0,0
2022,Álava,8.0,0
2023,Huelva,7.0,0
2022,Tarragona,4.0,0
2020,Lleida,,0
2025,Albacete,5.0,0
2024,Melilla,,0
2022,Palencia,6.0,0
2023,Cádiz,3.0,0
2021,Guipúzcoa,5.0,0
2024,Cantabria,9.0,0
2024,Vizcaya,9.0,0
2021,Santa Cruz de Tenerife,6.0,0
2021,Santa Cruz de Tenerife,7.0,0
2021,Barcelona,10.0,0
2026,Orense,7.0,0
2024,Santa Cruz de Tenerife,2.0,0
2019,Granada,9.0,0
2021,Jaén,,0
2019,Huesca,8.0,0
2020,Madrid,1.0,0
2025,Jaén,9.0,0
2021,Valencia,7.0,0
2023,Madrid,4.0,0
2020,Guipúzcoa,,0
2020,Granada,,0
2019,Huesca,3.0,0
2020,Zamora,5.0,0
2025,León,10.0,0
2023,Ciudad Real,9.0,0
2025,Teruel,,0
2021,Guadalajara,6.0,0
2021,Lugo,,0
2020,Navarra,3.0,0
2024,Huelva,3.0,0
2022,Zaragoza,3.0,0
2025,La Rioja,,0
2019,Almería,8.0,0
2019,Álava,3.0,0
2022,Pontevedra,7.0,0
2023,Huesca,7.0,0
2022,Toledo,,0
2022,Tarragona,7.0,0
2022,Valencia,4.0,0
2023,Tarragona,,0
2026,Jaén,3.0,0
2022,Navarra,10.0,0
2019,Girona,3.0,0
2024,Castellón,2.0,0
2024,Islas Baleares,,0
2023,Ceuta,6.0,0
2020,Madrid,5.0,0
2025,Teruel,,0
2023,Cáceres,6.0,0
2021,Badajoz,8.0,0
2026,Álava,4.0,0
2019,Alicante,6.0,0
2026,Castellón,7.0,0
2020,Badajoz,3.0,0
2021,Almería,8.0,0
2020,Segovia,9.0,0
2025,Cuenca,6.0,0
2022,Vizcaya,3.0,0
2022,Ciudad Real,5.0,0
2023,Lugo,7.0,0
2020,Huesca,6.0,0
2020,Pontevedra,6.0,0
2025,Madrid,8.0,0
2025,Palencia,,0
2025,Guipúzcoa,9.0,0
2023,Zaragoza,7.0,0
2023,Soria,1.0,0
2019,Toledo,,0
2020,Burgos,,0
2024,Murcia,7.0,0
2020,Valladolid,5.0,0
2020,La Coruña,,0
2021,Murcia,10.0,0
2021,Barcelona,9.0,0
2023,Valencia,,0
2021,Badajoz,3.0,0
2021,Albacete,3.0,0
2023,Madrid,1.0,0
2024,Salamanca,8.0,0
2020,Ávila,4.0,0
2020,La Rioja,10.0,0
2022,Granada,10.0,0
2025,Sevilla,1.0,0
2023,Burgos,6.0,0
2023,Guadalajara,,0
2020,Guipúzcoa,6.0,0
2020,Lleida,,0
2019,Girona,,0
2023,Girona,6.0,0
2024,Segovia,3.0,0
2023,Santa Cruz de Tenerife,5.0,0
2022,Alicante,10.0,0
2020,Lleida,,0
2023,Guadalajara,10.0,0
2022,Pontevedra,1.0,0
2024,Valencia,4.0,0
2021,Málaga,4.0,0
2020,Girona,3.0,0
2024,León,9.0,0
2024,La Coruña,5.0,0
2025,Zaragoza,3.0,0
2022,Zamora,,0
2021,Cádiz,2.0,0
2020,Barcelona,4.0,0
2019,Cuenca,3.0,0
2026,Toledo,5.0,0
2020,La Rioja,,0
2022,Burgos,8.0,0
2025,Jaén,7.0,0
2021,Guadalajara,3.0,0
2019,Girona,7.0,0
2023,Huesca,8.0,0
2019,Córdoba,5.0,0
2019,Las Palmas,,0
2023,Barcelona,6.0,0
2021,Girona,7.0,0
2025,Córdoba,,0
2025,Guipúzcoa,5.0,0
2021,Zaragoza,10.0,0
2019,Soria,8.0,0
2023,Guipúzcoa,9.0,0
2022,Álava,,0
2022,León,8.0,0
2022,Huesca,7.0,0
2021,Santa Cruz de Tenerife,,0
2020,Teruel,1.0,0
2022,Asturias,1.0,0
2020,Murcia,7.0,0
2020,Guadalajara,5.0,0
2021,Soria,10.0,0
2023,Toledo,,0
2021,Alicante,4.0,0
2020,Santa Cruz de Tenerife,8.0,0
2021,Barcelona,,0
2025,Ciudad Real,1.0,0
2020,Cáceres,9.0,0
2022,Salamanca,,0
2021,Guipúzcoa,6.0,0
2021,Burgos,10.0,0
2022,Vizcaya,2.0,0
2023,Castellón,8.0,0
2026,Zamora,10.0,0
2024,Ciudad Real,2.0,0
2022,Málaga,,0
2019,Murcia,,0
2025,La Coruña,,0
2022,Teruel,2.0,0
2019,Asturias,8.0,0
2025,Burgos,,0
2021,Huesca,2.0,0
2023,Granada,5.0,0
2021,Málaga,10.0,0
2024,Valladolid,8.0,0
2020,Orense,7.0,0
2020,Murcia,,0
2026,Palencia,1.0,0
2019,Ceuta,,0
2023,Madrid,9.0,0
2019,Santa Cruz de Tenerife,1.0,0
2021,Teruel,9.0,0
2024,Murcia,,0
2022,Burgos,10.0,0
2026,Teruel,,0
2021,Pontevedra,4.0,0
2019,Cádiz,7.0,0
2019,Burgos,5.0,0
2019,Cádiz,6.0,0
2024,Cantabria,9.0,0
2021,Castellón,9.0,0
2021,Santa Cruz de Tenerife,5.0,0
2020,Córdoba,5.0,0
2024,Jaén,7.0,0
2023,Cáceres,7.0,0
2019,Albacete,1.0,0
2023,Lleida,,0
2023,Girona,,0
2024,Lleida,6.0,0
2022,Lleida,9.0,0
2024,Cuenca,8.0,0
2021,Las Palmas,,0
2024,Sevilla,7.0,0
2023,Las Palmas,,0
2019,Segovia,4.0,0
2020,Cantabria,,0
2020,Tarragona,,0
2025,Ciudad Real,7.0,0
2019,Melilla,,0
2019,Alicante,9.0,0
2020,Toledo,7.0,0
2021,Córdoba,6.0,0
2021,Badajoz,2.0,0
2019,Lugo,10.0,0
2026,Cáceres,3.0,0
2025,Sevilla,4.0,0
2021,Islas Baleares,8.0,0
2022,Soria,,0
2022,Huelva,,0
2019,Zamora,4.0,0
2021,Valladolid,7.0,0
2020,Burgos,10.0,0
2019,Guipúzcoa,,0
2024,Huesca,10.0,0
2023,Vizcaya,,0
2022,Cáceres,1.0,0
2022,Girona,7.0,0
2019,León,,0
2026,Huelva,3.0,0
2019,Tarragona,,0
2020,Badajoz,,0
2019,Barcelona,,0
2022,Toledo,3.0,0
2026,Murcia,5.0,0
2025,Cantabria,,0
2023,Santa Cruz de Tenerife,2.0,0
